word,valence,positive,negative,joy,sadness,anger,fear,trust,anticipation,surprise,disgust
a distancia,-0.5,0,1,0,0,0,0,0,0,0,0
a hurtadillas,0.0,0,0,0,0,0,0,0,0,1,0
a la deriva,-0.5,0,1,0,1,0,1,0,1,0,0
a la fuerza,-0.5,0,1,0,0,1,1,0,0,0,0
a prueba de balas,0.5,1,0,0,0,0,0,0,0,0,0
a prueba de la intemperie,0.5,1,0,0,0,0,0,0,0,0,0
a regañadientes,-0.5,0,1,0,0,0,0,0,0,0,0
abad,0.0,0,0,0,0,0,0,1,0,0,0
abandona,-0.4,0,0,0,0,0,0,0,0,0,0
abandonada,-0.4,0,1,0,1,1,1,0,0,0,1
abandonado,-0.4,0,1,0,1,1,1,0,0,0,1
abandonar,-0.4,0,1,0,1,0,1,0,0,0,0
abandono,-0.5,0,1,0,1,1,1,0,0,1,0
abastecer,0.5,1,0,0,0,0,0,0,0,0,0
abatida,-0.6,0,0,0,0,0,0,0,0,0,0
abatido,-0.6,0,0,0,0,0,0,0,0,0,0
abba,0.5,1,0,0,0,0,0,0,0,0,0
abedul,-0.5,0,1,0,0,1,1,0,0,0,1
abeja,0.0,0,0,0,0,1,1,0,0,0,0
aberración,-0.5,0,1,0,0,0,0,0,0,0,1
aberrante,-0.5,0,1,0,0,0,0,0,0,0,0
abierto,0.0,0,0,0,0,0,1,0,0,0,0
abismal,-0.5,0,1,0,1,0,0,0,0,0,0
abismo,-0.5,0,1,0,1,0,1,0,0,0,0
abogacía,0.5,1,0,1,0,1,0,1,1,0,0
abogada,0.0,1,1,0,0,1,1,1,0,0,1
abogado,0.0,1,1,0,0,1,1,1,0,0,1
abolición,-0.5,0,1,0,0,0,0,0,0,0,0
abolir,-0.5,0,1,0,0,1,0,0,0,0,0
abollada,-0.5,0,1,0,1,0,1,0,0,0,0
abollado,-0.5,0,1,0,1,0,1,0,0,0,0
abominable,-0.5,0,1,0,0,0,1,0,0,0,1
abominación,-0.5,0,1,0,0,1,1,0,0,0,1
aborda,0.2,0,0,0,0,0,0,0,0,0,0
abordo,0.2,0,0,0,0,0,0,0,0,0,0
aborrece,-0.6,0,0,0,0,0,0,0,0,0,0
aborrecer,-0.6,0,1,0,0,1,1,0,0,0,1
aborrecible,-0.6,0,1,0,0,1,1,0,0,0,1
aborrecida,-0.6,0,0,0,0,0,0,0,0,0,0
aborrecido,-0.6,0,0,0,0,0,0,0,0,0,0
abortar,-0.5,0,1,0,0,0,0,0,0,0,0
abortivo,-0.5,0,1,0,1,0,0,0,0,0,0
aborto,-0.5,0,1,0,1,0,1,0,0,0,1
aborto espontáneo,-0.5,0,1,0,1,0,1,0,0,0,0
abrasador,-0.5,0,1,0,0,1,0,0,0,0,0
abrasión,-0.5,0,1,0,0,0,0,0,0,0,0
abraza,0.4,0,0,0,0,0,0,0,0,0,0
abrazo,0.4,1,0,1,0,0,0,1,1,1,0
abrazos,0.4,0,0,0,0,0,0,0,0,0,0
abriga,0.4,0,0,0,0,0,0,0,0,0,0
abrigo,0.5,1,0,0,0,0,0,1,0,0,0
abrogar,-0.5,0,1,0,0,0,0,0,0,0,0
abrumada,-0.5,0,1,0,1,0,0,0,0,0,0
abrumado,-0.5,0,1,0,1,0,0,0,0,0,0
abrumador,0.0,1,1,0,0,1,1,0,0,0,0
abrumar,-0.5,0,1,0,0,0,0,0,0,0,0
abrupto,0.0,0,0,0,0,0,0,0,0,1,0
absceso,-0.5,0,1,0,1,0,0,0,0,0,0
absentismo,-0.5,0,1,0,0,0,0,0,0,0,0
absolución,0.5,1,0,1,0,0,0,1,0,0,0
absoluto,0.5,1,0,0,0,0,0,0,0,0,0
absolver,0.4,0,0,0,0,0,0,0,0,0,0
absolvienda,0.4,0,0,0,0,0,0,0,0,0,0
absolviendo,0.4,0,0,0,0,0,0,0,0,0,0
absorbida,0.2,1,0,0,0,0,0,0,0,0,0
absorbido,0.2,1,0,0,0,0,0,0,0,0,0
absorta,0.2,0,0,0,0,0,0,0,0,0,0
absorto,0.2,0,0,0,0,0,0,0,0,0,0
absueltas,0.4,0,0,0,0,0,0,0,0,0,0
absueltos,0.4,0,0,0,0,0,0,0,0,0,0
absuelve,0.4,0,0,0,0,0,0,0,0,0,0
absurda,-0.5,0,1,0,1,0,0,0,0,0,1
absurdo,-0.5,0,1,0,1,0,0,0,0,0,1
abucheo,-0.5,0,1,0,0,0,0,0,0,0,0
abuela,0.5,1,0,0,0,0,0,0,0,0,0
abuelo,0.0,0,0,0,0,0,0,1,0,0,0
abundancia,0.0,1,1,1,0,0,0,1,1,0,1
abundancia de nubes,-0.5,0,1,0,0,0,1,0,0,0,0
abundante,0.0,1,1,1,0,0,0,0,1,0,0
aburrida,-0.6,0,1,0,1,0,0,0,0,0,0
aburrido,-0.6,0,1,0,1,0,0,0,0,0,0
aburrimiento,-0.5,0,1,0,1,0,0,0,0,0,0
aburrir,-0.4,0,1,0,0,0,0,0,0,0,0
abusa,-0.6,0,1,0,1,1,1,0,0,0,1
abusada,-0.6,0,0,0,0,0,0,0,0,0,0
abusado,-0.6,0,0,0,0,0,0,0,0,0,0
abusiva,-0.6,0,0,0,0,0,0,0,0,0,0
abusivo,-0.6,0,0,0,0,0,0,0,0,0,0
abuso,-0.6,0,1,0,1,1,1,0,0,0,1
abusos,-0.6,0,0,0,0,0,0,0,0,0,0
abyecta,-0.5,0,1,0,0,0,0,0,0,0,1
abyecto,-0.5,0,1,0,0,0,0,0,0,0,1
academia,0.5,1,0,0,0,0,0,0,0,0,0
académico,0.5,1,0,0,0,0,0,1,0,0,0
acantilada,0.0,0,0,0,0,0,1,0,0,0,0
acantilado,0.0,0,0,0,0,0,1,0,0,0,0
acaparador,-0.4,0,0,0,0,0,0,0,0,0,0
acaparamienta,-0.4,0,0,0,0,0,0,0,0,0,0
acaparamiento,-0.4,0,0,0,0,0,0,0,0,0,0
accesible,0.5,1,0,0,0,0,0,0,0,0,0
accesorio,0.5,1,0,0,0,0,0,0,0,0,0
accidental,-0.4,0,1,0,0,0,1,0,0,1,0
accidentalmente,-0.4,0,0,0,0,0,0,0,0,1,0
accidente,-0.4,0,1,0,1,0,1,0,0,1,0
accidentes,-0.4,0,0,0,0,0,0,0,0,0,0
acción,0.5,1,0,0,0,0,0,0,0,0,0
acción de gracias,0.5,1,0,1,0,0,0,0,0,0,0
accueil,0.5,1,0,0,0,0,0,0,0,0,0
acecha,-0.2,0,0,0,0,0,0,0,0,0,0
acechanda,-0.2,0,0,0,0,0,0,0,0,0,0
acechando,-0.2,0,0,0,0,0,0,0,0,0,0
acechar,-0.5,0,1,0,0,0,0,0,0,0,0
acecho,-0.2,0,1,0,0,0,0,0,0,0,0
acelerador,-0.5,0,1,0,0,1,0,0,0,0,0
acelerar,0.0,0,0,0,0,0,0,0,1,0,0
acepta,0.2,0,0,0,0,0,0,0,0,0,0
aceptable,0.5,1,0,0,0,0,0,0,0,0,0
aceptación,0.5,1,0,0,0,0,0,0,0,0,0
aceptada,0.2,0,0,0,0,0,0,0,0,0,0
aceptado,0.2,0,0,0,0,0,0,0,0,0,0
aceptar,0.2,0,0,0,0,0,0,0,0,0,0
achispada,-0.5,0,1,0,0,0,0,0,0,0,0
achispado,-0.5,0,1,0,0,0,0,0,0,0,0
acidez,-0.5,0,1,0,0,0,0,0,0,0,0
aclamaciones,0.4,0,0,0,0,0,0,0,0,0,0
aclara,0.4,0,0,0,0,0,0,0,0,0,0
aclarar,0.5,1,0,1,0,0,0,1,0,1,0
acogedor,0.5,1,0,0,0,0,0,0,0,0,0
acompañamiento,0.5,1,0,1,0,0,0,1,1,0,0
aconsejable,0.5,1,0,0,0,0,0,1,0,0,0
aconsejada,0.0,0,0,0,0,0,0,1,0,0,0
aconsejado,0.0,0,0,0,0,0,0,1,0,0,0
acontecer,-0.5,0,1,0,0,0,0,0,0,0,0
acosa,-0.4,0,0,0,0,0,0,0,0,0,0
acosada,-0.4,0,0,0,0,0,0,0,0,0,0
acosado,-0.4,0,0,0,0,0,0,0,0,0,0
acosar,-0.5,0,1,0,1,1,0,0,0,0,1
acoso,-0.4,0,1,0,1,1,1,0,0,0,1
acostada,-0.5,0,1,0,0,1,0,0,0,0,1
acostado,-0.5,0,1,0,0,1,0,0,0,0,1
acre,-0.5,0,1,0,0,0,0,0,0,0,1
acreditada,0.5,1,0,0,0,0,0,1,0,0,0
acreditado,0.5,1,0,0,0,0,0,1,0,0,0
acreedor hipotecario,0.0,0,0,0,0,0,0,1,0,0,0
acribillada,-0.5,0,1,0,0,0,0,0,0,0,0
acribillado,-0.5,0,1,0,0,0,0,0,0,0,0
acróbata,0.5,1,0,1,0,0,1,1,0,0,0
actitud,-0.5,0,1,0,0,0,0,0,0,0,0
activa,0.4,0,0,0,0,0,0,0,0,0,0
activo,0.4,0,0,0,0,0,0,0,0,0,0
acuchillada,-0.4,0,0,0,0,0,0,0,0,0,0
acuchillado,-0.4,0,0,0,0,0,0,0,0,0,0
acuerda,0.2,1,0,0,0,0,0,1,0,0,0
acuerdo,0.2,1,0,0,0,0,0,1,0,0,0
acuoso,-0.5,0,1,0,0,0,0,0,0,0,0
acusa,-0.4,0,0,0,0,0,0,0,0,0,0
acusaciones,-0.4,0,0,0,0,0,0,0,0,0,0
acusación,-0.4,0,1,0,1,1,1,0,0,0,1
acusada,-0.4,0,1,0,1,1,1,0,0,0,0
acusado,-0.4,0,1,0,1,1,1,0,0,0,0
acusador,-0.5,0,1,0,0,1,1,0,0,0,0
acusanda,-0.4,0,0,0,0,0,0,0,0,0,0
acusando,-0.4,0,1,0,0,1,1,0,0,0,0
acusar,-0.4,0,0,0,0,0,0,0,0,0,0
acusativo,-0.5,0,1,0,0,0,0,0,0,0,0
adaptable,0.5,1,0,0,0,0,0,0,0,0,0
adaptar,0.5,1,0,0,0,0,0,0,0,0,0
adecuación,0.5,1,0,0,0,0,0,0,0,0,0
adecuada,0.2,1,0,1,0,0,0,1,1,0,0
adecuado,0.2,1,0,1,0,0,0,1,1,0,0
adelantar,-0.5,0,1,0,0,0,0,0,0,0,0
adelante,0.5,1,0,0,0,0,0,0,0,0,0
adelanto,0.5,1,0,0,0,0,0,0,0,0,0
adepto,0.5,1,0,0,0,0,0,0,0,0,0
adherida,0.0,0,0,0,0,0,0,1,0,0,0
adherido,0.0,0,0,0,0,0,0,1,0,0,0
adherirse,0.0,0,0,0,0,0,1,0,0,0,0
adiccion,-0.5,0,1,0,0,0,0,0,0,0,0
adiposo,-0.5,0,1,0,0,0,0,0,0,0,0
adivinar,0.0,0,0,0,0,0,0,0,0,1,0
adiós,0.0,0,0,0,0,0,0,0,1,0,0
adjunto,0.5,1,0,0,0,0,0,0,0,0,0
adjunto archivo,0.5,1,0,0,0,0,0,0,0,0,0
administración,0.5,1,0,0,0,0,0,1,0,0,0
administrativo,0.0,0,0,0,0,0,0,1,0,0,0
admira,0.6,0,0,0,0,0,0,0,0,0,0
admirable,0.5,1,0,1,0,0,0,1,0,0,0
admiración,0.5,1,0,1,0,0,0,1,0,0,0
admirador,0.5,1,0,0,0,0,0,0,0,0,0
admirar,0.6,1,0,0,0,0,0,1,0,0,0
admirativa,0.6,0,0,0,0,0,0,0,0,0,0
admirativo,0.6,0,0,0,0,0,0,0,0,0,0
admisible,0.5,1,0,0,0,0,0,1,0,0,0
admite,-0.2,0,0,0,0,0,0,0,0,0,0
admitir,-0.2,0,0,0,0,0,0,0,0,0,0
adoctrina,-0.4,0,0,0,0,0,0,0,0,0,0
adoctrinadas,-0.4,0,0,0,0,0,0,0,0,0,0
adoctrinados,-0.4,0,0,0,0,0,0,0,0,0,0
adoctrinamiento,-0.5,0,1,0,0,1,1,0,0,0,0
adoctrinar,-0.4,0,0,0,0,0,0,0,0,0,0
adolescentes,0.0,1,1,0,0,0,0,0,0,0,0
adopta,0.2,0,0,0,0,0,0,0,0,0,0
adoptar,0.2,0,0,0,0,0,0,0,0,0,0
adora,0.6,0,0,0,0,0,0,0,0,0,0
adorable,0.6,1,0,1,0,0,0,0,0,0,0
adoración,0.5,1,0,1,0,0,0,1,0,0,0
adorada,0.6,0,0,0,0,0,0,0,0,0,0
adorado,0.6,0,0,0,0,0,0,0,0,0,0
adorar,0.6,1,0,1,0,0,0,1,1,0,0
adornada,0.5,1,0,0,0,0,0,0,0,0,0
adornado,0.5,1,0,0,0,0,0,0,0,0,0
adornar,-0.5,0,1,0,0,0,0,0,0,0,0
adornos,-0.5,0,1,0,0,0,0,0,0,0,0
adquirir,0.5,1,0,0,0,0,0,0,0,0,0
adquisidor,0.5,1,0,0,0,0,0,0,1,0,0
adular,-0.5,0,1,0,0,0,0,0,0,0,0
adulterio,-0.5,0,1,0,1,0,0,0,0,0,1
adversario,-0.5,0,1,0,0,1,1,0,1,0,1
adversidad,-0.5,0,1,0,1,1,1,0,0,0,0
adverso,-0.5,0,1,0,1,1,1,0,0,0,1
advertencia,-0.6,0,0,0,0,0,1,0,0,0,0
advertencias,-0.6,0,0,0,0,0,0,0,0,0,0
advertida,0.0,0,0,0,0,0,1,0,0,0,0
advertido,0.0,0,0,0,0,0,1,0,0,0,0
advertir,-0.4,0,1,0,0,0,1,1,1,1,0
adviento,0.5,1,0,1,0,0,0,1,1,0,0
advierte,-0.4,0,0,0,0,0,0,0,0,0,0
aeropuerto,0.0,0,0,0,0,0,0,0,1,0,0
afable,0.4,1,0,0,0,0,0,0,0,0,0
afecta,0.6,0,0,0,0,0,0,0,0,0,0
afectada,-0.2,0,0,0,0,0,0,0,0,0,0
afectado,-0.2,0,0,0,0,0,0,0,0,0,0
afecto,0.6,1,0,1,0,0,0,1,0,0,0
afeminada,-0.5,0,1,0,0,0,0,0,0,0,0
afeminado,-0.5,0,1,0,0,0,0,0,0,0,0
aficionada,0.4,0,0,0,0,0,0,0,0,0,0
aficionado,0.4,0,0,0,0,0,0,0,0,0,0
afilada,0.2,0,0,0,0,0,0,0,0,0,0
afilado,0.2,0,0,0,0,0,0,0,0,0,0
afilar,0.0,0,0,0,0,1,0,0,1,0,0
afirmación,0.5,1,0,0,0,0,0,0,0,0,0
afirmando,0.5,1,0,0,0,0,0,1,0,0,0
afirmar,0.5,1,0,0,0,0,0,1,0,0,0
afirmativamente,0.4,1,0,0,0,0,0,1,0,0,0
afirmativo,0.5,1,0,0,0,0,0,0,0,0,0
aflicción,-0.5,0,1,0,1,0,1,0,0,0,1
afligida,-0.4,0,1,0,1,0,1,0,0,0,0
afligido,-0.4,0,1,0,1,0,1,0,0,0,0
afligir,-0.5,0,1,0,1,0,1,0,0,0,0
afligirse,-0.5,0,1,0,1,0,1,0,0,0,0
afluencia,0.5,1,0,1,0,0,0,0,0,0,0
afluente,0.5,1,0,0,0,0,0,0,1,0,0
aforo,0.0,0,0,0,0,0,0,1,0,0,0
afortunada,0.4,1,0,0,0,0,0,0,0,0,0
afortunado,0.4,1,0,0,0,0,0,0,0,0,0
afrenta,-0.5,0,1,0,1,1,1,0,0,1,1
afrentada,-0.2,0,0,0,0,0,0,0,0,0,0
afrentado,-0.2,0,0,0,0,0,0,0,0,0,0
afán,0.5,1,0,1,0,0,0,1,1,0,0
aga,0.5,1,0,0,0,0,1,1,0,0,0
agacharse,0.0,0,0,0,0,0,1,0,0,0,0
agarrar,-0.5,0,1,0,0,1,0,0,0,0,0
agazapada,-0.5,0,1,0,0,0,1,0,0,0,0
agazapado,-0.5,0,1,0,0,0,1,0,0,0,0
agente de mudanzas,0.5,1,0,0,0,0,0,0,0,0,0
agilidad,0.5,1,0,0,0,0,0,0,0,0,0
agitación,-0.5,0,1,0,0,1,0,0,0,0,0
agitada,-0.5,0,1,0,0,1,0,0,0,0,0
agitado,-0.5,0,1,0,0,1,0,0,0,0,0
agobiada,-0.4,0,0,0,0,0,0,0,0,0,0
agobiado,-0.4,0,0,0,0,0,0,0,0,0,0
agoniza,-0.6,0,0,0,0,0,0,0,0,0,0
agonizada,-0.6,0,0,0,0,0,0,0,0,0,0
agonizado,-0.6,0,0,0,0,0,0,0,0,0,0
agonizante,-0.6,0,1,0,0,0,1,0,0,0,0
agonizar,-0.6,0,0,0,0,0,0,0,0,0,0
agonía,-0.5,0,1,0,1,1,1,0,0,0,0
agosto,0.5,1,0,0,0,0,0,0,0,0,0
agotada,-0.4,0,1,0,1,0,0,0,0,0,0
agotado,-0.4,0,1,0,1,0,0,0,0,0,0
agotador,-0.5,0,1,0,1,1,1,0,0,0,0
agotamiento,-0.5,0,1,0,1,0,0,0,1,0,0
agraciada,0.5,1,0,0,0,0,0,0,0,0,0
agraciado,0.5,1,0,0,0,0,0,0,0,0,0
agradable,0.6,1,0,1,0,0,0,1,1,1,0
agradecida,0.6,1,1,1,0,0,0,0,0,0,0
agradecido,0.6,1,1,1,0,0,0,0,0,0,0
agrava,-0.4,0,0,0,0,0,0,0,0,0,0
agravación,-0.5,0,1,0,0,1,0,0,0,0,1
agravada,-0.4,0,1,0,0,1,0,0,0,0,0
agravado,-0.4,0,1,0,0,1,0,0,0,0,0
agravante,-0.4,0,1,0,1,1,0,0,0,0,0
agravar,-0.4,0,0,0,0,0,0,0,0,0,0
agravio,-0.5,0,1,0,0,0,0,0,0,0,0
agresiones,-0.4,0,0,0,0,0,0,0,0,0,0
agresiva,-0.4,0,0,0,0,0,0,0,0,0,0
agresivo,-0.4,0,1,0,0,1,1,0,0,0,0
agresión,-0.4,0,1,0,0,1,1,0,0,0,0
agresor,-0.2,0,1,0,1,1,1,0,0,1,1
agricultura,0.5,1,0,0,0,0,0,1,0,0,0
agrietada,-0.5,0,1,0,0,1,1,0,0,0,0
agrietado,-0.5,0,1,0,0,1,1,0,0,0,0
agrietamiento,-0.5,0,1,0,0,0,0,0,0,0,0
agrio,-0.5,0,1,0,0,0,0,0,0,0,1
agua sucia,-0.5,0,1,0,0,0,0,0,0,0,1
aguanieve,-0.5,0,1,0,0,0,0,0,0,0,0
aguante,0.4,1,0,0,0,0,0,1,0,0,0
aguas residuales,-0.5,0,1,0,0,0,0,0,0,0,1
agudeza,0.5,1,0,0,0,0,0,0,0,0,0
agudísimo,-0.5,0,1,0,0,0,1,0,0,0,0
aguja,0.5,1,0,0,0,0,0,0,0,0,0
agujereada,-0.5,0,1,0,0,0,0,0,0,0,0
agujereado,-0.5,0,1,0,0,0,0,0,0,0,0
ahoga,-0.4,0,0,0,0,0,0,0,0,0,0
ahogar,-0.4,0,1,0,1,1,1,0,0,0,0
ahogo,-0.4,0,1,0,1,1,0,0,0,0,0
ahogue,-0.4,0,0,0,0,0,0,0,0,0,0
ahorro,0.5,1,0,0,0,0,0,1,0,0,1
ahorros,0.5,1,0,0,0,0,0,0,0,0,0
airada,-0.6,0,1,0,0,1,0,0,0,0,0
airado,-0.6,0,1,0,0,1,0,0,0,0,0
aires,-0.5,0,1,0,0,0,0,0,0,0,1
aislada,-0.2,0,1,0,1,0,1,0,0,0,0
aislado,-0.2,0,1,0,1,0,1,0,0,0,0
aislamiento,-0.5,0,1,0,1,0,0,1,0,0,0
aislar,0.0,0,0,0,1,0,0,0,0,0,0
ajuste,0.2,0,0,0,0,0,0,0,0,0,0
al azar,0.0,0,0,0,0,0,0,0,0,1,0
alabada,0.6,1,0,1,0,0,0,0,0,0,0
alabado,0.6,1,0,1,0,0,0,0,0,0,0
alabanda,0.6,0,0,0,0,0,0,0,0,0,0
alabando,0.6,0,0,0,0,0,0,0,0,0,0
alabanza,0.6,1,0,1,0,0,0,1,0,0,0
alabanzas,0.6,0,0,0,0,0,0,0,0,0,0
alabastro,0.5,1,0,0,0,0,0,0,0,0,0
alarde,0.0,1,1,0,0,0,0,0,0,0,0
alarma,-0.4,0,1,0,0,0,1,0,0,1,0
alarmada,-0.4,0,0,0,0,0,0,0,0,0,0
alarmado,-0.4,0,0,0,0,0,0,0,0,0,0
alarmante,-0.5,0,1,0,0,0,1,0,0,1,0
alarmista,-0.4,0,0,0,0,0,0,0,0,0,0
alarmistas,-0.4,0,0,0,0,0,0,0,0,0,0
alba,0.0,0,0,0,0,0,0,1,0,0,0
albacea,0.0,0,0,0,0,0,0,1,0,0,0
alborada,0.0,0,0,0,0,0,0,0,1,0,0
alborota,-0.4,0,0,0,0,0,0,0,0,0,0
alboroto,-0.4,0,1,0,0,1,1,0,0,0,0
alcalde,0.5,1,0,0,0,0,0,0,0,0,0
alcances,0.2,0,0,0,0,0,0,0,0,0,0
alcantarilla,0.0,0,0,0,0,0,0,0,0,0,1
alcantarillada,-0.5,0,1,0,0,0,0,0,0,0,1
alcantarillado,-0.5,0,1,0,0,0,0,0,0,0,1
alcanzable,0.5,1,0,0,0,0,0,0,1,0,0
alcanzada,0.2,0,0,0,0,0,0,0,0,0,0
alcanzado,0.2,0,0,0,0,0,0,0,0,0,0
alcanzar,0.2,0,0,0,0,0,0,0,0,0,0
alcoholismo,-0.5,0,1,0,1,1,1,0,0,0,1
aldeano,0.5,1,0,0,0,0,0,1,0,0,0
aleccionadora,0.2,0,0,0,0,0,0,0,0,0,0
alegación,-0.5,0,1,0,0,1,0,0,0,0,0
alegar,-0.5,0,1,0,0,0,0,0,0,0,0
alegrarse,0.8,1,0,1,0,0,0,1,1,1,0
alegre,0.6,1,0,1,0,0,0,1,1,1,0
alegremente,0.6,0,0,0,0,0,0,0,0,0,0
alegro,0.5,1,0,0,0,0,0,0,0,0,0
alegría,0.8,1,0,1,0,0,0,1,1,1,0
alejada,-0.5,0,1,0,1,1,1,0,0,0,0
alejado,-0.5,0,1,0,1,1,1,0,0,0,0
alentada,0.4,0,0,0,0,0,0,0,0,0,0
alentado,0.4,0,0,0,0,0,0,0,0,0,0
alentar,0.4,0,0,0,0,0,0,0,0,0,0
alerta,-0.2,0,0,0,0,0,0,0,0,0,0
alertas,0.0,0,0,0,0,0,1,0,1,1,0
alerón,-0.5,0,1,0,1,0,0,0,0,0,0
algarabía,-0.5,0,1,0,0,1,0,0,0,0,0
alguacil,-0.5,0,1,0,0,0,1,1,0,0,0
alguna,0.0,0,0,0,0,0,0,0,0,0,0
alguno,0.0,0,0,0,0,0,0,0,0,0,0
aliada,0.5,1,0,0,0,0,0,1,0,0,0
aliado,0.5,1,0,0,0,0,0,1,0,0,0
alianza,0.0,0,0,0,0,0,0,1,0,0,0
alicaída,-0.4,0,0,0,0,0,0,0,0,0,0
alicaído,-0.4,0,0,0,0,0,0,0,0,0,0
alienación,-0.4,0,1,0,1,1,1,0,0,0,1
alienada,-0.5,0,1,0,1,0,0,0,0,0,0
alienado,-0.5,0,1,0,1,0,0,0,0,0,0
alienta,0.4,0,0,0,0,0,0,0,0,0,0
alimañas,-0.5,0,1,0,0,1,1,0,0,0,1
alimentación,0.5,1,0,0,0,0,0,0,0,0,0
alimento,0.5,1,0,0,0,0,0,0,0,0,0
alivia,0.4,0,0,0,0,0,0,0,0,0,0
aliviada,0.6,0,0,0,0,0,0,0,0,0,0
aliviado,0.6,0,0,0,0,0,0,0,0,0,0
aliviar,0.2,1,0,0,0,0,0,0,0,0,0
alivio,0.4,1,0,0,0,0,0,0,0,0,0
alma,0.5,1,0,0,0,0,0,0,0,0,0
alma gemela,-0.5,0,1,0,0,0,1,0,0,0,0
almacenar,0.5,1,0,0,0,0,0,0,1,0,0
almirante,0.5,1,0,0,0,0,0,1,0,0,0
almohada,0.5,1,0,0,0,0,0,0,0,0,0
almohadilla,0.5,1,0,0,0,0,0,0,0,0,0
aloha,0.5,1,0,1,0,0,0,0,1,0,0
alojamiento,0.5,1,0,0,0,0,0,1,0,0,0
alquiler,0.5,1,0,1,0,0,0,1,1,0,0
alquitranada,-0.5,0,1,0,0,0,0,0,0,0,0
alquitranado,-0.5,0,1,0,0,0,0,0,0,0,0
alta burguesía,0.5,1,0,0,0,0,0,1,0,0,0
altercada,-0.5,0,1,0,0,1,0,0,0,0,0
altercado,-0.5,0,1,0,0,1,0,0,0,0,0
altruista,0.5,1,0,0,0,0,0,0,0,0,0
alucinación,-0.5,0,1,0,0,0,1,0,0,0,0
alérgica,-0.4,0,0,0,0,0,0,0,0,0,0
alérgico,-0.4,0,0,0,0,0,0,0,0,0,0
amabilidad,0.5,1,0,1,0,0,0,1,0,0,0
amable,0.6,1,1,1,0,0,0,1,0,0,0
amada,0.6,0,0,0,0,0,0,0,0,0,0
amado,0.6,0,0,0,0,0,0,0,0,0,0
amanecer,0.5,1,0,1,0,0,0,1,1,1,0
amanerada,0.5,1,0,0,0,0,0,0,0,0,0
amanerado,0.5,1,0,0,0,0,0,0,0,0,0
amante,0.0,1,1,1,0,1,0,1,1,0,1
amarga,-0.4,0,0,0,0,0,0,0,0,0,0
amargada,-0.4,0,0,0,0,0,0,0,0,0,0
amargado,-0.4,0,0,0,0,0,0,0,0,0,0
amargamente,-0.4,0,1,0,1,1,0,0,0,0,1
amargo,-0.4,0,0,0,0,0,0,0,0,0,0
amargura,-0.5,0,1,0,1,1,0,0,0,0,1
amarillos,-0.5,0,1,0,0,0,0,0,0,0,0
amarras,0.0,0,0,0,0,0,0,1,0,0,0
ambiciosa,0.4,0,0,0,0,0,0,0,0,0,0
ambicioso,0.4,1,0,1,0,0,0,1,1,0,0
ambición,0.5,1,0,1,0,0,0,1,1,0,0
ambiguo,-0.5,0,1,0,0,0,0,0,0,0,0
ambivalente,-0.2,0,0,0,0,0,0,0,0,0,0
ambulancia,0.0,0,0,0,0,0,1,1,0,0,0
amenaza,-0.4,0,1,0,0,1,1,0,0,0,0
amenazada,-0.4,0,0,0,0,0,0,0,0,0,0
amenazadas,-0.4,0,0,0,0,0,0,0,0,0,0
amenazado,-0.4,0,0,0,0,0,0,0,0,0,0
amenazador,-0.5,0,1,0,0,1,1,0,0,0,0
amenazados,-0.4,0,0,0,0,0,0,0,0,0,0
amenazante,-0.4,0,1,0,0,1,1,0,0,0,1
amenazar,-0.4,0,1,0,0,1,1,0,1,0,0
amenazas,-0.4,0,0,0,0,0,0,0,0,0,0
amenidad,0.5,1,0,0,0,0,0,0,0,0,0
amigo,0.5,1,0,1,0,0,0,1,0,0,0
amistad,0.5,1,0,1,0,0,0,1,0,0,0
amistosa,0.4,0,0,0,0,0,0,0,0,0,0
amistoso,0.4,1,0,1,0,0,0,0,0,0,0
amnesia,-0.5,0,1,0,0,0,0,0,0,0,0
amnistía,0.5,1,0,1,0,0,0,0,0,0,0
amonestación,-0.5,0,1,0,0,0,1,0,0,0,0
amonestada,-0.4,0,0,0,0,0,0,0,0,0,0
amonestado,-0.4,0,0,0,0,0,0,0,0,0,0
amonestar,-0.4,0,0,0,0,0,0,0,0,0,0
amontonar,-0.2,0,0,0,0,0,0,0,0,0,0
amoníaco,0.0,0,0,0,0,0,0,0,0,0,1
amor,0.6,1,0,1,0,0,0,0,0,0,0
amordazada,-0.4,0,0,0,0,0,0,0,0,0,0
amordazado,-0.4,0,0,0,0,0,0,0,0,0,0
amorosa,0.4,0,0,0,0,0,0,0,0,0,0
amoroso,0.4,1,0,1,0,0,0,1,0,0,0
amortiguar,0.5,1,0,0,0,0,0,0,0,0,0
amortización,0.0,0,0,0,0,0,0,1,0,0,0
ampliar,0.2,1,0,0,0,0,0,0,0,0,0
ampolla,-0.5,0,1,0,0,0,0,0,0,0,1
amén,0.5,1,0,1,0,0,0,1,0,0,0
anaconda,-0.5,0,1,0,0,0,1,0,0,0,1
anal,-0.5,0,1,0,0,0,0,0,0,0,0
analfabetisma,-0.4,0,0,0,0,0,0,0,0,0,0
analfabetismo,-0.4,0,0,0,0,0,0,0,0,0,0
analfabeto,-0.5,0,1,0,0,0,0,0,0,0,1
analista,0.5,1,0,0,0,0,0,1,1,0,0
anarquismo,-0.5,0,1,0,0,1,1,0,0,0,0
anarquista,-0.5,0,1,0,0,1,1,0,0,0,0
anarquía,-0.5,0,1,0,0,1,1,0,0,0,0
anatema,-0.5,0,1,0,1,1,1,0,0,0,1
ancestral,0.0,0,0,0,0,0,0,1,0,0,0
ancianos,0.5,1,0,0,0,0,0,1,0,0,0
ancla,0.5,1,0,0,0,0,0,0,0,0,0
anclaje,0.5,1,0,0,1,0,0,0,0,0,0
andamio,-0.5,0,1,0,0,0,1,0,0,0,0
andante,-0.5,0,1,0,0,0,0,0,0,0,0
anexo,-0.5,0,1,0,0,0,0,0,0,0,1
anfetaminas,-0.5,0,1,0,0,0,0,0,0,0,1
angelical,0.5,1,0,1,0,0,0,1,0,0,0
angers,-0.6,0,0,0,0,0,0,0,0,0,0
angina,-0.5,0,1,0,0,0,1,0,0,0,0
anguila,0.0,0,0,0,0,0,1,0,0,0,0
angustia,-0.6,0,1,0,1,1,1,0,0,1,1
angustiada,-0.6,0,0,0,0,0,0,0,0,0,0
angustiado,-0.6,0,0,0,0,0,0,0,0,0,0
angustias,-0.4,0,0,0,0,0,0,0,0,0,0
angustiosa,-0.6,0,0,0,0,0,0,0,0,0,0
angustioso,-0.6,0,1,0,0,1,1,0,0,0,0
anhela,0.2,0,0,0,0,0,0,0,0,0,0
anhelo,0.2,1,1,1,0,0,0,1,1,0,0
animada,0.4,1,0,1,0,0,0,0,0,0,0
animado,0.4,1,0,1,0,0,0,0,0,0,0
animar,0.4,1,0,1,0,0,0,1,1,1,0
animosidad,-0.4,0,1,0,1,1,1,0,0,0,1
aniquilación,-0.5,0,1,0,1,1,1,0,0,0,0
aniquilada,-0.5,0,1,0,1,1,1,0,0,0,0
aniquilado,-0.5,0,1,0,1,1,1,0,0,0,0
aniquilar,-0.5,0,1,0,0,1,1,0,0,0,0
aniversario,0.5,1,0,1,0,0,0,0,0,1,0
anomalía,-0.5,0,1,0,0,0,1,0,0,1,0
anormal,-0.5,0,1,0,0,0,0,0,0,0,1
ansia,-0.2,0,0,0,0,0,0,0,1,0,0
ansiedad,-0.4,0,1,0,1,1,1,0,1,0,0
ansiosa,-0.4,0,1,0,0,0,1,0,1,0,0
ansioso,-0.4,0,1,0,0,0,1,1,1,0,0
antagonismo,-0.5,0,1,0,0,1,0,0,0,0,0
antagonista,-0.4,0,1,0,0,1,0,0,0,0,1
antebrazo,0.0,0,0,0,0,1,0,0,1,0,0
antecristo,-0.5,0,1,0,0,1,1,0,0,0,1
antepasados,0.5,1,0,1,0,0,0,1,0,0,0
anteriormente mencionada,0.5,1,0,0,0,0,0,0,0,0,0
anteriormente mencionado,0.5,1,0,0,0,0,0,0,0,0,0
anti,-0.2,0,0,0,0,0,0,0,0,0,0
antibióticos,0.5,1,0,0,0,0,0,0,0,0,0
anticipación,0.2,0,0,0,0,0,0,0,1,0,0
anticipada,0.0,0,0,0,0,0,0,0,1,0,0
anticipado,0.0,0,0,0,0,0,0,0,1,0,0
anticuada,-0.5,0,1,0,0,0,0,0,0,0,0
anticuado,-0.5,0,1,0,0,0,0,0,0,0,0
antieconómico,-0.5,0,1,0,1,1,0,0,0,0,1
antiguo,0.0,1,1,0,0,0,0,0,0,0,0
antigüedad,0.5,1,0,0,0,0,0,1,0,0,0
antimicótico,0.5,1,0,0,0,0,0,1,0,0,0
antinatural,-0.5,0,1,0,0,0,1,0,0,0,1
antipatía,-0.5,0,1,0,0,1,0,0,0,0,1
antisocial,-0.5,0,1,0,1,1,1,0,0,0,1
antiséptico,0.5,1,0,0,0,0,0,1,0,0,0
antídoto,0.5,1,0,0,0,0,0,1,1,0,0
antítesis,-0.5,0,1,0,0,1,0,0,0,0,0
anudada,-0.5,0,1,0,0,0,0,0,0,0,0
anudado,-0.5,0,1,0,0,0,0,0,0,0,0
anulación,-0.5,0,1,0,1,0,0,0,0,0,0
anular,-0.5,0,1,0,0,0,1,0,0,1,0
anular una hipoteca,-0.5,0,1,0,1,0,1,0,0,0,0
anuncio,0.0,0,0,0,0,0,0,0,1,0,0
anónimo,-0.5,0,1,0,0,0,0,0,0,0,0
apache,-0.5,0,1,0,0,0,1,0,0,0,0
apaciguada,0.4,0,0,0,0,0,0,0,0,0,0
apaciguado,0.4,0,0,0,0,0,0,0,0,0,0
apaciguamienta,0.4,0,0,0,0,0,0,0,0,0,0
apaciguamiento,0.4,0,0,0,0,0,0,0,0,0,0
apaciguar,0.4,0,0,0,0,0,0,0,0,0,0
apagador,-0.5,0,1,0,0,0,0,0,0,0,0
apareja,-0.2,0,0,0,0,0,0,0,0,0,0
aparejada,-0.2,0,0,0,0,0,0,0,0,0,0
aparejado,-0.2,0,0,0,0,0,0,0,0,0,0
aparejo,-0.2,0,0,0,0,0,0,0,0,0,0
aparentemente,-0.5,0,1,0,0,0,0,0,0,0,0
aparición,0.0,0,0,0,0,0,1,0,0,1,0
apasionada,0.4,1,0,1,0,0,0,1,1,0,0
apasionado,0.4,1,0,1,0,0,0,1,1,0,0
apatía,-0.6,0,1,0,1,0,0,0,0,0,0
apelación,0.0,0,0,0,0,0,0,0,1,0,0
apenada,-0.4,0,0,0,0,0,0,0,0,0,0
apenado,-0.4,0,0,0,0,0,0,0,0,0,0
apenar,-0.4,0,0,0,0,0,0,0,0,0,0
apendicitis,-0.5,0,1,0,1,0,1,0,0,0,0
apeshit,-0.6,0,0,0,0,0,0,0,0,0,0
aplaca,0.4,0,0,0,0,0,0,0,0,0,0
aplasta,-0.2,0,0,0,0,0,0,0,0,0,0
aplastada,-0.4,0,1,0,1,1,1,0,0,0,1
aplastante,-0.2,0,1,0,0,1,1,0,0,0,1
aplastar,-0.2,0,1,0,0,1,1,0,0,0,1
aplaude,0.4,0,0,0,0,0,0,0,0,0,0
aplaudida,0.4,0,0,0,0,0,0,0,0,0,0
aplaudienda,0.4,0,0,0,0,0,0,0,0,0,0
aplaudiendo,0.4,0,0,0,0,0,0,0,0,0,0
aplaudir,0.4,1,0,1,0,0,0,1,1,0,0
aplausos,0.4,1,0,1,0,0,0,1,0,1,0
aplazamiento,-0.5,0,1,0,0,0,0,0,0,1,0
aplazar,-0.2,0,1,0,0,0,0,0,0,0,0
aplicación,-0.5,0,1,0,0,0,0,0,0,0,0
aplomo,0.5,1,0,0,0,0,0,0,0,0,0
apocalíptica,-0.4,0,0,0,0,0,0,0,0,0,0
apocalíptico,-0.4,0,0,0,0,0,0,0,0,0,0
apoderada,0.0,0,0,0,0,0,0,1,0,0,0
apoderado,0.0,0,0,0,0,0,0,1,0,0,0
apogeo,0.5,1,0,1,0,0,0,1,1,0,0
apologético,0.5,1,0,0,0,0,0,1,0,0,0
apostólico,0.0,0,0,0,0,0,0,1,0,0,0
apoya,0.4,0,0,0,0,0,0,0,0,0,0
apoyo,0.4,0,0,0,0,0,0,0,0,0,0
aprecia,0.4,0,0,0,0,0,0,0,0,0,0
apreciación,0.4,1,0,1,0,0,0,1,0,0,0
apreciada,0.4,0,0,0,0,0,0,0,0,0,0
apreciado,0.4,0,0,0,0,0,0,0,0,0,0
aprecianda,0.4,0,0,0,0,0,0,0,0,0,0
apreciando,0.4,0,0,0,0,0,0,0,0,0,0
apreciar,0.4,1,0,1,0,0,0,1,1,1,0
aprehender,0.0,0,0,0,0,0,1,0,0,0,0
aprender,0.5,1,0,0,0,0,0,0,0,0,0
aprendiz,0.0,0,0,0,0,0,0,1,0,0,0
aprendizaje,0.5,1,0,0,0,0,0,0,0,0,0
aprensiva,-0.4,0,0,0,0,0,0,0,0,0,0
aprensivo,-0.4,0,1,0,0,0,1,0,1,0,0
apresador,-0.5,0,1,0,0,0,1,0,0,0,0
apresurada,-0.5,0,1,0,0,0,0,0,1,0,0
apresurado,-0.5,0,1,0,0,0,0,0,1,0,0
apretar,0.0,0,0,0,0,1,0,0,0,0,0
aprobación,0.4,1,0,0,0,0,0,1,0,0,0
aprobada,0.4,0,0,0,0,0,0,0,0,0,0
aprobado,0.4,0,0,0,0,0,0,0,0,0,0
aprobar,0.5,1,0,1,0,0,0,1,0,0,0
aprobatorio,0.5,1,0,0,0,0,0,0,0,0,0
apropiación,-0.5,0,1,0,0,0,0,0,0,0,0
apropiada,0.5,1,0,0,0,0,0,0,0,0,0
apropiado,0.5,1,0,0,0,0,0,0,0,0,0
aprovechar,-0.5,0,1,0,0,0,1,0,0,0,0
aprueba,0.4,0,0,0,0,0,0,0,0,0,0
aptitud,0.2,1,0,0,0,0,0,0,0,0,0
apto,0.5,1,0,0,0,0,0,0,0,0,0
apuesto,0.5,1,0,0,0,0,0,0,0,0,0
apuntalar,0.5,1,0,0,0,0,0,0,0,0,0
apática,-0.6,0,0,0,0,0,0,0,0,0,0
apático,-0.6,0,1,0,1,0,0,0,0,0,0
apóstol,0.5,1,0,0,0,0,0,1,0,0,0
arancel,-0.5,0,1,0,0,1,0,0,0,0,1
araña,0.0,0,0,0,0,0,1,0,0,0,1
arbitraje,0.0,0,0,0,0,0,0,0,1,0,0
arcaico,-0.5,0,1,0,0,0,0,0,0,0,0
archivada,-0.5,0,1,0,0,0,0,0,0,0,0
archivado,-0.5,0,1,0,0,0,0,0,0,0,0
ardid,-0.5,0,1,0,0,0,0,0,0,0,0
ardiente,0.2,1,0,1,0,0,0,0,1,0,0
ardor,0.5,1,0,0,0,0,0,0,0,0,0
arduo,-0.5,0,1,0,0,0,0,0,0,0,0
arena,0.5,1,0,0,0,0,0,1,0,0,0
argumentación,0.0,0,0,0,0,1,0,0,0,0,0
argumento,-0.5,0,1,0,0,1,0,0,0,0,0
argumentos,0.0,0,0,0,0,1,0,0,0,0,0
aristocracia,0.5,1,0,0,0,0,0,0,0,0,0
aristocrático,0.5,1,0,0,0,0,0,0,0,0,0
armada,0.0,1,1,0,0,1,1,0,0,0,0
armado,0.0,1,1,0,0,1,1,0,0,0,0
armadura,0.5,1,0,0,0,0,1,1,0,0,0
armamento,-0.5,0,1,0,0,1,1,0,0,0,0
armas de fuego,-0.5,0,1,0,0,1,1,0,0,0,0
armoniosamente,0.5,1,0,1,0,0,0,1,0,0,0
armonía,0.5,1,0,1,0,0,0,1,0,0,0
aroma,0.5,1,0,0,0,0,0,0,0,0,0
arqueología,0.5,1,0,0,0,0,0,0,1,0,0
arquitectura,0.0,0,0,0,0,0,0,1,0,0,0
arrastra,-0.2,0,0,0,0,0,0,0,0,0,0
arrastrada,-0.2,0,0,0,0,0,0,0,0,0,0
arrastrado,-0.2,0,0,0,0,0,0,0,0,0,0
arrastrar,-0.2,0,0,0,0,0,0,0,0,0,0
arrastrarse,-0.5,0,1,0,0,0,0,0,0,0,0
arrebatada,0.5,1,0,1,0,0,0,1,0,1,0
arrebatado,0.5,1,0,1,0,0,0,1,0,1,0
arreglada,-0.2,0,0,0,0,0,0,0,0,0,0
arreglado,-0.2,0,0,0,0,0,0,0,0,0,0
arrepentida,-0.4,0,0,0,0,0,0,0,0,0,0
arrepentido,-0.4,0,0,0,0,0,0,0,0,0,0
arrepentimientos,-0.4,0,0,0,0,0,0,0,0,0,0
arrepentirse,0.5,1,0,0,0,0,1,0,0,0,0
arrestar,-0.4,0,1,0,0,0,0,0,0,0,0
arriesgada,-0.5,0,1,0,0,0,1,0,1,0,0
arriesgado,-0.5,0,1,0,0,0,1,0,1,0,0
arrinconada,-0.4,0,0,0,0,0,0,0,0,0,0
arrinconado,-0.4,0,0,0,0,0,0,0,0,0,0
arrogancia,-0.5,0,1,0,0,0,0,0,0,0,0
arrogante,-0.4,0,1,0,0,1,0,0,0,0,1
arrojar,0.0,0,0,0,0,0,0,0,0,0,1
arrugada,0.0,0,0,0,1,0,0,0,0,0,0
arrugado,0.0,0,0,0,1,0,0,0,0,0,0
arruinada,-0.6,0,1,0,1,1,1,0,0,0,1
arruinado,-0.6,0,1,0,1,1,1,0,0,0,1
arruinanda,-0.4,0,0,0,0,0,0,0,0,0,0
arruinando,-0.4,0,0,0,0,0,0,0,0,0,0
arruinar,-0.4,0,0,0,0,0,0,0,0,0,0
arsenal,0.0,0,0,0,0,0,0,1,0,0,0
arsénico,-0.5,0,1,0,1,0,1,0,0,0,1
arte,0.5,1,0,1,1,0,0,0,1,1,0
artesano,0.5,1,0,0,0,0,0,0,0,0,0
articulación,0.5,1,0,0,0,0,0,0,0,0,0
articular,0.5,1,0,0,0,0,0,0,0,0,0
artillería,-0.5,0,1,0,0,0,1,0,0,0,0
artista,0.5,1,0,0,0,0,0,0,0,0,0
artístico,0.5,1,0,0,0,0,0,0,0,0,0
as,0.5,1,0,0,0,0,0,0,0,0,0
asaltar,-0.5,0,1,0,0,1,1,0,0,1,0
asalto,-0.5,0,1,0,0,1,1,0,0,0,0
asar,-0.5,0,1,0,0,1,0,0,0,0,0
asca,-0.6,0,0,0,0,0,0,0,0,0,0
ascendencia,0.5,1,0,0,0,0,0,0,0,0,0
ascenso,0.5,1,0,0,0,0,0,0,0,0,0
asco,-0.6,0,1,0,1,1,1,0,0,0,1
asegura,0.4,0,0,0,0,0,0,0,0,0,0
asegurada,0.4,0,0,0,0,0,0,0,0,0,0
asegurado,0.4,0,0,0,0,0,0,0,0,0,0
aseguranda,0.2,0,0,0,0,0,0,0,0,0,0
asegurando,0.2,0,0,0,0,0,0,0,0,0,0
asegurar,0.2,1,0,0,0,0,0,1,0,0,0
asentir,0.5,1,0,0,0,0,0,0,0,0,0
asequible,0.5,1,0,1,0,0,0,0,0,0,0
asesina,-0.6,0,0,0,0,0,0,0,0,0,0
asesinar,-0.5,0,1,0,0,1,1,0,0,0,0
asesinata,-0.6,0,0,0,0,0,0,0,0,0,0
asesinato,-0.6,0,1,0,1,1,1,0,0,1,1
asesinatos,-0.6,0,0,0,0,0,0,0,0,0,0
asesino,-0.6,0,1,0,1,1,1,0,0,1,1
asesor,0.0,0,0,0,0,0,0,1,0,0,0
asesorar,0.5,1,0,0,0,0,0,1,0,0,0
asfixia,-0.4,0,1,0,0,1,1,0,0,0,0
asilo,-0.5,0,1,0,0,0,1,0,0,0,0
asimetría,0.0,0,0,0,0,0,0,0,0,0,1
asistencia,0.5,1,0,0,0,0,0,0,1,0,0
asistente,0.5,1,0,0,0,0,0,1,0,0,0
asociación,0.5,1,0,0,0,0,0,1,0,0,0
asociada,0.5,1,0,0,0,0,0,0,0,0,0
asociado,0.5,1,0,0,0,0,0,0,0,0,0
asociar,0.5,1,0,0,0,0,0,1,0,0,0
asombra,0.6,0,0,0,0,0,0,0,0,0,0
asombrada,0.6,0,0,0,0,0,0,0,0,0,0
asombrado,0.6,0,0,0,0,0,0,0,0,0,0
asombrar,0.6,0,0,0,0,0,0,0,0,0,0
asombro,0.4,1,0,1,0,0,0,0,0,1,0
asombrosa,1.0,0,0,0,0,0,0,0,0,0,0
asombrosamente,0.5,1,0,0,0,0,0,0,1,1,0
asombroso,1.0,0,1,0,0,0,0,0,0,0,0
aspereza,-0.5,0,1,0,0,0,0,0,0,0,0
aspiración,0.5,1,0,1,0,0,0,1,1,1,0
aspirar,0.5,1,0,1,0,0,0,0,1,0,0
asquerosa,-0.6,0,0,0,0,0,0,0,0,0,0
asqueroso,-0.6,0,1,0,1,1,1,0,0,0,1
assfucking,-0.8,0,0,0,0,0,0,0,0,0,0
astilla,-0.5,0,1,0,0,0,0,0,0,0,0
astringente,-0.5,0,1,0,0,0,0,0,0,0,0
astronauta,0.5,1,0,0,0,0,0,0,0,0,0
astrólogo,0.5,1,0,0,0,0,0,0,1,0,0
astrónomo,0.5,1,0,0,0,0,0,0,1,0,0
astucia,-0.4,1,1,0,1,1,1,0,0,1,1
astuta,-0.4,0,0,0,0,0,0,0,0,0,0
astuto,-0.4,1,1,0,0,1,1,0,0,0,1
asuntos,0.2,0,0,0,0,0,0,0,0,0,0
asustada,-0.4,0,1,0,0,0,1,0,0,1,0
asustadiza,-0.2,0,0,0,0,0,0,0,0,0,0
asustadizo,-0.2,0,0,0,0,0,0,0,0,0,0
asustado,-0.4,0,1,0,0,0,1,0,0,1,0
asustar,-0.5,0,1,0,1,0,1,0,0,1,0
atacada,-0.2,0,0,0,0,0,0,0,0,0,0
atacado,-0.2,0,0,0,0,0,0,0,0,0,0
ataque,-0.2,0,1,0,0,1,1,0,0,0,0
ataques,-0.2,0,0,0,0,0,0,0,0,0,0
atar,-0.5,0,1,0,0,0,0,0,0,0,0
atascada,-0.4,0,0,0,0,0,0,0,0,0,0
atascado,-0.4,0,0,0,0,0,0,0,0,0,0
ataúd,-0.5,0,1,0,1,0,1,0,0,0,0
atención,0.5,1,0,0,0,0,0,0,0,0,0
atención plena,0.5,1,0,0,0,0,0,0,0,0,0
atento,0.5,1,0,0,0,0,0,1,0,0,0
atenuación,-0.5,0,1,0,1,0,0,0,0,0,0
atenuada,-0.5,0,1,0,0,0,0,0,0,0,0
atenuado,-0.5,0,1,0,0,0,0,0,0,0,0
aterciopelada,0.5,1,0,0,0,0,0,0,0,0,0
aterciopelado,0.5,1,0,0,0,0,0,0,0,0,0
aterosclerosis,-0.5,0,1,0,1,0,1,0,0,0,0
aterrada,-0.4,0,0,0,0,0,0,0,0,0,0
aterrado,-0.4,0,0,0,0,0,0,0,0,0,0
aterrador,-0.6,0,0,0,0,0,0,0,0,0,0
aterrizada,0.5,1,0,0,0,0,0,0,0,0,0
aterrizado,0.5,1,0,0,0,0,0,0,0,0,0
aterronada,-0.5,0,1,0,0,0,0,0,0,0,1
aterronado,-0.5,0,1,0,0,0,0,0,0,0,1
aterroriza,-0.6,0,0,0,0,0,0,0,0,0,0
aterrorizada,-0.6,0,0,0,0,0,0,0,0,0,0
aterrorizado,-0.6,0,0,0,0,0,0,0,0,0,0
aterrorizar,-0.6,0,1,0,1,1,1,0,0,0,0
atestación,0.0,0,0,0,0,0,0,1,0,0,0
atestiguar,0.5,1,0,0,0,0,0,1,0,0,0
ateísmo,-0.5,0,1,0,0,0,0,0,0,0,0
atleta,0.5,1,0,0,0,0,0,0,0,0,0
atlético,0.5,1,0,0,0,0,0,0,0,0,0
atornillada,-0.4,0,1,0,0,1,0,0,0,0,0
atornillado,-0.4,0,1,0,0,1,0,0,0,0,0
atracada,-0.5,0,1,0,0,0,0,0,0,0,0
atracado,-0.5,0,1,0,0,0,0,0,0,0,0
atracar,0.5,1,0,0,0,0,0,0,0,0,0
atracciones,0.4,0,0,0,0,0,0,0,0,0,0
atracción,0.4,1,0,0,0,0,0,0,0,0,0
atractiva,0.6,0,0,0,0,0,0,0,0,0,0
atractivo,0.6,1,0,1,0,0,0,1,1,1,0
atrae,0.2,0,0,0,0,0,0,0,0,0,0
atraer,0.2,0,0,0,0,0,0,0,0,0,0
atrapada,-0.4,0,0,0,0,0,0,0,0,0,0
atrapado,-0.4,0,0,0,0,0,0,0,0,0,0
atrasada,-0.5,0,1,0,1,0,0,0,1,1,0
atrasado,-0.5,0,1,0,1,0,0,0,1,1,0
atrasos,-0.5,0,1,0,0,0,0,0,0,0,0
atrayenda,0.4,0,0,0,0,0,0,0,0,0,0
atrayendo,0.4,0,0,0,0,0,0,0,0,0,0
atraída,0.2,0,0,0,0,0,0,0,0,0,0
atraído,0.2,0,0,0,0,0,0,0,0,0,0
atrevida,0.4,1,0,0,0,0,0,0,0,0,0
atrevido,0.4,1,0,0,0,0,0,0,0,0,0
atrevimiento,0.0,0,0,0,0,0,0,1,1,0,0
atrocidad,-0.5,0,1,0,1,1,1,0,0,0,1
atrofia,-0.5,0,1,0,1,0,1,0,0,0,1
atropella,-0.6,0,0,0,0,0,0,0,0,0,0
atropello,-0.6,0,1,0,0,1,0,0,0,0,1
atroz,-0.5,0,1,0,0,1,0,0,0,0,1
aturdida,-0.4,0,1,0,0,0,1,0,0,1,0
aturdido,-0.4,0,1,0,0,0,1,0,0,1,0
audacia,0.0,1,1,0,0,0,0,0,0,0,0
audaz,0.6,1,0,0,0,0,1,0,0,0,0
audición,-0.5,0,1,0,0,0,1,0,0,0,0
audiencia,0.0,0,0,0,0,0,0,0,1,0,0
auditor,0.0,0,0,0,0,0,1,1,0,0,0
aullida,-0.5,0,1,0,1,1,1,0,0,1,1
aullido,-0.5,0,1,0,1,1,1,0,0,1,1
aumenta,0.2,0,0,0,0,0,0,0,0,0,0
aumentada,0.2,0,0,0,0,0,0,0,0,0,0
aumentado,0.2,0,0,0,0,0,0,0,0,0,0
aumentar,0.2,1,1,0,0,0,1,0,0,0,0
aura,0.5,1,0,0,0,0,0,0,0,0,0
ausencia,-0.4,0,1,0,1,0,1,0,0,0,0
ausente,-0.2,0,1,0,1,0,0,0,0,0,0
ausentes,-0.2,0,0,0,0,0,0,0,0,0,0
austeridad,-0.5,0,1,0,0,0,0,0,0,0,0
austero,-0.5,0,1,0,1,0,1,0,0,0,0
autenticación,0.0,0,0,0,0,0,0,1,0,0,0
autenticar,0.0,0,0,0,0,0,0,1,0,0,0
autenticidad,0.5,1,0,0,0,0,0,1,0,0,0
autobuses,0.5,1,0,1,0,0,0,0,0,0,0
autocrático,-0.5,0,1,0,0,0,0,0,0,0,0
autoengañada,-0.4,0,0,0,0,0,0,0,0,0,0
automático,0.0,0,0,0,0,0,0,1,0,0,0
autopsia,-0.5,0,1,0,1,0,1,0,0,0,1
autor,-0.4,1,1,0,1,1,1,1,0,0,1
autores,-0.4,0,0,0,0,0,0,0,0,0,0
autoridad,0.2,1,0,0,0,0,0,1,0,0,0
autoritario,0.5,1,0,0,0,0,0,1,0,0,0
autorización,0.5,1,0,0,0,0,0,1,0,0,0
autorizada,0.5,1,0,0,0,0,0,1,0,0,0
autorizado,0.5,1,0,0,0,0,0,1,0,0,0
autorizar,0.5,1,0,0,0,0,0,1,0,0,0
auténtico,0.5,1,0,1,0,0,0,1,0,0,0
avalancha,-0.5,0,1,0,1,0,1,0,0,1,0
avanzada,0.2,1,0,0,0,0,1,0,0,0,0
avanzado,0.2,1,0,0,0,0,0,0,0,0,0
avanzar,0.5,1,0,1,0,0,1,0,1,1,0
avaricia,-0.5,0,1,0,0,1,0,0,0,0,1
avaro,-0.5,0,1,0,0,0,0,0,1,0,0
avatar,0.5,1,0,0,0,0,0,0,0,0,0
avecina,-0.2,0,0,0,0,0,0,0,0,0,0
aventura amorosa,0.5,1,0,1,0,0,0,1,1,0,0
aventuras,0.4,1,0,0,0,0,0,0,1,0,0
aventurera,0.4,0,0,0,0,0,0,0,0,0,0
aventurero,0.4,1,0,0,0,0,0,0,0,0,0
avergonzada,-0.4,0,1,0,1,0,0,0,0,0,1
avergonzado,-0.4,0,1,0,1,0,0,0,0,0,1
avergonzar,-0.4,0,1,0,1,0,0,0,0,0,0
aversión,-0.6,0,1,0,0,1,1,0,0,0,1
axed,-0.2,0,0,0,0,0,0,0,0,0,0
axioma,0.0,0,0,0,0,0,0,1,0,0,0
axiomático,0.0,0,0,0,0,0,0,1,0,0,0
ay,-0.2,0,0,0,0,0,0,0,0,0,0
ayuda,0.4,1,0,0,0,0,0,0,0,0,0
ayudando,0.5,1,0,0,0,0,0,0,0,0,0
ayudante,0.5,1,0,0,0,0,0,1,0,0,0
ayudar,0.5,1,0,0,0,0,0,1,0,0,0
azogue,-0.5,0,1,0,0,0,0,0,0,1,0
azotaina,0.0,0,0,0,0,1,0,0,0,0,0
azotar,-0.5,0,1,0,1,1,1,0,0,0,1
azucarada,0.5,1,0,0,0,0,0,0,0,0,0
azucarado,0.5,1,0,0,0,0,0,0,0,0,0
azufre,-0.5,0,1,0,0,1,1,0,0,0,0
azul,0.0,0,0,0,1,0,0,0,0,0,0
azúcar,0.5,1,0,0,0,0,0,0,0,0,0
babear,0.0,0,0,0,0,0,0,0,0,0,1
babosa,-0.5,0,1,0,0,0,0,0,0,0,1
baboso,-0.5,0,1,0,0,0,0,0,0,0,1
babuino,-0.5,0,1,0,0,0,0,0,0,0,1
bachillerato,0.5,1,0,0,0,0,0,0,0,0,0
bacteria,-0.5,0,1,0,0,0,1,0,0,0,1
bacterias,-0.5,0,1,0,1,0,1,0,0,0,1
bala,-0.5,0,1,0,0,0,1,0,0,0,0
balada,0.5,1,0,0,0,0,0,0,0,0,0
balbucear,-0.5,0,1,0,0,0,0,0,0,0,0
balbuceo,-0.5,0,1,0,0,0,0,0,0,0,0
ballet,0.5,1,0,0,0,0,0,0,0,0,0
baloncesto,0.5,1,0,1,0,0,0,0,1,0,0
bamboozles,-0.4,0,0,0,0,0,0,0,0,0,0
bancadas,-0.4,0,0,0,0,0,0,0,0,0,0
bancarrota,-0.5,0,1,0,1,1,1,0,0,0,1
banco,0.0,0,0,0,0,0,0,1,0,0,0
bandera,0.5,1,0,0,0,0,0,0,0,0,0
bandida,-0.5,0,1,0,0,0,0,0,0,0,0
bandido,-0.5,0,1,0,0,0,0,0,0,0,0
bankster,-0.6,0,0,0,0,0,0,0,0,0,0
banquero,0.0,0,0,0,0,0,0,1,0,0,0
banquete,0.5,1,0,1,0,0,0,0,1,0,0
banshee,-0.5,0,1,0,1,1,1,0,0,0,1
barato,0.0,1,1,0,0,0,0,0,0,0,0
barbarie,-0.5,0,1,0,0,0,0,0,0,0,0
barbecho,-0.5,0,1,0,0,0,0,0,0,0,0
barda,0.5,1,0,0,0,0,0,0,0,0,0
bardo,0.5,1,0,0,0,0,0,0,0,0,0
barman,0.0,0,0,0,0,0,0,1,0,0,0
barra,0.5,1,0,0,0,0,1,1,0,0,0
barra oblicua,0.0,0,0,0,0,1,0,0,0,0,0
barranco,0.0,0,0,0,0,0,1,0,0,0,0
barras,-0.4,0,0,0,0,0,0,0,0,0,0
barrera,-0.4,0,1,0,0,1,0,0,0,0,0
barricada,-0.5,0,1,0,0,0,1,0,0,0,0
barrio,0.0,0,0,0,0,0,0,0,1,0,0
barrio bajo,-0.5,0,1,0,0,0,0,0,0,0,1
barro,-0.5,0,1,0,0,0,0,0,0,0,0
base,0.5,1,0,0,0,0,0,1,0,0,0
bastante,0.5,1,0,0,0,0,0,1,0,0,0
bastarda,-1.0,0,1,0,1,0,0,0,0,0,1
bastardas,-1.0,0,0,0,0,0,0,0,0,0,0
bastardo,-1.0,0,1,0,1,0,0,0,0,0,1
bastardos,-1.0,0,0,0,0,0,0,0,0,0,0
bastión,0.5,1,0,0,0,1,0,0,0,0,0
basura,-0.5,0,1,0,1,0,0,0,0,0,1
basurero,-0.5,0,1,0,0,0,0,0,0,0,0
batalla,-0.2,0,1,0,0,1,0,0,0,0,0
batallas,-0.2,0,0,0,0,0,0,0,0,0,0
batallón,0.0,0,0,0,0,1,0,0,0,0,0
batea,0.0,0,0,0,0,0,0,0,1,0,0
batería,-0.5,0,1,0,0,1,0,0,0,0,0
bautismal,0.5,1,0,1,0,0,0,0,0,0,0
bautismo,0.5,1,0,0,0,0,0,0,0,0,0
bayoneta,-0.5,0,1,0,0,1,1,0,0,0,0
bañera,0.5,1,0,0,0,0,0,0,0,0,0
baño,-0.5,0,1,0,0,0,0,0,0,0,1
beatífica,0.6,0,0,0,0,0,0,0,0,0,0
beatífico,0.6,0,0,0,0,0,0,0,0,0,0
bebida,0.0,1,1,0,0,0,0,0,0,0,0
bebida alcohólica,-0.5,0,1,0,0,0,0,0,0,0,0
bebé,0.5,1,0,1,0,0,0,0,0,0,0
beca,0.5,1,0,1,0,0,0,1,0,0,0
becerro,0.5,1,0,1,0,0,0,1,0,0,0
belicoso,-0.5,0,1,0,0,1,1,0,0,0,0
beligerante,-0.5,0,1,0,0,1,1,0,0,0,0
belleza,0.5,1,0,1,0,0,0,0,0,0,0
bellezas,0.6,0,0,0,0,0,0,0,0,0,0
bendecir,0.4,1,0,1,0,0,0,1,1,0,0
bendice,0.4,0,0,0,0,0,0,0,0,0,0
bendiciones,0.5,1,0,1,0,0,0,1,1,1,0
bendición,0.8,1,0,1,0,0,0,1,1,1,0
bendito,0.5,1,0,1,0,0,0,0,0,0,0
benefactor,0.5,1,0,0,0,0,0,1,0,0,0
beneficia,0.4,0,0,0,0,0,0,0,0,0,0
beneficiada,0.4,0,0,0,0,0,0,0,0,0,0
beneficiado,0.4,0,0,0,0,0,0,0,0,0,0
beneficianda,0.4,0,0,0,0,0,0,0,0,0,0
beneficiando,0.4,0,0,0,0,0,0,0,0,0,0
beneficio,0.4,1,0,0,0,0,0,0,0,0,0
beneficios,0.4,0,0,0,0,0,0,0,0,0,0
beneficioso,0.5,1,0,0,0,0,0,0,0,0,0
benevolencia,0.5,1,0,1,0,0,0,1,0,0,0
benigno,0.5,1,0,1,0,0,0,0,0,0,0
bereaves,-0.4,0,0,0,0,0,0,0,0,0,0
bereaving,-0.4,0,0,0,0,0,0,0,0,0,0
besa,0.4,0,0,0,0,0,0,0,0,0,0
beso,0.4,1,0,1,0,0,0,0,1,1,0
bestia,-0.5,0,1,0,0,1,1,0,0,0,0
bestial,-0.5,0,1,0,0,0,1,0,0,0,1
biblioteca,0.5,1,0,0,0,0,0,0,0,0,0
bicho raro,-0.5,0,1,0,0,0,1,0,0,0,0
bien,0.4,0,0,0,0,0,0,0,0,0,0
bien proporcionada,0.5,1,0,0,0,0,0,0,0,0,0
bien proporcionado,0.5,1,0,0,0,0,0,0,0,0,0
bienal,0.0,0,0,0,0,0,0,0,1,0,0
bienes,0.4,1,0,0,0,0,0,0,0,0,0
bienvenida,0.4,1,0,1,0,0,0,0,0,0,0
bienvenido,0.4,1,0,1,0,0,0,0,0,0,0
bilingüe,0.5,1,0,0,0,0,0,0,0,0,0
bilis,-0.5,0,1,0,0,1,0,0,0,0,1
biopsia,-0.5,0,1,0,0,0,1,0,0,0,0
bis,0.5,1,0,0,0,0,0,0,0,0,0
bisturí,-0.5,0,1,0,0,0,1,0,0,0,0
blanco,0.5,1,0,1,0,0,0,1,1,0,0
blancura,0.5,1,0,1,0,0,0,0,0,0,0
blasfemia,-0.5,0,1,0,0,1,0,0,0,0,0
blasfemo,-0.5,0,1,0,0,1,0,0,0,0,1
blindada,0.0,0,0,0,0,0,1,0,0,0,0
blindado,0.0,0,0,0,0,0,1,0,0,0,0
bloquea,-0.2,0,0,0,0,0,0,0,0,0,0
bloquear,-0.2,0,0,0,0,0,0,0,0,0,0
bloqueo,-0.2,0,1,0,1,1,1,0,0,0,0
bloques,-0.2,0,0,0,0,0,0,0,0,0,0
blues,-0.5,0,1,0,1,0,1,0,0,0,0
bluff,-0.5,0,1,0,0,0,0,0,0,0,0
bobo,-0.5,0,1,0,0,0,0,0,0,0,0
boca,0.0,0,0,0,0,0,0,0,0,1,0
bocada,-0.5,0,1,0,0,0,0,0,0,0,1
bocado,-0.5,0,1,0,0,0,0,0,0,0,1
bochornoso,0.5,1,0,0,0,0,0,0,0,0,0
bofetada,-0.5,0,1,0,0,1,0,0,0,1,0
boicoteada,-0.4,0,0,0,0,0,0,0,0,0,0
boicoteado,-0.4,0,0,0,0,0,0,0,0,0,0
boicoteanda,-0.4,0,0,0,0,0,0,0,0,0,0
boicoteando,-0.4,0,0,0,0,0,0,0,0,0,0
boicotear,-0.4,0,1,0,0,0,0,0,0,0,0
boicots,-0.4,0,0,0,0,0,0,0,0,0,0
bola de fuego,0.5,1,0,0,0,0,0,0,0,0,0
bomba,-0.2,0,1,0,1,1,1,0,0,1,0
bombardeada,-0.5,0,1,0,0,0,0,0,0,0,1
bombardeado,-0.5,0,1,0,0,0,0,0,0,0,1
bombardear,-0.5,0,1,0,0,1,1,0,0,0,0
bombardeo,-0.5,0,1,0,1,1,1,0,0,0,0
bombardeo aéreo,0.0,0,0,0,0,0,0,0,0,1,0
bombero,0.0,0,0,0,0,0,0,1,0,0,0
bonanza,0.5,1,0,1,0,0,0,0,0,0,0
bondad,0.6,1,0,1,0,0,0,1,1,1,0
bonita,0.6,1,0,1,0,0,0,1,1,0,0
bonito,0.6,0,0,0,0,0,0,0,0,0,0
bonne,0.5,1,0,0,0,0,0,0,0,0,0
borde,-0.5,0,1,0,0,0,1,0,1,0,0
borra,0.2,0,0,0,0,0,0,0,0,0,0
borracha,-0.4,0,0,0,0,0,0,0,0,0,0
borracho,-0.4,0,1,0,0,0,0,0,0,0,1
borrada,-0.5,0,1,0,0,1,1,0,0,0,0
borrado,-0.5,0,1,0,0,1,1,0,0,0,0
borrador,0.0,0,0,0,0,0,0,0,1,0,0
borrar,-0.5,0,1,0,0,0,1,0,0,0,0
borrosa,-0.4,0,0,0,0,0,0,0,0,0,0
borroso,-0.4,0,1,0,0,0,0,0,0,0,0
bostezando,-0.5,0,1,0,0,0,0,0,0,0,0
bostezo,-0.5,0,1,0,0,0,0,0,0,0,0
bote,0.5,1,0,1,0,0,0,0,1,1,0
botín,-0.5,0,1,0,0,0,0,0,0,0,0
bovino,-0.5,0,1,0,0,0,0,0,0,0,1
boxeo,0.0,0,0,0,0,1,0,0,0,0,0
boya,0.5,1,0,0,0,0,0,0,0,0,0
boyante,0.4,0,0,0,0,0,0,0,0,0,0
bozal,-0.5,0,1,0,0,0,1,0,0,0,0
bragas,0.0,0,0,0,0,0,0,1,0,0,0
braguero,0.0,0,0,0,0,0,0,1,0,0,0
brandy,-0.5,0,1,0,0,0,0,0,0,0,0
bravata,-0.5,0,1,0,0,0,0,0,0,0,0
brecha,-0.5,0,1,0,0,0,0,0,0,0,0
bribón,-0.5,0,1,0,0,1,1,0,0,0,1
brida,0.0,0,0,0,0,0,0,1,0,0,0
brigada,-0.5,0,1,0,0,0,1,0,0,0,0
brilla,0.2,0,0,0,0,0,0,0,0,0,0
brillante,0.8,1,0,1,0,0,0,1,1,0,0
brillar,0.6,1,0,1,0,0,0,1,1,1,0
brillo,0.2,1,0,0,0,0,0,0,0,0,0
brindis,0.5,1,0,1,0,0,0,0,0,0,0
brocada,0.5,1,0,0,0,0,0,0,0,0,0
brocado,0.5,1,0,0,0,0,0,0,0,0,0
broma,0.4,1,1,1,0,0,0,0,0,1,0
bromas,0.5,1,0,0,0,0,0,0,0,0,0
bromista,0.5,1,0,1,0,0,0,0,0,1,0
bronceada,0.5,1,0,0,0,0,0,0,0,0,0
bronceado,0.5,1,0,0,0,0,0,0,0,0,0
bruja,-0.5,0,1,0,0,1,1,0,0,0,1
brujería,-0.5,0,1,0,1,1,1,0,1,1,0
brujo,-0.5,0,1,0,0,1,1,0,0,0,1
brusco,-0.5,0,1,0,0,1,0,0,0,0,1
bruta,-0.4,0,0,0,0,0,0,0,0,0,0
brutal,-0.5,0,1,0,0,1,1,0,0,0,0
brutalidad,-0.5,0,1,0,0,1,1,0,0,0,0
bruto,-0.4,0,1,0,1,1,1,0,0,0,1
brío,0.5,1,0,0,0,0,0,0,0,0,0
brújula,0.0,0,0,0,0,0,0,1,0,0,0
buen,0.6,1,0,1,0,0,0,1,1,1,0
buena,0.6,1,0,1,0,0,0,1,1,1,0
buena voluntad,0.5,1,0,0,0,0,0,0,0,0,0
buenas,0.6,1,0,1,0,0,0,1,1,1,0
bueno,0.6,1,0,1,0,0,0,1,1,1,0
buenos,0.6,1,0,1,0,0,0,1,1,1,0
buffet,-0.5,0,1,0,0,1,0,0,0,0,0
bufida,0.0,0,0,0,1,0,0,0,0,0,0
bufido,0.0,0,0,0,1,0,0,0,0,0,0
bugle,0.0,0,0,0,0,0,0,0,1,0,0
buitre,-0.5,0,1,0,0,0,1,0,0,0,1
bulboso,-0.5,0,1,0,0,0,0,0,0,0,0
buldog,0.5,1,0,0,0,0,0,0,0,0,0
bullicioso,0.0,1,1,1,0,1,0,0,1,0,0
bulto,-0.5,0,1,0,0,0,0,0,0,0,0
bumerang,0.0,0,0,0,0,0,0,1,1,0,0
buque insignia,0.4,0,0,0,0,0,0,1,0,0,0
burdel,-0.5,0,1,0,0,0,0,0,0,0,1
bureada,-0.4,0,0,0,0,0,0,0,0,0,0
bureado,-0.4,0,0,0,0,0,0,0,0,0,0
burke,-0.5,0,1,0,1,1,1,0,0,0,1
burla,-0.4,1,1,0,0,1,0,0,0,0,1
burlada,-0.4,0,0,0,0,0,0,0,0,0,0
burlado,-0.4,0,0,0,0,0,0,0,0,0,0
burlas,-0.5,0,1,0,0,1,1,0,0,0,1
burlesco,0.0,0,0,0,0,0,0,0,0,1,0
burlón,-0.4,0,1,0,1,1,0,0,0,0,1
burocracia,-0.5,0,1,0,0,0,0,1,0,0,0
burra,-0.8,0,0,0,0,0,0,0,0,0,0
burro,-0.8,0,1,0,0,0,0,0,0,0,1
burócrata,-0.5,0,1,0,0,0,0,0,0,0,1
buscar,0.0,0,0,0,0,0,0,0,1,0,0
buscar a tientas,-0.5,0,1,0,0,0,0,0,0,0,0
bálsamo,0.0,1,1,1,0,0,0,0,1,0,0
bárbaro,-0.5,0,1,0,0,1,1,0,0,0,1
bíblico,0.5,1,0,0,0,0,0,0,0,0,0
búnker,0.0,0,0,0,0,0,1,0,0,0,0
búsqueda,0.5,1,0,0,0,0,0,0,1,0,0
caballero,0.0,1,1,0,0,1,1,0,0,0,1
caballería,0.5,1,0,0,0,0,0,0,0,0,0
caballo,0.0,0,0,0,0,0,0,1,0,0,0
cabestro,-0.5,0,1,0,1,1,1,0,0,0,0
cabezas de turca,-0.4,0,0,0,0,0,0,0,0,0,0
cabezas de turco,-0.4,0,0,0,0,0,0,0,0,0,0
cabildea,-0.4,0,0,0,0,0,0,0,0,0,0
cabildeo,-0.4,0,0,0,0,0,0,0,0,0,0
cabildero,-0.5,0,1,0,0,0,0,0,0,0,0
cabizbaja,-0.4,0,0,0,0,0,0,0,0,0,0
cabizbajo,-0.4,0,0,0,0,0,0,0,0,0,0
cable,0.0,0,0,0,0,0,0,0,0,1,0
cabron,-0.8,0,0,0,0,0,0,0,0,0,0
cabrón,-0.6,0,0,0,0,0,0,0,0,0,0
cacofonía,-0.5,0,1,0,0,1,0,0,0,0,1
cadáver,-0.2,0,1,0,1,0,1,0,0,1,1
café,0.5,1,0,0,0,0,0,0,0,0,0
cagada,-0.6,0,0,0,0,0,0,0,0,0,0
cagado,-0.6,0,0,0,0,0,0,0,0,0,0
cajero,0.0,0,0,0,0,0,0,1,0,0,0
calambre,-0.2,0,1,0,0,0,0,0,1,0,0
calamidad,0.0,0,0,0,1,0,0,0,0,0,0
calculador,-0.5,0,1,0,0,0,0,0,0,0,0
calculadora,0.5,1,0,0,0,0,0,1,0,0,0
calentar,0.2,0,0,0,0,0,0,0,0,0,0
calibrar,0.0,0,0,0,0,0,0,1,0,0,0
caliente,0.0,0,0,0,0,1,0,0,0,0,0
calificada,0.5,1,0,0,0,0,0,1,0,0,0
calificado,0.5,1,0,0,0,0,0,1,0,0,0
calificativo,0.5,1,0,0,0,0,0,0,0,0,0
calina,-0.5,0,1,0,0,0,1,0,0,0,0
callada,0.5,1,0,0,1,0,0,0,0,0,0
callado,0.5,1,0,0,1,0,0,0,0,0,0
callejear,-0.5,0,1,0,0,0,0,0,0,0,1
calloso,-0.5,0,1,0,0,1,0,0,0,0,1
calma,0.4,1,0,0,0,0,0,0,1,0,0
calmada,0.4,0,0,0,0,0,0,0,0,0,0
calmado,0.4,0,0,0,0,0,0,0,0,0,0
calmante,0.6,1,0,1,0,0,0,1,0,0,0
calmar,0.6,1,1,0,0,0,0,0,0,0,0
calor,0.4,0,0,0,0,0,0,0,0,0,0
calumnia,-0.5,0,1,0,1,1,0,0,0,0,1
camada,-0.5,0,1,0,0,0,0,0,0,0,0
camarada,0.5,1,0,0,0,0,0,1,0,0,0
cambiable,0.0,0,0,0,0,0,0,0,1,1,0
cambio,0.0,0,0,0,0,0,1,0,0,0,0
camilla,0.0,0,0,0,1,0,1,0,0,0,0
camión,0.0,0,0,0,0,0,0,1,0,0,0
campanero,-0.5,0,1,0,0,1,0,0,0,0,0
campeón,0.5,1,0,1,0,0,0,1,1,0,0
campo de batalla,-0.5,0,1,0,0,0,1,0,0,0,0
camuflada,0.0,0,0,0,0,0,0,0,0,1,0
camuflado,0.0,0,0,0,0,0,0,0,0,1,0
camuflaje,0.0,0,0,0,0,0,0,0,0,1,0
canal,0.0,0,0,0,0,0,0,0,0,0,1
canalla,-0.5,0,1,0,0,1,1,0,0,0,1
canario,0.5,1,0,0,0,0,0,0,0,0,0
cancela,-0.2,0,0,0,0,0,0,0,0,0,0
cancelada,-0.2,0,0,0,0,0,0,0,0,0,0
cancelado,-0.2,0,0,0,0,0,0,0,0,0,0
cancelar,-0.2,0,1,0,1,0,0,0,0,0,0
canciller,0.0,0,0,0,0,0,0,1,0,0,0
cancioneta,0.5,1,0,1,0,0,0,0,0,0,0
candidato,0.5,1,0,0,0,0,0,0,0,0,0
candidez,-0.4,0,0,0,0,0,0,0,0,0,0
canguelo,-0.5,0,1,0,1,0,0,0,0,0,0
canibalismo,-0.5,0,1,0,0,0,0,0,0,0,1
canones,0.0,0,0,0,0,0,0,1,0,0,0
canoso,-0.5,0,1,0,1,0,0,0,0,0,0
cansada,-0.4,0,1,0,1,0,0,0,0,0,0
cansado,-0.4,0,1,0,1,0,0,0,0,0,0
cansancio,-0.5,0,1,0,1,0,0,0,0,0,0
canta,0.5,1,0,1,1,0,0,1,1,0,0
canto,0.5,1,0,1,0,1,0,0,1,1,0
caníbal,-0.5,0,1,0,0,0,1,0,0,0,1
caos,-0.4,0,1,0,1,1,1,0,0,0,0
capa,0.5,1,0,0,0,0,0,0,0,0,0
capacidad,0.4,1,0,0,0,0,0,0,0,0,0
capataz,0.5,1,0,0,0,0,0,0,0,0,0
capaz,0.2,0,0,0,0,0,0,0,0,0,0
capellán,0.0,0,0,0,0,0,0,1,0,0,0
capitalista,0.5,1,0,0,0,0,0,0,0,0,0
capitán,0.5,1,0,0,0,0,0,0,0,0,0
capricho,-0.5,0,1,1,0,0,0,0,1,1,0
caprichosa,0.2,0,0,0,0,0,0,0,0,0,0
caprichoso,0.2,0,0,1,0,0,0,0,0,0,0
captura,0.0,0,0,0,0,0,0,0,0,1,0
capturar,-0.5,0,1,0,0,0,0,0,0,0,0
capucha,-0.5,0,1,0,0,1,1,0,0,0,1
característica,0.5,1,0,0,0,0,0,0,0,0,0
carcaj,-0.5,0,1,0,0,0,1,0,0,0,0
carcajadas,-0.4,0,0,0,0,0,0,0,0,0,0
carcinoma,-0.5,0,1,0,1,0,1,0,0,0,0
carente,-0.5,0,1,0,0,0,0,0,0,0,0
carga,-0.4,0,1,0,0,0,0,0,0,0,0
cargada,-0.6,0,1,0,0,0,0,0,0,0,0
cargado,-0.6,0,1,0,0,0,0,0,0,0,0
cargador,0.5,1,0,0,0,0,0,0,0,0,0
cargas,-0.4,0,0,0,0,0,0,0,0,0,0
cargos,-0.4,0,0,0,0,0,0,0,0,0,0
caricatura,-0.5,0,1,0,0,0,0,0,0,0,0
caricia,0.5,1,0,0,0,0,0,0,0,0,0
caridad,0.5,1,0,1,0,0,0,0,0,0,0
caries,-0.5,0,1,0,0,0,0,0,0,0,1
caritativo,0.5,1,0,1,0,0,0,1,1,0,0
cariña,0.4,0,0,0,0,0,0,0,0,0,0
cariño,0.4,1,0,1,0,0,0,0,0,0,0
cariñosa,0.6,0,0,0,0,0,0,0,0,0,0
cariñoso,0.6,0,0,0,0,0,0,0,0,0,0
carnal,-0.5,0,1,0,0,0,0,0,0,0,0
carne,0.0,0,0,0,0,0,0,0,0,0,1
carnicero,-0.5,0,1,0,0,1,1,0,0,0,1
carnicería,-0.5,0,1,0,1,1,1,0,0,1,1
carnoso,-0.5,0,1,0,0,0,0,0,0,0,0
carnívoro,-0.5,0,1,0,0,0,1,0,0,0,0
carrera,0.0,1,1,0,1,0,1,0,1,0,0
carretilla,0.0,0,0,0,0,0,0,0,0,0,1
carril,-0.5,0,1,0,0,1,0,0,1,0,0
carta,0.0,0,0,0,0,0,0,0,1,0,0
cartel,-0.5,0,1,0,0,0,0,0,0,1,0
cartucho,0.0,0,0,0,0,0,1,0,0,0,0
casa,0.5,1,0,0,0,0,0,0,0,0,0
casamentero,0.0,0,0,0,0,0,0,0,1,0,0
casar,0.5,1,0,1,0,0,1,1,1,1,0
cascada,0.5,1,0,0,0,0,0,0,0,0,0
casco,0.5,1,0,0,0,0,1,0,0,0,1
caso,-0.5,0,1,0,1,0,1,0,0,0,0
caso omisa,-0.4,0,0,0,0,0,0,0,0,0,0
caso omiso,-0.4,0,0,0,0,0,0,0,0,0,0
caspa,-0.5,0,1,0,0,0,0,0,0,0,0
casta,-0.5,0,1,0,0,0,0,0,0,0,0
castidad,0.5,1,0,0,0,0,0,1,1,0,0
castiga,-0.6,0,0,0,0,0,0,0,0,0,0
castigada,-0.6,0,1,0,1,1,1,0,1,0,1
castigado,-0.6,0,1,0,1,1,1,0,1,0,1
castigadora,-0.6,0,0,0,0,0,0,0,0,0,0
castigar,-0.6,0,1,0,0,0,1,0,0,0,0
castigo,-0.5,0,1,0,0,1,1,0,0,0,1
casucha,-0.5,0,1,0,0,0,0,0,0,0,0
catarata,-0.5,0,1,0,1,0,1,0,1,0,0
catastrófica,-0.8,0,0,0,0,0,0,0,0,0,0
catastrófico,-0.8,0,0,0,0,0,0,0,0,0,0
catecismo,0.0,0,0,0,0,0,0,0,0,0,1
catedral,0.5,1,0,1,0,0,0,1,0,0,0
categórico,0.5,1,0,0,0,0,0,0,0,0,0
catártico,0.5,1,0,0,0,0,0,0,0,0,0
catástrofe,-0.6,0,1,0,1,1,1,0,0,1,1
catéter,-0.5,0,1,0,0,0,0,0,0,0,0
cautelosa,-0.2,0,0,0,0,0,0,0,0,0,0
cautelosamente,0.5,1,0,0,0,0,1,0,0,0,0
cauteloso,-0.2,1,1,0,0,0,1,1,1,1,0
cautivada,0.6,0,0,0,0,0,0,0,0,0,0
cautivado,0.6,0,0,0,0,0,0,0,0,0,0
cautivador,0.5,1,0,0,0,0,0,0,0,0,0
cautivar,0.6,1,0,1,0,0,0,1,1,1,0
cautiverio,-0.5,0,1,0,1,0,0,0,0,0,0
cautivo,-0.5,0,1,0,1,0,1,0,0,0,0
cayó,-0.5,0,1,0,1,0,0,0,0,0,0
caza,-0.5,0,1,0,0,1,1,0,1,0,0
caza de liebres,-0.5,0,1,0,0,0,0,0,0,0,0
caza furtiva,-0.5,0,1,0,1,1,1,0,0,0,1
cazador,-0.5,0,1,0,1,0,1,0,1,0,0
caída,-0.4,0,1,0,1,0,1,0,0,0,0
caído,-0.4,0,1,0,0,0,0,0,0,0,0
caña,0.0,0,0,0,0,1,1,0,0,0,0
cañón,-0.5,0,1,0,0,1,1,0,0,0,0
caótica,-0.4,0,0,0,0,0,0,0,0,0,0
caótico,-0.4,0,1,0,0,1,0,0,0,0,0
cebador,0.5,1,0,0,0,0,0,1,0,0,0
cebo,-0.5,0,1,0,0,0,1,1,0,0,0
ceder,-0.5,0,1,0,0,0,0,0,0,0,0
cegada,-0.5,0,1,0,0,0,0,0,0,0,0
cegado,-0.5,0,1,0,0,0,0,0,0,0,0
ceguera,-0.5,0,1,0,1,0,0,0,0,0,0
celebra,0.6,0,0,0,0,0,0,0,0,0,0
celebracion,0.5,1,0,1,0,0,0,1,1,1,0
celebrada,0.6,1,0,1,0,0,0,0,1,0,0
celebrado,0.6,1,0,1,0,0,0,0,1,0,0
celebranda,0.6,0,0,0,0,0,0,0,0,0,0
celebrando,0.6,1,0,1,0,0,0,0,1,0,0
celebrar,0.6,0,0,0,0,0,0,0,0,0,0
celebridad,0.0,1,1,1,0,1,0,1,1,1,1
celestial,0.8,1,0,1,0,0,0,1,1,0,0
celo,0.5,1,0,1,0,0,0,1,1,1,0
celos,-0.2,0,1,0,1,1,1,0,0,0,1
celosa,-0.4,0,0,0,0,0,0,0,0,0,0
celoso,-0.4,1,1,1,0,1,0,1,0,0,1
cementerio,-0.5,0,1,0,1,0,1,0,0,0,0
cemento,0.0,0,0,0,0,0,0,1,1,0,0
cena,0.5,1,0,0,0,0,0,0,0,0,0
cenagal,-0.5,0,1,0,0,0,0,0,0,0,1
ceniza,-0.5,0,1,0,0,0,0,0,0,0,0
censores,-0.4,0,0,0,0,0,0,0,0,0,0
censura,-0.5,0,1,0,0,0,0,0,0,0,0
censurada,-0.4,0,0,0,0,0,0,0,0,0,0
censurado,-0.4,0,0,0,0,0,0,0,0,0,0
censurar,-0.4,0,1,0,0,1,1,1,0,0,1
centelleo,0.5,1,0,1,0,0,0,0,1,0,0
centinela,0.5,1,0,0,0,0,0,1,0,0,0
centrar,0.5,1,0,0,0,0,0,1,0,0,0
centurión,0.5,1,0,0,0,0,0,0,0,0,0
cepo,-0.5,0,1,0,0,0,0,0,0,0,0
cercada,0.0,0,0,0,0,1,0,0,0,0,0
cercado,0.0,0,0,0,0,1,0,0,0,0,0
cercanía,0.5,1,0,1,0,0,0,1,0,0,0
cerda,-0.5,0,1,0,0,0,0,0,0,0,1
cerdo,-0.5,0,1,0,0,0,0,0,0,0,1
cerebral,0.5,1,0,0,0,0,0,0,0,0,0
ceremonia,0.5,1,0,1,0,0,0,0,0,1,0
cereza,0.5,1,0,0,0,0,0,0,0,0,0
cernía,-0.2,0,0,0,0,0,0,0,0,0,0
certeza,0.5,1,0,0,0,0,0,0,0,0,0
certificar,0.0,0,0,0,0,0,0,1,0,0,0
cerveza,0.5,1,0,1,0,0,0,0,0,0,0
cerveza negra,0.4,0,0,0,0,0,0,0,0,0,0
cesación,-0.5,0,1,0,0,0,0,0,0,0,0
cesionario,0.0,0,0,0,0,0,0,1,0,0,0
cesto,-0.5,0,1,0,0,0,0,0,0,0,0
ceñuda,-0.2,0,1,0,1,1,0,0,0,0,1
ceñudo,-0.2,0,1,0,1,1,0,0,0,0,1
chafar,-0.5,0,1,0,0,0,0,0,0,0,0
chagrined,-0.4,0,0,0,0,0,0,0,0,0,0
chantaje,-0.5,0,1,0,0,1,1,0,0,0,0
chapada,-0.5,0,1,0,0,0,0,0,0,0,0
chapado,-0.5,0,1,0,0,0,0,0,0,0,0
chapoteo,0.0,0,0,0,0,0,0,0,0,1,0
chapucear,-0.5,0,1,0,0,1,0,0,0,0,1
charla,0.5,1,0,0,0,0,0,0,0,0,0
chiflado por,0.4,0,0,0,0,0,0,0,0,0,0
chillida,-0.5,0,1,0,0,0,1,0,0,1,0
chillido,-0.5,0,1,0,0,0,1,0,0,1,0
chirrida,0.5,1,0,1,0,0,0,0,0,0,0
chirrido,0.5,1,0,1,0,0,0,0,0,0,0
chisme,-0.5,0,1,0,0,0,0,0,0,0,0
chispa,0.2,1,0,0,0,0,0,0,0,0,0
chisporrotear,0.0,0,0,0,0,1,0,0,0,0,0
chistes,0.4,0,0,0,0,0,0,0,0,0,0
chistosa,0.4,0,0,0,0,0,0,0,0,0,0
chistoso,0.4,0,0,0,0,0,0,0,0,0,0
chivo expiatoria,-0.4,0,0,0,0,0,0,0,0,0,0
chivo expiatorio,-0.4,0,1,0,0,1,1,0,0,0,0
chocando,-0.5,0,1,0,0,1,1,0,0,0,0
chocante,-0.4,0,0,0,0,0,0,0,0,0,0
chocar,-0.2,0,0,0,0,0,0,0,0,0,0
chocolate,0.5,1,0,1,0,0,0,1,1,0,0
choque,-0.4,0,1,0,1,1,1,0,0,1,0
choques,-0.4,0,0,0,0,0,0,0,0,0,0
chorro,-0.5,0,1,1,0,0,0,0,0,0,1
choza,0.0,1,1,0,1,0,0,0,0,0,1
chubasco,-0.5,0,1,0,1,0,1,0,0,0,0
chulo,-0.5,0,1,0,0,0,0,0,0,0,0
chupa,-0.6,0,0,0,0,0,0,0,0,0,0
chupar,-0.6,0,1,0,0,0,0,0,0,0,0
chusma,-0.5,0,1,0,0,1,1,0,0,0,0
cianuro,-0.5,0,1,0,0,0,1,0,0,0,0
cicatriz,-0.5,0,1,0,1,1,1,0,0,0,1
ciclón,-0.5,0,1,0,0,0,1,0,0,1,0
ciega,-0.2,0,0,0,0,0,0,0,0,0,0
ciegamente,-0.5,0,1,0,1,0,0,0,0,0,0
ciego,-0.2,0,1,0,0,0,0,0,0,0,0
ciela,0.4,0,0,0,0,0,0,0,0,0,0
cielo,0.4,1,0,0,0,0,0,0,0,0,0
cielos,0.5,1,0,1,0,0,0,1,0,0,0
científico,0.5,1,0,0,0,0,0,1,1,0,0
cierre,0.5,1,0,1,1,0,0,0,1,0,0
cierta,0.4,0,0,0,0,0,0,0,0,0,0
ciertamente,0.0,0,0,0,0,0,0,1,0,0,0
cierto,0.4,1,0,1,0,0,0,1,0,0,0
cigarrillo,-0.5,0,1,0,0,0,0,0,0,0,0
cincel,0.5,1,0,0,0,0,0,0,0,0,0
cinisma,-0.4,0,0,0,0,0,0,0,0,0,0
cinismo,-0.4,0,0,0,0,0,0,0,0,0,0
cinta,0.5,1,0,1,0,1,0,0,1,0,0
cinturón,-0.5,0,1,0,0,1,1,0,0,0,0
circuncisión,0.5,1,0,0,0,0,0,0,0,0,0
ciruela,0.5,1,0,0,0,0,0,0,0,0,0
cirugía,0.0,0,0,0,1,0,1,0,0,0,0
cisma,-0.5,0,1,0,0,1,0,0,0,0,0
citación,-0.5,0,1,0,0,0,0,0,0,0,0
citar,0.0,1,1,0,0,0,0,0,1,1,0
citomegalovirus,-0.5,0,1,0,1,0,0,0,0,0,0
ciudadano,0.5,1,0,0,0,0,0,0,0,0,0
civil,0.5,1,0,0,0,0,0,0,0,0,0
civilidad,0.5,1,0,0,0,0,0,0,0,0,0
civilización,0.5,1,0,0,0,0,0,1,0,0,0
civilizada,0.5,1,0,1,0,0,0,1,0,0,0
civilizado,0.5,1,0,1,0,0,0,1,0,0,0
ciática,-0.5,0,1,0,0,0,0,0,0,0,0
clamor,-0.5,0,1,0,0,1,0,0,1,1,1
clan,0.0,0,0,0,0,0,0,1,0,0,0
clara,0.2,0,0,0,0,0,0,0,0,0,0
claramente,0.2,0,0,0,0,0,0,0,0,0,0
claridad,0.4,1,0,0,0,0,0,0,0,0,0
clarividente,0.5,1,0,0,0,0,0,0,0,0,0
claro,0.2,0,0,0,0,0,0,0,0,0,0
clasificación,-0.5,0,1,0,1,1,1,0,0,0,0
clasificador,0.5,1,0,0,0,0,0,0,0,0,0
clasificar,0.5,1,0,0,0,0,0,0,0,0,0
claustro,-0.5,0,1,0,0,0,0,0,0,0,0
clerical,0.5,1,0,0,0,0,0,1,0,0,0
cliente,0.5,1,0,0,0,0,0,0,0,0,0
cloroformo,-0.5,0,1,0,0,0,0,0,0,0,0
clásico,0.5,1,0,0,0,0,0,0,0,0,0
clásicos,0.5,1,0,1,0,0,0,0,0,0,0
clímax,0.5,1,0,1,0,0,0,1,1,1,0
coaccionada,-0.4,0,0,0,0,0,0,0,0,0,0
coaccionado,-0.4,0,0,0,0,0,0,0,0,0,0
coacción,-0.5,0,1,0,1,1,1,0,0,0,1
coalición,0.5,1,0,0,0,0,0,0,0,0,0
cobarde,-0.4,0,1,0,1,0,1,0,0,0,1
cobardemente,-0.4,0,1,0,0,0,1,0,0,0,0
cobardía,-0.5,0,1,0,0,0,1,0,0,0,0
cobertizo,-0.5,0,1,0,0,0,0,0,0,0,0
cobra,0.0,0,0,0,0,0,1,0,0,0,0
cobrable,-0.5,0,1,0,1,0,1,0,0,0,0
cobrar,-0.4,0,0,0,0,0,0,0,0,0,0
cocaína,-0.5,0,1,0,1,0,0,0,0,0,0
cocer a fuego lento,0.0,0,0,0,0,0,0,0,1,0,0
coche de turismo,0.5,1,0,1,0,0,0,1,0,0,0
coche fúnebre,-0.5,0,1,0,1,0,1,0,0,0,0
cocksuckers,-1.0,0,0,0,0,0,0,0,0,0,0
cocodrilo,0.0,0,0,0,0,0,1,0,0,0,0
coda,0.0,0,0,0,0,1,0,0,0,0,0
codicia,-0.6,0,1,0,0,1,0,0,0,0,1
codiciar,-0.5,0,1,0,0,0,0,0,0,0,0
codiciosa,-0.4,0,0,0,0,0,0,0,0,0,0
codicioso,-0.4,0,1,0,0,0,0,0,0,0,1
codo,0.0,0,0,0,0,1,0,0,0,0,0
codorniz,-0.5,0,1,0,0,0,1,0,0,0,0
coerción,-0.5,0,1,0,1,1,1,0,0,0,1
coexistiendo,0.0,0,0,0,0,0,0,1,0,0,0
coexistir,0.5,1,0,0,0,0,0,1,0,0,0
coger,-0.5,0,1,0,0,0,0,0,0,1,0
cognitivo,0.5,1,0,0,0,0,0,0,0,0,0
coherencia,0.5,1,0,0,0,0,0,0,0,0,0
coherente,0.5,1,0,0,0,0,0,0,0,0,0
cohesivo,0.5,1,0,0,0,0,0,1,0,0,0
cohesión,0.0,0,0,0,0,0,0,1,0,0,0
cohete,0.0,0,0,0,0,1,0,0,0,0,0
coincidencia,0.0,0,0,0,0,0,0,0,0,1,0
coito,0.5,1,0,0,0,0,0,0,0,0,0
coja,-0.4,0,0,0,0,0,0,0,0,0,0
cojear,-0.5,0,1,0,0,0,0,0,0,0,0
cojo,-0.4,0,0,0,0,0,0,0,0,0,0
colaborador,0.0,0,0,0,0,0,0,1,0,0,0
colapsa,-0.4,0,0,0,0,0,0,0,0,0,0
colapsada,-0.4,0,0,0,0,0,0,0,0,0,0
colapsado,-0.4,0,0,0,0,0,0,0,0,0,0
colapso,-0.4,0,1,0,1,0,1,0,0,0,1
colapsos,-0.4,0,0,0,0,0,0,0,0,0,0
colateral,0.0,0,0,0,0,0,0,1,0,0,0
colectivamente,0.5,1,0,0,0,0,0,1,0,0,0
colegio,0.0,0,0,0,0,0,0,1,0,0,0
colgando,-0.5,0,1,0,1,1,1,0,0,0,1
colisiona,-0.2,0,0,0,0,0,0,0,0,0,0
colisionanda,-0.2,0,0,0,0,0,0,0,0,0,0
colisionando,-0.2,0,0,0,0,0,0,0,0,0,0
colisiones,-0.4,0,0,0,0,0,0,0,0,0,0
colisión,-0.4,0,1,0,0,1,0,0,0,0,0
colmena,-0.5,0,1,0,0,0,0,0,0,0,0
colmillo,0.0,0,0,0,0,0,1,0,0,0,0
colmillos,0.0,0,0,0,0,0,1,0,0,0,0
colocada,-0.5,0,1,0,0,0,0,0,0,0,0
colocado,-0.5,0,1,0,0,0,0,0,0,0,0
colono,0.5,1,0,0,0,0,1,0,0,0,0
colono usurpador,-0.5,0,1,0,0,0,0,0,0,0,0
colosal,0.5,1,0,0,0,0,0,0,0,0,0
columna vertebral,0.5,1,0,0,0,1,0,1,0,0,0
colusión,-0.6,0,1,0,1,1,1,0,0,0,1
colérica,-0.6,0,0,0,0,0,0,0,0,0,0
colérico,-0.6,0,0,0,0,0,0,0,0,0,0
coma,-0.5,0,1,0,1,0,1,0,0,0,0
comandante,0.5,1,0,0,0,0,0,1,0,0,0
comatoso,-0.5,0,1,0,1,0,1,0,0,0,0
combate,-0.2,0,1,0,0,1,1,0,0,0,0
combates,-0.2,0,0,0,0,0,0,0,0,0,0
combatiente,-0.5,0,1,0,0,1,1,0,0,0,0
combativo,-0.5,0,1,0,0,1,1,0,0,0,0
comedia,0.2,0,0,0,0,0,0,0,0,0,0
comentarista,0.5,1,0,0,0,0,0,0,0,0,0
comenzada,0.0,0,0,0,0,0,0,0,1,0,0
comenzado,0.0,0,0,0,0,0,0,0,1,0,0
comer,0.5,1,0,0,0,0,0,0,0,0,0
comerciante,0.0,0,0,0,0,0,0,1,0,0,0
comercio,0.0,0,0,0,0,0,0,1,0,0,0
cometa,-0.5,0,1,0,0,0,0,0,0,0,1
cometer,0.2,0,0,0,0,0,0,0,0,0,0
comida,0.5,1,0,1,0,0,0,1,0,0,0
comienzo,0.0,0,0,0,0,0,0,0,1,0,0
comisión,0.0,0,0,0,0,0,0,1,0,0,0
comité,0.0,0,0,0,0,0,0,1,0,0,0
comodidad,0.4,1,0,1,0,0,0,1,1,0,0
comodidades,0.4,0,0,0,0,0,0,0,0,0,0
comodoro,0.5,1,0,0,0,0,0,1,0,0,0
compacta,0.0,0,0,0,0,0,0,1,0,0,0
compacto,0.0,0,0,0,0,0,0,1,0,0,0
compadecerse,0.0,0,0,0,1,0,0,0,0,0,0
compadecimos,-0.2,0,0,0,0,0,0,0,0,0,0
comparte,0.2,0,0,0,0,0,0,0,0,0,0
compartida,0.2,0,0,0,0,0,0,0,0,0,0
compartido,0.2,0,0,0,0,0,0,0,0,0,0
compartir,0.2,1,0,1,0,0,0,1,1,0,0
compasiva,0.4,0,0,0,0,0,0,0,0,0,0
compasivo,0.4,1,0,0,0,0,0,0,0,0,0
compasión,0.5,1,0,0,0,0,1,0,0,0,0
compatibilidad,0.5,1,0,0,0,0,0,0,0,0,0
compatible,0.5,1,0,0,0,0,0,0,0,0,0
compatriota,0.0,0,0,0,0,0,0,1,0,0,0
compañera,0.5,1,0,1,0,0,0,1,1,0,0
compañerismo,0.5,1,0,0,0,0,0,0,0,0,0
compañero,0.5,1,0,1,0,0,0,1,1,0,0
compensación,0.5,1,0,0,0,0,0,0,0,0,0
compensar,0.5,1,0,1,0,0,0,1,1,1,0
compensatorio,0.5,1,0,0,0,0,0,0,0,0,0
competencia,0.0,1,1,1,0,0,0,1,1,1,0
competente,0.4,1,0,0,0,0,0,1,0,0,0
competitiva,0.4,0,0,0,0,0,0,0,0,0,0
competitivo,0.4,0,0,0,0,0,0,0,0,0,0
complacencia,0.4,1,0,0,0,0,0,0,0,0,0
complejada,-0.5,0,1,0,0,0,0,0,0,0,0
complejado,-0.5,0,1,0,0,0,0,0,0,0,0
complejidad,-0.5,0,1,0,0,0,0,0,0,0,0
complementario,0.5,1,0,0,0,0,0,0,0,0,0
complemento,0.5,1,0,1,0,0,0,1,1,1,0
completamente,0.5,1,0,0,0,0,0,1,0,0,0
completando,0.5,1,0,1,0,0,0,0,1,0,0
completo,0.5,1,0,0,0,0,0,0,0,0,0
complicación,-0.5,0,1,0,0,0,0,0,0,0,0
complicada,-0.5,0,1,0,0,0,0,0,0,0,0
complicado,-0.5,0,1,0,0,0,0,0,0,0,0
complicar,-0.5,0,1,0,0,1,0,0,0,0,0
complicidad,0.0,1,1,0,0,0,0,0,0,0,0
compositor,0.5,1,0,0,0,0,0,0,0,0,0
compost,-0.5,0,1,0,0,0,0,0,0,0,1
compras,0.5,1,0,1,0,0,0,1,1,1,0
comprender,0.5,1,0,0,0,0,0,0,0,0,0
comprensión,0.5,1,0,0,0,0,0,1,0,0,0
comprimir,0.0,0,0,0,0,1,0,0,0,0,0
compromete,0.2,0,0,0,0,0,0,0,0,0,0
comprometida,0.2,1,0,1,0,0,0,1,1,0,0
comprometido,0.2,1,0,1,0,0,0,1,1,0,0
comprometiéndose,0.2,0,0,0,0,0,0,0,0,0,0
compromisa,0.4,0,0,0,0,0,0,0,0,0,0
compromiso,0.4,0,1,0,1,0,0,0,0,0,0
compuesto,0.5,1,0,0,0,0,0,0,0,0,0
compulsión,-0.5,0,1,0,0,1,0,0,0,0,0
comunicación,0.0,0,0,0,0,0,0,1,0,0,0
comunicar,0.5,1,0,0,0,0,0,1,0,0,0
comunicativo,0.5,1,0,0,0,0,0,0,0,0,0
comunidad,0.5,1,0,0,0,0,0,0,0,0,0
comunismo,-0.5,0,1,0,1,1,1,0,0,0,0
comunista,-0.5,0,1,0,0,0,0,0,0,0,0
comunión,0.5,1,0,1,0,0,0,1,0,0,0
con crueldad,-0.5,0,1,0,0,1,1,0,0,0,0
con mieda,-0.5,0,1,0,1,0,1,0,0,1,0
con miedo,-0.5,0,1,0,1,0,1,0,0,1,0
con poca frecuencia,-0.5,0,1,0,0,0,0,0,0,0,0
con toda tranquilidad,0.4,0,0,0,0,0,0,0,0,0,0
conceder,0.2,1,0,1,0,0,0,1,1,0,0
concedida,0.2,1,0,0,0,0,0,0,0,0,0
concedido,0.2,1,0,0,0,0,0,0,0,0,0
concesión,0.2,0,0,0,0,0,0,0,0,0,0
conciencia,0.5,1,0,0,0,0,0,1,0,0,0
concienzuda,0.5,1,0,0,0,0,0,1,0,0,0
concienzudo,0.5,1,0,0,0,0,0,1,0,0,0
concilia,0.4,0,0,0,0,0,0,0,0,0,0
conciliación,0.5,1,0,1,0,0,0,1,0,0,0
conciliada,0.4,0,0,0,0,0,0,0,0,0,0
conciliado,0.4,0,0,0,0,0,0,0,0,0,0
concilianda,0.4,0,0,0,0,0,0,0,0,0,0
conciliando,0.4,0,0,0,0,0,0,0,0,0,0
conciliar,0.4,0,0,0,0,0,0,0,0,0,0
concluyendo,0.5,1,0,0,0,0,0,0,0,0,0
concordancia,0.5,1,0,0,0,0,0,1,0,0,0
concordia,0.5,1,0,0,0,0,0,1,0,0,0
concusión,-0.5,0,1,0,1,1,0,0,0,0,0
concéntrico,0.5,1,0,0,0,0,0,0,0,0,0
condada,0.0,0,0,0,0,0,0,1,0,0,0
condado,0.0,0,0,0,0,0,0,1,0,0,0
conde,0.5,1,0,0,0,0,0,0,0,0,0
condena,-0.4,0,0,0,0,0,0,0,0,0,0
condenación,-0.4,0,1,0,1,1,1,0,1,0,1
condenada,-0.4,0,1,0,1,0,1,0,0,0,0
condenado,-0.4,0,1,0,1,0,1,0,0,0,0
condenar,-0.4,0,1,0,1,1,1,0,0,0,1
condesa,0.5,1,0,0,0,0,0,0,0,0,0
condescendencia,-0.5,0,1,0,1,1,0,0,0,0,1
condescendiente,-0.5,0,1,0,0,0,0,0,0,0,0
condición,0.0,0,0,0,0,0,0,1,0,0,0
condolencia,0.5,1,0,0,1,0,0,0,0,0,0
condonar,0.5,1,0,0,0,0,0,0,0,0,0
conducente,0.5,1,0,0,0,0,0,0,0,0,0
conductividad,0.5,1,0,0,0,0,0,0,0,0,0
conectado a tierra,-0.5,0,1,0,1,0,1,0,0,0,0
conectivo,0.0,0,0,0,0,0,0,1,0,0,0
confederada,0.5,1,0,0,0,0,0,1,0,0,0
confederado,0.5,1,0,0,0,0,0,1,0,0,0
conferencista,0.5,1,0,0,0,0,0,0,0,0,0
confesar,0.0,1,1,0,0,0,0,1,0,0,0
confesional,0.0,0,0,0,0,0,1,1,0,0,0
confesión,-0.5,0,1,0,1,0,1,0,1,1,0
confiabilidad,0.5,1,0,0,0,0,0,1,0,0,0
confiable,0.4,0,0,0,0,0,0,0,0,0,0
confiada,0.4,0,0,0,0,0,0,0,0,0,0
confiado,0.4,0,0,0,0,0,0,0,0,0,0
confianza,0.4,1,0,1,0,0,1,1,0,0,0
confiar,0.0,0,0,0,0,0,0,1,0,0,0
confidencial,0.0,0,0,0,0,0,0,1,0,0,0
confidencialmente,0.0,0,0,0,0,0,0,1,0,0,0
confidente,0.4,1,0,1,0,0,0,1,0,0,0
confinada,-0.5,0,1,0,1,1,1,0,0,0,1
confinado,-0.5,0,1,0,1,1,1,0,0,0,1
confinamiento,-0.5,0,1,0,1,1,1,0,0,0,0
confinar,-0.5,0,1,0,1,1,1,0,0,0,0
confirmación,0.0,0,0,0,0,0,0,1,0,0,0
confirmada,0.5,1,0,0,0,0,0,1,0,0,0
confirmado,0.5,1,0,0,0,0,0,1,0,0,0
confiscación,-0.5,0,1,0,0,0,0,0,0,0,0
confiscar,-0.5,0,1,0,1,1,0,0,0,0,0
conflagración,-0.5,0,1,0,0,1,1,0,0,0,0
conflicta,-0.4,0,0,0,0,0,0,0,0,0,0
conflictiva,-0.4,0,0,0,0,0,0,0,0,0,0
conflicto,-0.4,0,1,0,1,1,1,0,0,0,0
conflictos,-0.4,0,0,0,0,0,0,0,0,0,0
conformidad,0.5,1,0,0,0,0,0,1,0,0,0
confrontar,0.0,0,0,0,0,1,0,0,0,0,0
confudida,-0.5,0,1,0,0,0,0,0,0,0,0
confudido,-0.5,0,1,0,0,0,0,0,0,0,0
confundida,-0.4,0,0,0,0,0,0,0,0,0,0
confundido,-0.4,0,0,0,0,0,0,0,0,0,0
confundir,-0.4,0,1,0,0,0,0,0,0,0,0
confusa,-0.4,0,1,0,0,0,0,0,0,0,0
confusión,-0.5,0,1,0,1,1,1,0,0,0,0
confuso,-0.4,0,1,0,0,0,0,0,0,0,0
congelación,-0.5,0,1,0,0,0,0,0,0,0,0
congestión,-0.5,0,1,0,0,0,0,0,0,0,0
conglomerada,0.0,0,0,0,0,0,0,1,0,0,0
conglomerado,0.0,0,0,0,0,0,0,1,0,0,0
congratulatorio,0.5,1,0,1,0,0,0,0,0,0,0
congregación,0.5,1,0,0,0,0,0,1,0,0,0
congresista,0.0,0,0,0,0,0,0,1,0,0,0
congreso,0.0,0,0,0,0,0,0,1,0,0,1
congruencia,0.5,1,0,0,0,0,0,1,0,0,0
conjetura,0.5,1,0,0,0,0,0,0,1,0,0
conjunto,0.5,1,0,0,0,0,0,1,0,0,0
conjurar,0.0,0,0,0,0,0,0,0,1,1,0
conmemoración,0.5,1,0,1,0,0,0,0,1,0,0
conmemorar,0.5,1,0,1,1,0,0,0,1,0,0
conmemorativo,0.5,1,0,0,0,0,0,0,1,0,0
conmocionada,-0.4,0,0,0,0,0,0,0,0,0,0
conmocionado,-0.4,0,0,0,0,0,0,0,0,0,0
conmoción,-0.5,0,1,0,0,1,0,0,0,0,0
conmutación,0.5,1,0,0,0,0,0,0,0,0,0
conmutar,0.5,1,0,0,0,0,0,0,0,0,0
conocedor,0.5,1,0,1,0,0,0,1,0,0,0
conocer,0.5,1,0,0,0,0,0,0,0,0,0
conocimiento,0.5,1,0,0,0,0,0,0,0,0,0
conquista,-0.5,0,1,0,0,1,1,0,0,0,0
consagración,0.5,1,0,1,1,0,0,1,1,0,0
consciente de,0.5,1,0,0,0,0,0,0,0,0,0
consejero,0.0,1,1,0,0,1,1,1,0,0,0
consejo,0.5,1,0,0,0,0,0,1,1,0,0
consentimienta,0.4,0,0,0,0,0,0,0,0,0,0
consentimiento,0.4,0,0,0,0,0,0,0,0,0,0
consentimientos,0.4,0,0,0,0,0,0,0,0,0,0
conservación,0.5,1,0,0,0,0,0,1,1,0,0
conservar,0.5,1,0,0,0,0,0,1,0,0,0
conservar en vinagre,-0.5,0,1,0,0,0,0,0,0,0,0
considerable,0.5,1,0,0,0,0,0,0,0,0,0
consideración,0.5,1,0,0,0,0,0,0,0,0,0
considerada,0.5,1,0,0,0,0,0,1,0,0,0
considerado,0.5,1,0,0,0,0,0,1,0,0,0
consiguiente,0.0,0,0,0,0,0,0,0,1,0,0
consistencia,0.5,1,0,0,0,0,0,1,0,0,0
consola,0.5,1,0,0,1,0,0,0,0,0,0
consolable,0.4,0,0,0,0,0,0,0,0,0,0
consolador,0.4,0,0,0,0,0,0,0,0,0,0
consonante,0.5,1,0,0,0,0,0,0,0,0,0
consorte,0.0,0,0,0,0,0,0,1,0,0,0
conspiración,-0.6,0,0,0,0,0,1,0,0,0,0
conspirador,-0.5,0,1,0,0,1,1,0,1,0,1
conspirar,-0.5,0,1,0,0,0,1,0,0,0,0
constancia,0.5,1,0,0,0,0,0,1,0,0,0
constante,0.5,1,0,0,0,0,0,1,0,0,0
constantemente,0.0,0,0,0,0,0,0,1,0,0,0
consternación,-0.5,0,1,0,1,1,1,0,1,1,0
consternadas,-0.4,0,0,0,0,0,0,0,0,0,0
consternados,-0.4,0,0,0,0,0,0,0,0,0,0
constitucional,0.5,1,0,0,0,0,0,1,0,0,0
constituir,0.0,0,0,0,0,0,0,1,0,0,0
constreñida,-0.4,0,1,0,0,0,0,0,0,0,0
constreñido,-0.4,0,1,0,0,0,0,0,0,0,0
constreñir,-0.5,0,1,0,0,0,1,0,0,0,0
construir,0.5,1,0,0,0,0,0,0,0,0,0
consuelo,0.5,1,0,0,0,0,0,0,0,0,0
consultar,0.0,0,0,0,0,0,0,1,0,0,0
consumada,0.4,1,0,1,0,0,0,0,0,0,0
consumado,0.4,1,0,1,0,0,0,0,0,0,0
consumar,0.5,1,0,0,0,0,0,0,0,0,0
contacto,0.5,1,0,0,0,0,0,0,0,0,0
contador,0.0,0,0,0,0,0,0,1,0,0,0
contagia,-0.4,0,0,0,0,0,0,0,0,0,0
contagio,-0.4,0,1,0,0,0,1,0,1,0,1
contagios,-0.4,0,0,0,0,0,0,0,0,0,0
contagiosa,-0.2,0,0,0,0,0,0,0,0,0,0
contagioso,-0.2,0,1,0,0,0,1,0,0,0,1
contamina,-0.4,0,0,0,0,0,0,0,0,0,0
contaminación,-0.5,0,1,0,0,0,0,0,0,0,1
contaminada,-0.4,0,1,0,1,0,1,0,0,0,1
contaminado,-0.4,0,1,0,1,0,1,0,0,0,1
contaminadores,-0.4,0,0,0,0,0,0,0,0,0,0
contaminar,-0.4,0,1,0,0,0,0,0,0,0,1
contar,0.5,1,0,0,0,0,0,1,0,0,0
contemplación,0.5,1,0,0,0,0,0,0,0,0,0
contenciosa,-0.4,0,0,0,0,0,0,0,0,0,0
contencioso,-0.4,0,1,0,0,1,1,0,0,0,1
contender,-0.2,0,0,0,0,0,0,0,0,0,0
contendienda,-0.2,0,0,0,0,0,0,0,0,0,0
contendiendo,-0.2,0,0,0,0,0,0,0,0,0,0
contendiente,-0.2,0,0,0,0,0,0,0,0,0,0
contener,-0.5,0,1,0,0,1,1,0,0,0,0
contenida,0.5,1,0,1,0,0,0,1,0,0,0
contenido,0.5,1,0,1,0,0,0,1,0,0,0
contenta,0.6,0,0,0,0,0,0,0,0,0,0
contento,0.6,0,0,0,0,0,0,0,0,0,0
contestable,-0.4,0,0,0,0,0,0,0,0,0,0
contingente,0.0,0,0,0,0,0,0,0,1,0,0
continuación,0.0,0,0,0,0,0,0,0,1,0,0
continuar,0.5,1,0,0,0,0,1,1,1,0,0
contorno,0.5,1,0,0,0,0,0,0,0,0,0
contrabandista,-0.5,0,1,0,0,1,1,0,0,0,1
contrabando,-0.5,0,1,0,0,1,1,0,0,0,1
contracción nerviosa,-0.5,0,1,0,0,0,0,0,0,0,0
contradecir,-0.5,0,1,0,0,1,0,0,0,0,0
contradicción,-0.5,0,1,0,0,0,0,0,0,0,0
contradictoria,-0.4,0,0,0,0,0,0,0,0,0,0
contradictorio,-0.4,0,1,0,0,0,0,0,0,0,0
contraerse de dolor,-0.5,0,1,0,1,1,1,0,0,0,1
contralor,0.0,0,0,0,0,0,0,1,0,0,0
contrario,-0.5,0,1,0,0,1,1,0,0,0,1
contrastada,-0.5,0,1,0,0,0,0,0,0,0,0
contrastado,-0.5,0,1,0,0,0,0,0,0,0,0
contratada,-0.5,0,1,0,0,0,0,0,0,0,0
contratado,-0.5,0,1,0,0,0,0,0,0,0,0
contratar,0.2,0,0,0,0,0,0,0,0,0,0
contravención,-0.5,0,1,0,0,0,0,0,0,0,0
contribuir,0.5,1,0,0,0,0,0,0,0,0,0
contribuyente,0.5,1,0,0,0,0,0,1,0,0,0
controversia,-0.5,0,1,0,0,0,0,0,0,0,0
convence,0.2,0,0,0,0,0,0,0,0,0,0
convencer,0.2,1,0,0,0,0,0,1,1,0,0
convencida,0.2,0,0,0,0,0,0,1,0,0,0
convencido,0.2,0,0,0,0,0,0,1,0,0,0
convención,0.5,1,0,0,0,0,0,0,0,0,0
convenida,0.2,1,0,0,0,0,0,1,0,0,0
convenido,0.2,1,0,0,0,0,0,1,0,0,0
conveniencia,0.5,1,0,0,0,0,0,0,0,0,0
conveniente,0.5,1,0,1,0,0,0,1,0,0,0
convenio,0.5,1,0,1,0,0,0,1,1,1,0
convento,0.5,1,0,0,0,0,0,1,0,0,0
convergencia,0.0,0,0,0,0,0,0,0,1,0,0
conversacional,0.5,1,0,0,0,0,0,0,0,0,0
convertir,0.5,1,0,0,0,0,0,0,0,0,0
convicción,-0.5,0,1,0,0,0,0,0,0,0,0
convincente,0.5,1,0,0,0,0,0,1,0,0,0
convulsión,-0.5,0,1,0,1,1,1,0,0,0,0
cooperación,0.5,1,0,0,0,0,0,1,0,0,0
cooperando,0.5,1,0,0,0,0,0,1,0,0,0
cooperar,0.5,1,0,0,0,0,0,0,0,0,0
cooperativa,0.0,1,1,0,0,1,0,1,0,0,1
coral,0.5,1,0,1,0,0,0,0,0,0,0
corazonada,-0.5,0,1,0,0,0,0,0,0,0,0
corazón pesada,-0.4,0,0,0,0,0,0,0,0,0,0
corazón pesado,-0.4,0,0,0,0,0,0,0,0,0,0
corazón roto,-0.6,0,0,0,0,0,0,0,0,0,0
cordero,0.5,1,0,1,0,0,0,1,0,0,0
cordial,0.6,1,0,1,0,0,0,1,0,0,0
cordón,0.0,1,1,0,1,1,1,1,0,0,0
cornuda,-0.5,0,1,0,0,0,0,0,0,0,1
cornudo,-0.5,0,1,0,0,0,0,0,0,0,1
coro,0.5,1,0,1,0,0,0,1,0,0,0
coronación,0.5,1,0,1,0,0,0,1,0,0,0
coronamiento,0.5,1,0,1,0,0,0,1,1,1,0
coronel,0.5,1,0,0,0,0,0,1,0,0,0
corporal,-0.5,0,1,0,0,0,0,0,0,0,0
corpóreo,0.5,1,0,0,0,0,0,0,0,0,0
corrección,-0.5,0,1,0,0,0,0,0,0,0,0
correctamente,0.5,1,0,0,0,0,0,0,0,0,0
correctivo,0.5,1,0,0,0,0,0,0,0,0,0
correo,0.0,0,0,0,0,0,0,0,1,0,0
correo no deseada,-0.4,0,0,0,0,0,0,0,0,0,0
correo no deseado,-0.4,0,0,0,0,0,0,0,0,0,0
correspondencia,0.5,1,0,0,0,0,0,0,1,0,0
corresponder,0.5,1,0,0,0,0,0,0,0,0,0
corroboración,0.0,0,0,0,0,0,0,1,0,0,0
corroborar,0.5,1,0,0,0,0,0,1,0,0,0
corrompiendo,-0.5,0,1,0,1,1,1,0,0,0,1
corrosivo,-0.5,0,1,0,0,0,1,0,0,0,0
corrosión,-0.5,0,1,0,0,0,0,0,0,0,0
corrupción,-0.5,0,1,0,0,0,0,0,0,0,1
corrupto,-0.5,0,1,0,0,0,0,0,0,0,0
corse,0.0,0,0,0,1,0,0,0,0,0,0
cortador,-0.5,0,1,0,0,0,1,0,0,0,0
cortadores,0.5,1,0,0,0,0,0,0,0,0,0
cortar,-0.2,0,1,0,1,1,1,0,1,0,0
corte,-0.2,0,1,0,1,1,1,0,1,0,1
cortejar,0.6,0,0,0,0,0,0,0,0,0,0
cortejo,0.5,1,0,1,0,0,0,1,1,0,0
cortesía,0.4,1,0,0,0,0,0,0,0,0,0
cortés,0.6,1,0,0,0,0,0,0,0,0,0
cosa muy pegajosa,-0.5,0,1,0,0,0,0,0,0,0,1
cosas interesantes,0.6,0,0,0,0,0,0,0,0,0,0
cosecha,0.5,1,0,1,0,0,0,0,1,0,0
cosmopolita,0.5,1,0,0,0,0,0,1,0,0,0
cosquillas,0.5,1,0,1,0,0,0,1,1,1,0
costa,0.5,1,0,0,0,0,0,0,0,0,0
costada,-0.5,0,1,0,0,0,0,0,1,0,0
costado,-0.5,0,1,0,0,0,0,0,1,0,0
costosa,-0.4,0,0,0,0,0,0,0,0,0,0
costoso,-0.4,0,0,0,0,0,0,0,0,0,0
costra,-0.5,0,1,0,0,0,0,0,0,0,0
coyote,0.0,0,0,0,0,0,1,0,0,0,0
coña,-1.0,0,0,0,0,0,0,0,0,0,0
coño,-1.0,0,0,0,0,0,0,0,0,0,0
crear,0.5,1,0,1,0,0,0,0,0,0,0
creativa,0.4,0,0,0,0,0,0,0,0,0,0
creativo,0.4,1,0,0,0,0,0,0,0,0,0
crecer,0.5,1,0,1,0,0,0,1,1,0,0
creciente,0.2,1,0,1,0,0,0,0,1,0,0
crecimienta,0.4,0,0,0,0,0,0,0,0,0,0
crecimiento,0.4,1,0,0,0,0,0,0,0,0,0
credencial,0.5,1,0,0,0,0,0,1,0,0,0
credibilidad,0.5,1,0,0,0,0,0,1,0,0,0
crema,0.5,1,0,1,0,0,0,0,1,1,0
cremación,0.0,0,0,0,1,0,0,0,0,0,0
cremallera,-0.5,0,1,0,0,0,0,0,0,0,0
crescendo,0.5,1,0,1,0,0,0,1,1,1,0
creyendo,0.5,1,0,0,0,0,0,1,0,0,0
creyente,0.0,0,0,0,0,0,0,1,0,0,0
creíble,0.5,1,0,0,0,0,0,1,0,0,0
creída,0.0,0,0,0,0,0,0,1,0,0,0
creído,0.0,0,0,0,0,0,0,1,0,0,0
criatura,-0.5,0,1,0,0,0,1,0,0,0,1
crimen,-0.6,0,1,0,0,1,0,0,0,0,1
criminal,-0.6,0,1,0,0,1,1,0,0,0,1
criminales,-0.6,0,0,0,0,0,0,0,0,0,0
criminalidad,-0.5,0,1,0,0,1,1,0,0,0,1
cripta,-0.5,0,1,0,1,0,1,0,0,0,0
crisis,-0.6,0,1,0,0,0,0,0,0,0,0
cristal,0.5,1,0,0,0,0,0,0,0,0,0
critica,-0.4,0,0,0,0,0,0,0,0,0,0
criticada,-0.4,0,0,0,0,0,0,0,0,0,0
criticado,-0.4,0,0,0,0,0,0,0,0,0,0
criticar,-0.4,0,1,0,1,1,1,0,0,0,1
critter,0.0,0,0,0,0,0,0,0,0,0,1
crucial,0.5,1,0,0,0,0,0,1,0,0,0
crucifixión,-0.5,0,1,0,1,1,1,0,0,0,1
cruda,-0.5,0,1,0,0,0,0,0,0,0,1
crudo,-0.5,0,1,0,0,0,0,0,0,0,1
cruel,-0.6,0,1,0,1,1,1,0,0,0,1
crueldad,-0.6,0,1,0,1,1,1,0,0,0,1
crujida,-0.5,0,1,0,0,1,0,0,0,0,0
crujido,-0.5,0,1,0,0,1,0,0,0,0,0
crujiente,-0.5,0,1,0,0,0,0,1,0,0,1
cruzada,-0.5,0,1,0,0,1,1,0,0,0,0
cruzado,-0.5,0,1,0,0,0,0,0,0,0,0
cruzar,-0.5,0,1,0,1,1,1,0,0,0,0
crédito,0.5,1,0,0,0,0,0,1,0,0,0
crédula,-0.4,0,0,0,0,0,0,0,0,0,0
crédulo,-0.4,0,1,0,1,0,0,1,0,0,0
crítica,-0.4,1,1,0,1,1,0,1,1,1,0
crítico,-0.4,0,1,0,0,0,0,0,0,0,0
críticos,-0.4,0,0,0,0,0,0,0,0,0,0
crónica,0.5,1,0,0,0,0,0,1,0,0,0
crónico,-0.5,0,1,0,1,0,0,0,0,0,0
cuarentena,0.0,0,0,0,0,0,1,0,0,0,0
cubo,0.0,0,0,0,0,0,0,1,0,0,0
cubrir,-0.6,0,0,0,0,0,0,1,0,0,0
cuchara,0.6,0,0,0,0,0,0,0,0,0,0
cuchillada,-0.4,0,0,0,0,0,0,0,0,0,0
cuco,-0.5,0,1,0,0,0,0,0,0,0,0
cuenta,0.0,0,0,0,0,0,0,1,0,0,0
cuenta regresiva,0.0,0,0,0,0,0,0,0,1,0,0
cuentas,0.0,0,0,0,0,0,0,1,0,0,0
cuerpo,-0.5,0,1,0,1,0,1,0,0,0,1
cuesta arriba,0.0,1,1,0,0,0,1,0,1,0,0
cuestionable,-0.4,0,1,0,0,0,0,0,0,0,1
cuestionada,-0.4,0,0,0,0,0,0,0,0,0,0
cuestionado,-0.4,0,0,0,0,0,0,0,0,0,0
cuidada,0.4,0,0,0,0,0,0,0,0,0,0
cuidadas,0.4,0,0,0,0,0,0,0,0,0,0
cuidado,0.4,0,0,0,0,0,0,0,0,0,0
cuidados,0.4,0,0,0,0,0,0,0,0,0,0
cuidadosa,0.4,0,0,0,0,0,0,0,0,0,0
cuidadosamente,0.4,1,0,0,0,0,0,0,0,0,0
cuidadoso,0.4,1,0,0,0,0,0,0,0,0,0
cula,-0.8,0,0,0,0,0,0,0,0,0,0
culinario,0.5,1,0,0,0,0,0,1,0,0,0
culminación,0.5,1,0,0,0,0,0,0,0,0,0
culo,-0.8,0,1,0,1,0,0,0,0,0,1
culpa,-0.6,0,1,0,1,1,0,0,0,0,1
culpabilidad,-0.5,0,1,0,0,0,0,0,0,0,0
culpable,-0.6,0,1,0,1,1,0,0,0,0,0
culpada,-0.4,0,0,0,0,0,0,0,0,0,0
culpanda,-0.4,0,0,0,0,0,0,0,0,0,0
culpando,-0.4,0,0,0,0,0,0,0,0,0,0
culpar,-0.4,0,0,0,0,0,0,0,0,0,0
cultivada,0.5,1,0,0,0,0,0,0,0,0,0
cultivado,0.5,1,0,0,0,0,0,0,0,0,0
cultivar,0.5,1,0,0,0,0,0,1,1,0,0
cultivo,0.5,1,0,0,0,0,0,0,0,0,0
culto,-0.5,0,1,0,0,0,1,0,0,0,0
cultura,0.5,1,0,0,0,0,0,0,0,0,0
cumple,0.4,0,0,0,0,0,0,0,0,0,0
cumpleaños,0.5,1,0,1,0,0,0,0,1,1,0
cumplida,0.4,1,0,1,0,0,0,1,1,1,0
cumplido,0.4,1,0,1,0,0,0,1,1,1,0
cumplimiento,0.5,1,0,1,0,0,0,1,1,0,0
cumplir,0.4,1,0,1,0,0,0,0,0,0,0
cuna,0.5,1,0,1,0,0,0,1,1,0,0
cuota,-0.5,0,1,0,0,1,0,0,0,0,0
curable,0.5,1,0,0,0,0,0,1,0,0,0
curación,0.5,1,0,1,0,0,0,1,1,0,0
curandero,-0.5,0,1,0,0,0,0,0,0,0,1
curiosa,-0.4,0,0,0,0,0,0,0,0,0,0
curiosidad,0.5,1,0,0,0,0,0,0,1,1,0
curioso,-0.4,0,1,0,0,0,0,0,0,0,0
curtida,-0.5,0,1,0,0,1,1,0,0,0,1
curtido,-0.5,0,1,0,0,1,1,0,0,0,1
custodia,0.0,0,0,0,0,0,0,1,0,0,0
custodio,0.0,0,0,0,0,0,0,1,0,0,0
cábala,-0.5,0,1,0,0,0,1,0,0,0,0
cálculo,0.0,0,0,0,0,0,0,0,1,0,0
cáncer,-0.2,0,1,0,1,1,1,0,0,0,1
cárcel,-0.5,0,1,0,1,0,1,0,0,0,0
cáscara,-0.5,0,1,0,1,1,1,0,0,1,0
cátedra,0.0,0,0,0,0,0,0,1,0,0,0
célebre,0.5,1,0,0,0,0,0,0,0,0,0
cínica,-0.4,0,0,0,0,0,0,0,0,0,0
cínico,-0.4,0,0,0,0,0,0,0,0,0,0
cístico,0.0,0,0,0,0,0,0,0,0,0,1
cólera,-0.5,0,1,0,1,0,1,0,0,0,1
cólico,-0.5,0,1,0,0,0,0,0,0,0,0
cómico,-0.5,0,1,0,0,0,0,0,0,0,1
cómoda,0.4,0,0,0,0,0,0,0,0,0,0
cómodo,0.4,0,0,0,0,0,0,0,0,0,0
cónsul,0.0,0,0,0,0,0,0,1,0,0,0
dabbling,-0.5,0,1,0,0,1,0,0,0,0,1
dados,0.0,0,0,0,0,0,0,0,1,0,0
daga,-0.5,0,1,0,0,0,1,0,0,0,0
dama,0.5,1,0,0,0,1,0,1,0,0,1
dama de honor,0.5,1,0,1,0,0,0,1,0,0,0
dando,0.5,1,0,0,0,0,0,0,0,0,0
dandy,-0.5,0,1,0,0,0,0,0,0,0,1
danza,0.5,1,0,1,0,0,0,1,0,0,0
dar fe,0.5,1,0,0,0,0,0,1,0,0,0
darda,0.0,0,0,0,0,0,1,0,0,0,0
dardo,0.0,0,0,0,0,0,1,0,0,0,0
daña,-0.4,0,0,0,0,0,0,0,0,0,0
dañar,-0.6,0,1,0,1,1,0,0,0,0,1
daño,-0.4,0,1,0,0,0,1,0,0,0,0
daños,-0.4,0,0,0,0,0,0,0,0,0,0
daños y perjuicios,-0.6,0,1,0,1,0,0,0,0,0,0
dañoso,-0.5,0,1,0,0,0,0,0,0,0,0
de acuerda,0.5,1,0,0,0,0,0,1,0,0,0
de acuerdo,0.5,1,0,0,0,0,0,1,0,0,0
de buen gusto,0.5,1,0,0,0,0,0,0,0,0,0
de buen tona,0.6,0,0,0,0,0,0,0,0,0,0
de buen tono,0.6,0,0,0,0,0,0,0,0,0,0
de buen ver,0.5,1,0,0,0,0,0,0,0,0,0
de buena gana,0.5,1,0,0,0,0,0,0,0,0,0
de chuparse los dedos,0.5,1,0,0,0,0,0,0,0,0,0
de confianza,0.5,1,0,0,0,0,0,1,0,0,0
de despedida,0.0,0,0,0,1,0,0,0,0,0,0
de improviso,-0.5,0,1,0,0,0,0,0,0,0,0
de maniático,-0.5,0,1,0,0,1,0,0,0,0,0
de mierda,-0.6,0,0,0,0,0,0,0,0,0,0
de moda,0.5,1,0,0,0,0,0,0,0,0,0
de pacotilla,-0.5,0,1,0,0,0,0,0,0,0,1
de poco mérito,-0.4,0,0,0,0,0,0,0,0,0,0
de serie,0.0,0,0,0,0,0,0,0,1,0,0
de trato fácil,0.5,1,0,0,0,0,0,0,0,0,0
de viaje,0.5,1,0,0,0,0,0,0,0,0,0
debacle,-0.5,0,1,0,1,0,1,0,0,0,0
debate,0.5,1,0,0,0,0,0,0,0,0,0
deberes,0.0,0,0,0,0,0,1,0,0,0,0
debida,-0.5,0,1,0,1,1,1,1,1,0,1
debido,-0.5,0,1,0,1,1,1,1,1,0,1
debilidad,-0.4,0,1,0,0,0,0,0,0,0,0
debilitada,-0.5,0,1,0,0,0,0,0,0,0,0
debilitado,-0.5,0,1,0,0,0,0,0,0,0,0
debilitante,-0.4,0,1,0,1,0,1,0,0,0,1
decaer,-0.5,0,1,0,1,0,1,0,0,0,0
decencia,0.5,1,0,0,0,0,0,0,0,0,0
decente,0.5,1,0,0,0,0,0,0,0,0,0
decepciona,-0.4,0,0,0,0,0,0,0,0,0,0
decepcionada,-0.4,0,1,0,1,1,0,0,0,0,1
decepcionado,-0.4,0,1,0,1,1,0,0,0,0,1
decepcionante,-0.4,0,1,0,1,0,0,0,0,0,0
decepcionar,-0.4,0,1,0,1,1,0,0,0,0,1
decepciones,-0.4,0,0,0,0,0,0,0,0,0,0
decepción,-0.4,0,1,0,1,0,0,0,0,0,1
dechada,0.5,1,0,1,0,0,0,1,1,0,0
dechado,0.5,1,0,1,0,0,0,1,1,0,0
decimotercero,0.0,0,0,0,0,0,1,0,0,0,0
decir ah,0.4,0,0,0,0,0,0,0,0,0,0
decir tonterías,-0.5,0,1,0,0,0,0,0,0,0,0
decisiva,0.2,0,0,0,0,0,0,0,0,0,0
decisivo,0.2,0,0,0,0,0,0,0,0,0,0
declaración,0.5,1,0,0,0,0,0,1,0,0,0
declaración errónea,-0.5,0,1,0,0,1,0,0,0,0,1
declaratorio,0.5,1,0,0,0,0,0,0,0,0,0
declinación,-0.5,0,1,0,0,0,0,0,0,0,0
declinante,-0.5,0,1,0,0,0,0,0,0,0,0
decremento,-0.5,0,1,0,0,0,0,0,0,0,0
decrépito,-0.5,0,1,0,0,0,0,0,0,0,0
dedicación,0.5,1,0,0,0,0,0,0,0,0,0
dedicada,0.4,0,0,0,0,0,0,0,0,0,0
dedicado,0.4,0,0,0,0,0,0,0,0,0,0
deducir,-0.5,0,1,0,0,0,0,0,0,0,0
defecta,-0.6,0,0,0,0,0,0,0,0,0,0
defecto,-0.6,0,1,0,1,1,1,0,1,0,1
defectos,-0.6,0,0,0,0,0,0,0,0,0,0
defectuoso,-0.5,0,1,0,0,0,0,0,0,0,1
defender,0.5,1,0,0,0,0,1,0,0,0,0
defendida,0.5,1,0,0,0,0,0,1,0,0,0
defendido,0.5,1,0,0,0,0,0,1,0,0,0
defendiendo,0.5,1,0,0,0,0,0,0,0,0,0
defensa,0.5,1,0,0,0,1,1,1,1,0,0
defensor,0.4,1,0,0,0,0,0,1,0,0,0
defensores,0.4,0,0,0,0,0,0,0,0,0,0
deferencia,0.5,1,0,0,0,0,0,1,0,0,0
deficiencia,-0.5,0,1,0,0,0,0,0,0,0,0
definitivo,0.5,1,0,0,0,0,0,1,0,0,0
deflación,-0.5,0,1,0,0,0,1,0,0,0,0
deformación,-0.5,0,1,0,1,1,0,0,0,0,0
deformada,-0.5,0,1,0,1,0,0,0,0,0,1
deformado,-0.5,0,1,0,1,0,0,0,0,0,1
deformar,-0.5,0,1,0,0,0,0,0,0,0,1
deformidad,-0.5,0,1,0,1,0,1,0,0,0,1
defraudador,-0.8,0,0,0,0,0,0,0,0,0,0
defraudadores,-0.8,0,0,0,0,0,0,0,0,0,0
defraudar,-0.5,0,1,0,0,1,0,0,0,0,1
degeneración,-0.5,0,1,0,1,1,0,0,0,0,1
degenerar,-0.5,0,1,0,0,0,0,0,0,0,0
degrada,-0.4,0,0,0,0,0,0,0,0,0,0
degradación,-0.5,0,1,0,0,0,0,0,0,0,0
degradada,-0.4,0,0,0,0,0,0,0,0,0,0
degradado,-0.4,0,0,0,0,0,0,0,0,0,0
degradante,-0.5,0,1,0,1,0,1,0,0,0,1
degradar,-0.4,0,1,0,0,0,0,0,0,0,1
dejar,-0.2,0,1,0,1,0,0,0,0,1,0
dejecting,-0.4,0,0,0,0,0,0,0,0,0,0
dejects,-0.4,0,0,0,0,0,0,0,0,0,0
delantero,0.5,1,0,0,0,0,0,0,0,0,0
delanteros,-0.4,0,0,0,0,0,0,0,0,0,0
delegar,0.5,1,0,0,0,0,0,1,0,0,0
deleitanda,0.6,0,0,0,0,0,0,0,0,0,0
deleitando,0.6,0,0,0,0,0,0,0,0,0,0
deleite,0.6,1,0,1,0,0,0,0,1,0,0
delfín,0.5,1,0,1,0,0,0,1,0,1,0
delgada,0.5,1,0,0,0,0,0,0,0,0,0
delgado,0.5,1,0,0,0,0,0,0,0,0,0
deliberar,0.5,1,0,0,0,0,0,0,0,0,0
delicada,-0.6,0,1,0,0,0,1,0,0,0,1
delicado,-0.6,0,1,0,0,0,1,0,0,0,1
delicias,0.6,0,0,0,0,0,0,0,0,0,0
delicioso,0.5,1,0,1,0,0,0,0,1,0,0
delincuencia,-0.5,0,1,0,0,0,0,0,0,0,0
delincuente,-0.4,0,1,0,1,1,1,0,0,0,1
delirante,-0.5,0,1,1,1,1,1,0,1,1,0
delirio,0.0,1,1,1,1,1,0,1,0,1,1
delita,-0.6,0,0,0,0,0,0,0,0,0,0
delito,-0.6,0,1,0,0,0,0,0,0,0,0
delitos,-0.6,0,0,0,0,0,0,0,0,0,0
demacrada,-0.5,0,1,0,1,0,1,0,0,0,0
demacrado,-0.5,0,1,0,1,0,1,0,0,0,0
demanda,-0.2,0,1,0,0,1,0,0,0,0,0
demanda judicial,-0.4,0,1,0,1,1,1,0,0,1,1
demandante,-0.5,0,1,0,0,1,0,0,0,0,1
demandar,-0.4,0,1,0,1,1,0,0,0,0,0
demandas,-0.4,0,0,0,0,0,0,0,0,0,0
demencia,-0.5,0,1,0,1,0,1,0,0,0,0
demente,-0.5,0,1,0,0,0,1,0,0,0,0
democracia,0.5,1,0,0,0,0,0,0,0,0,0
demoler,-0.5,0,1,0,1,1,0,0,0,0,0
demolición,-0.5,0,1,0,0,0,0,0,0,0,0
demonio,-0.5,0,1,0,1,1,1,0,0,1,1
demoníaco,-0.5,0,1,0,1,1,1,0,0,0,1
demostrable,0.5,1,0,0,0,0,0,0,0,0,0
demostración,-0.2,0,0,0,0,0,0,0,0,0,0
demostrativo,0.5,1,0,1,1,0,0,0,0,0,0
dentro de poco,0.0,0,0,0,0,0,0,0,1,0,0
denuncia,-0.4,0,1,0,0,1,1,0,0,0,1
denunciar,-0.4,0,1,0,0,1,0,0,0,0,1
dependencia,0.0,1,1,0,1,0,1,1,0,0,0
depender,0.0,0,0,0,0,0,0,1,1,0,0
dependiente,0.0,1,1,0,0,0,0,1,0,0,0
deplorable,-0.5,0,1,0,1,1,1,0,0,0,1
deplorar,-0.5,0,1,0,1,1,0,0,0,0,1
deportación,-0.5,0,1,0,1,1,1,0,0,0,0
deportar,-0.5,0,1,0,1,0,1,0,0,0,0
depositario,0.0,0,0,0,0,0,0,1,0,0,0
depravación,-0.5,0,1,0,0,1,0,0,0,0,1
depravada,-0.5,0,1,0,1,1,1,0,1,0,1
depravado,-0.5,0,1,0,1,1,1,0,1,0,1
depreciación,-0.5,0,1,0,0,0,1,0,0,0,0
depreciada,-0.5,0,1,0,1,1,1,0,0,0,1
depreciado,-0.5,0,1,0,1,1,1,0,0,0,1
depreciar,-0.5,0,1,0,0,1,0,0,0,0,1
depredador,-0.5,0,1,0,0,0,0,0,0,0,0
depresivo,-0.5,0,1,0,1,0,0,0,0,0,0
depresión,-0.5,0,1,0,1,0,0,0,0,0,0
deprimente,-0.4,0,1,0,1,0,0,0,0,0,1
deprimida,-0.4,0,1,0,1,1,1,0,0,0,0
deprimido,-0.4,0,1,0,1,1,1,0,0,0,0
deprimir,-0.5,0,1,0,1,0,1,0,0,0,0
derecha,0.2,0,0,0,0,0,0,0,0,0,0
derecho,0.2,0,0,0,0,0,0,0,0,0,0
deriding,-0.4,0,0,0,0,0,0,0,0,0,0
dermatólogo,0.0,0,0,0,0,0,0,1,0,0,0
derrocamiento,-0.5,0,1,0,0,0,1,0,1,0,0
derrocar,0.0,0,0,0,0,0,0,0,0,1,0
derrota,-0.5,0,1,0,0,0,0,0,0,0,0
derrotada,-0.4,0,1,0,1,0,0,0,0,0,0
derrotado,-0.4,0,1,0,1,0,0,0,0,0,0
desacreditada,-0.4,0,0,0,0,0,0,0,0,0,0
desacreditar,-0.5,0,1,0,0,1,0,0,0,0,0
desactivar,-0.5,0,1,0,0,0,0,0,0,0,0
desacuerda,-0.5,0,1,0,1,1,0,0,0,0,0
desacuerdo,-0.5,0,1,0,1,1,0,0,0,0,0
desafecto,-0.5,0,1,0,0,0,0,0,0,0,0
desafiante,-0.2,0,1,0,0,1,0,0,0,0,0
desafiar,-0.5,0,1,0,1,1,1,0,0,1,0
desafortunada,-0.5,0,1,0,1,1,1,0,0,0,1
desafortunado,-0.5,0,1,0,1,1,1,0,0,0,1
desafío,-0.5,0,1,0,0,1,1,0,0,0,1
desagradable,-0.6,0,1,0,1,1,0,0,0,0,1
desairada,-0.4,0,0,0,0,0,0,0,0,0,0
desairado,-0.4,0,0,0,0,0,0,0,0,0,0
desaire,-0.4,0,0,0,0,0,0,0,0,0,0
desaires,-0.4,0,0,0,0,0,0,0,0,0,0
desajuste,-0.5,0,1,0,0,0,0,0,0,0,0
desalentador,-0.5,0,1,0,1,0,0,0,0,0,0
desalentar,-0.5,0,1,0,1,0,1,0,0,0,0
desaliento,-0.5,0,1,0,0,0,0,0,0,0,0
desaloja,-0.2,0,0,0,0,0,0,0,0,0,0
desalojar,-0.5,0,1,0,1,0,0,0,0,0,0
desalojo,-0.2,0,1,0,1,1,1,0,0,0,1
desanimada,-0.4,0,0,0,0,0,0,0,0,0,0
desanimado,-0.4,0,0,0,0,0,0,0,0,0,0
desaparece,-0.2,0,0,0,0,0,0,0,0,0,0
desaparecer,-0.2,0,0,0,0,0,1,0,0,1,0
desaparecida,-0.4,0,1,0,1,0,1,0,0,1,0
desaparecido,-0.4,0,1,0,1,0,1,0,0,1,0
desapasionada,-0.5,0,1,0,1,0,0,0,0,0,0
desapasionado,-0.5,0,1,0,1,0,0,0,0,0,0
desapego,-0.5,0,1,0,0,0,0,0,0,0,0
desaprobación,-0.5,0,1,0,1,1,0,0,0,0,1
desaprobada,-0.5,0,1,0,1,1,0,0,0,0,0
desaprobado,-0.5,0,1,0,1,1,0,0,0,0,0
desaprobar,-0.5,0,1,0,1,1,1,0,0,0,1
desarrollar,0.5,1,0,0,0,0,0,0,1,0,0
desasosiega,-0.4,0,0,0,0,0,0,0,0,0,0
desasosiego,-0.4,0,0,0,0,0,0,0,0,0,0
desastre,-0.4,0,1,0,1,1,1,0,0,1,1
desastres,-0.4,0,0,0,0,0,0,0,0,0,0
desastrosa,-0.6,0,0,0,0,0,0,0,0,0,0
desastroso,-0.6,0,1,0,1,1,1,0,0,0,0
desatar,0.0,1,1,1,0,0,0,0,0,0,0
desatiende,-0.4,0,0,0,0,0,0,0,0,0,0
desayuno,0.5,1,0,0,0,0,0,0,0,0,0
descalificación,-0.5,0,1,0,0,0,0,0,0,0,0
descalificada,-0.4,0,1,0,1,1,0,0,0,0,1
descalificado,-0.4,0,1,0,1,1,0,0,0,0,1
descalificar,-0.5,0,1,0,1,0,0,0,0,0,0
descanso,0.5,1,0,0,0,0,0,0,1,1,0
descarada,-0.5,0,1,0,0,1,0,0,0,0,0
descarado,-0.5,0,1,0,0,1,0,0,0,0,0
descarga,-0.5,0,1,0,0,0,0,0,0,0,0
descarrila,-0.4,0,0,0,0,0,0,0,0,0,0
descarrilada,-0.4,0,0,0,0,0,0,0,0,0,0
descarrilado,-0.4,0,0,0,0,0,0,0,0,0,0
descartada,-0.2,0,0,0,0,0,0,0,0,0,0
descartado,-0.2,0,0,0,0,0,0,0,0,0,0
descarte,-0.2,0,0,0,0,0,0,0,0,0,0
descartes,-0.2,0,1,0,0,0,0,0,0,0,0
descendencia,0.0,0,0,0,1,0,1,0,0,0,0
descenso,-0.5,0,1,0,0,0,0,0,0,0,0
descolorada,-0.5,0,1,0,1,0,0,0,0,0,1
descolorado,-0.5,0,1,0,1,0,0,0,0,0,1
descoloramiento,-0.5,0,1,0,0,0,0,0,0,0,1
descolorarse,-0.5,0,1,0,0,0,0,0,0,0,0
descomponer,0.0,0,0,0,0,0,0,0,0,0,1
descomposición,-0.5,0,1,0,1,0,1,0,0,0,1
descompostura,-0.5,0,1,0,0,0,0,0,0,0,0
descompuesto,0.0,0,0,0,1,0,0,0,0,0,0
descomunal,0.0,0,0,0,0,0,1,0,0,0,0
desconcertada,-0.4,0,1,0,0,0,1,0,0,1,0
desconcertado,-0.4,0,1,0,0,0,1,0,0,1,0
desconcierto,0.0,0,0,0,0,0,1,0,0,1,0
desconectada,-0.2,0,1,0,1,0,0,0,0,0,0
desconectado,-0.2,0,1,0,1,0,0,0,0,0,0
desconectar,-0.5,0,1,0,1,0,0,0,0,0,0
desconexión,-0.5,0,1,0,0,0,0,0,0,0,0
desconfiada,-0.6,0,0,0,0,0,0,0,0,0,0
desconfiado,-0.6,0,0,0,0,0,0,0,0,0,0
desconfianza,-0.6,0,1,0,0,1,1,0,0,0,1
desconocida,-0.5,0,1,0,0,0,1,0,1,0,0
desconocido,-0.5,0,1,0,0,0,1,0,1,0,0
desconsiderada,-0.4,0,1,0,1,1,0,0,0,0,1
desconsiderado,-0.4,0,1,0,1,1,0,0,0,0,1
desconsolada,-0.4,0,1,0,1,0,0,0,0,0,0
desconsolado,-0.4,0,1,0,1,0,0,0,0,0,0
desconsuela,-0.4,0,0,0,0,0,0,0,0,0,0
desconsuelo,-0.4,0,0,0,0,0,0,0,0,0,0
descontenta,-0.4,0,0,0,0,0,0,0,0,0,0
descontento,-0.4,0,1,0,1,1,1,0,0,0,1
descorazonada,-0.4,0,1,0,1,0,0,0,0,0,0
descorazonado,-0.4,0,1,0,1,0,0,0,0,0,0
descortés,-0.5,0,1,0,0,0,0,0,0,0,1
descriptivo,0.5,1,0,0,0,0,0,0,0,0,0
descrédito,-0.5,0,1,0,0,0,0,0,0,0,0
descubrimiento,0.5,1,0,0,0,0,0,0,0,0,0
descubrir,0.0,0,0,0,0,0,0,0,0,1,0
descuenta,-0.2,0,0,0,0,0,0,0,0,0,0
descuento,-0.2,0,0,0,0,0,0,0,0,0,0
descuida,-0.4,0,1,0,0,1,0,0,0,0,1
descuidada,-0.4,0,1,0,1,1,0,0,0,0,1
descuidado,-0.4,0,1,0,1,1,0,0,0,0,1
descuidando,-0.5,0,1,0,0,0,0,0,0,0,0
descuido,-0.4,0,1,0,0,1,0,0,0,0,1
desdeñosa,-0.4,0,0,0,0,0,0,0,0,0,0
desdeñosamente,-0.4,0,0,0,0,0,0,0,0,0,0
desdeñoso,-0.4,0,1,0,0,1,0,0,0,0,0
desdichada,-0.5,0,1,0,1,0,0,0,0,0,1
desdichado,-0.5,0,1,0,1,0,0,0,0,0,1
desdén,-0.4,0,1,0,0,1,0,0,0,0,1
desea,0.2,0,0,0,0,0,0,0,0,0,0
deseable,0.4,1,0,0,0,0,0,0,0,0,0
deseada,0.4,0,0,0,0,0,0,0,0,0,0
deseado,0.4,0,0,0,0,0,0,0,0,0,0
deseanda,0.2,0,0,0,0,0,0,0,0,0,0
deseando,0.2,1,0,0,0,0,0,0,0,0,0
desecho,-0.5,0,1,0,0,0,0,0,0,0,0
deseducada,-0.5,0,1,0,1,0,0,0,0,0,0
deseducado,-0.5,0,1,0,1,0,0,0,0,0,0
desemplea,-0.4,0,0,0,0,0,0,0,0,0,0
desempleados,-0.5,0,1,0,1,0,1,0,0,0,0
desempleo,-0.4,0,0,0,0,0,0,0,0,0,0
desenfocada,-0.4,0,0,0,0,0,0,0,0,0,0
desenfocado,-0.4,0,0,0,0,0,0,0,0,0,0
desenfrenada,0.0,1,1,0,0,1,1,0,1,1,0
desenfrenado,0.0,1,1,0,0,1,1,0,1,1,0
deseo,0.2,0,0,0,0,0,0,0,0,0,0
deseos,0.2,0,0,0,0,0,0,0,0,0,0
deseosa,0.4,0,0,0,0,0,0,0,0,0,0
deseoso,0.4,1,0,0,0,0,0,0,1,0,0
deserción,-0.5,0,1,0,0,0,1,0,0,0,0
deservicio,-0.5,0,1,0,1,1,0,0,0,0,1
desesperaciones,-0.6,0,0,0,0,0,0,0,0,0,0
desesperación,-0.6,0,1,0,1,1,1,0,0,0,1
desesperada,-0.6,0,1,0,1,0,1,0,0,0,0
desesperadamente,-0.6,0,0,0,0,0,0,0,0,0,0
desesperado,-0.6,0,1,0,1,0,1,0,0,0,0
desestimación,-0.2,0,0,0,0,0,0,0,0,0,0
desestimada,-0.5,0,1,0,1,1,1,0,0,0,1
desestimado,-0.5,0,1,0,1,1,1,0,0,0,1
desestructurada,-0.4,0,1,0,0,0,0,0,0,0,0
desestructurado,-0.4,0,1,0,0,0,0,0,0,0,0
desfallecer,-0.5,0,1,0,0,0,1,0,0,0,0
desfases,-0.4,0,0,0,0,0,0,0,0,0,0
desfavorable,-0.5,0,1,0,1,0,0,0,0,0,1
desfigurada,-0.5,0,1,0,1,1,1,0,0,0,1
desfigurado,-0.5,0,1,0,1,1,1,0,0,0,1
desfile,0.0,1,1,1,0,0,1,0,1,1,0
desgarrar,-0.5,0,1,0,0,0,0,0,0,0,0
desgracia,-0.4,0,1,0,1,1,1,0,0,0,1
desgraciada,-0.4,0,1,0,1,1,0,0,0,0,1
desgraciado,-0.4,0,1,0,1,1,0,0,0,0,1
deshacer,-0.5,0,1,0,0,0,0,0,0,0,0
deshecha,-0.2,0,0,0,0,0,0,0,0,0,0
deshecho,-0.2,0,1,0,1,1,0,0,0,0,0
deshonesta,-0.4,0,0,0,0,0,0,0,0,0,0
deshonestidad,-0.5,0,1,0,0,0,0,0,0,0,1
deshonesto,-0.4,0,1,0,1,1,0,0,0,0,1
deshonra,-0.5,0,1,0,1,1,1,0,0,0,1
deshumaniza,-0.4,0,0,0,0,0,0,0,0,0,0
deshumanizada,-0.4,0,0,0,0,0,0,0,0,0,0
deshumanizado,-0.4,0,0,0,0,0,0,0,0,0,0
deshumanizante,-0.4,0,0,0,0,0,0,0,0,0,0
deshumanizar,-0.4,0,0,0,0,0,0,0,0,0,0
desierto,-0.5,0,1,0,1,1,1,0,1,0,1
designacion,0.0,0,0,0,0,0,0,1,0,0,0
desigual,-0.2,0,1,0,1,1,1,0,0,0,1
desigualdad,-0.5,0,1,0,1,1,1,0,0,0,0
desilusionada,-0.4,0,0,0,0,0,0,0,0,0,0
desilusionado,-0.4,0,0,0,0,0,0,0,0,0,0
desilusión,-0.5,0,1,0,1,1,0,0,0,0,1
desinfección,0.5,1,0,0,0,0,0,0,0,0,0
desinflar,-0.5,0,1,0,1,1,0,0,0,0,0
desinformación,-0.4,0,1,0,0,1,1,0,0,0,0
desintegración,-0.5,0,1,0,0,0,0,0,0,0,0
desintegrarse,-0.5,0,1,0,0,0,1,0,0,0,1
desinteresada,-0.5,0,1,0,1,0,0,0,0,0,0
desinteresado,-0.5,0,1,0,1,0,0,0,0,0,0
desistir,-0.5,0,1,0,0,1,0,0,0,0,1
desleal,-0.5,0,1,0,1,0,0,0,0,0,0
deslizamiento,0.5,1,0,1,0,0,0,0,1,0,0
deslizamiento de tierra,-0.5,0,1,0,1,0,1,0,0,0,0
deslucida,-0.5,0,1,0,0,0,0,0,0,0,0
deslucido,-0.5,0,1,0,0,0,0,0,0,0,0
deslumbrador,-0.5,0,1,0,0,1,0,0,0,0,0
deslumbramiento,-0.5,0,1,0,0,1,1,0,0,0,0
deslustre,-0.5,0,1,0,1,0,0,0,0,0,1
desmayo,0.0,1,1,1,1,0,1,1,1,1,0
desmañada,-0.5,0,1,0,0,0,0,0,0,0,0
desmañado,-0.5,0,1,0,0,0,0,0,0,0,0
desmembramiento,-0.5,0,1,0,1,0,1,0,0,0,1
desmoralizada,-0.4,0,1,0,1,0,1,0,0,0,0
desmoralizado,-0.4,0,1,0,1,0,1,0,0,0,0
desmoronando,-0.5,0,1,0,1,0,0,0,0,0,0
desmotivada,-0.4,0,0,0,0,0,0,0,0,0,0
desmotivado,-0.4,0,0,0,0,0,0,0,0,0,0
desobedecer,-0.5,0,1,0,0,1,0,0,0,0,1
desobediencia,-0.5,0,1,0,0,1,0,0,0,0,1
desobediente,-0.5,0,1,0,0,1,0,0,0,0,0
desolada,-0.5,0,1,0,1,0,0,0,0,0,1
desolado,-0.5,0,1,0,1,0,0,0,0,0,1
desorden,-0.5,0,1,0,0,1,1,0,0,0,0
desordenada,-0.5,0,1,0,0,0,0,0,0,0,1
desordenado,-0.5,0,1,0,0,0,0,0,0,0,1
desorientada,-0.4,0,0,0,0,0,0,0,0,0,0
desorientado,-0.4,0,0,0,0,0,0,0,0,0,0
despecho,-0.5,0,1,0,0,1,0,0,0,0,0
despectiva,-0.4,0,0,0,0,0,0,0,0,0,0
despectivo,-0.4,0,1,0,1,1,1,0,0,0,1
despedida,-0.4,0,0,0,0,0,0,0,0,0,0
despedido,-0.4,0,0,0,0,0,0,0,0,0,0
despejada,0.2,0,0,0,0,0,0,0,0,0,0
despejado,0.2,0,0,0,0,0,0,0,0,0,0
despeje,0.5,1,0,0,0,0,0,1,0,0,0
desperdicios,-0.4,0,1,0,0,0,0,0,0,0,0
despertar,0.5,1,0,0,0,0,0,0,1,0,0
despiadada,-0.5,0,1,0,0,0,1,0,0,0,0
despiadado,-0.5,0,1,0,0,0,1,0,0,0,0
despida,-0.5,0,1,0,1,1,1,0,0,1,1
despido,-0.5,0,1,0,1,1,1,0,0,1,1
despistadas,-0.4,0,0,0,0,0,0,0,0,0,0
despistados,-0.4,0,0,0,0,0,0,0,0,0,0
desplazada,0.0,0,0,0,1,1,1,0,0,0,0
desplazado,0.0,0,0,0,1,1,1,0,0,0,0
desplazar,-0.5,0,1,0,0,0,0,0,0,0,0
desplegar,0.5,1,0,0,0,0,0,0,1,0,0
despojada,-0.5,0,1,0,1,1,1,0,1,0,1
despojado,-0.5,0,1,0,1,1,1,0,1,0,1
despojo,-0.5,0,1,0,0,0,0,0,0,0,0
despojos mortales,-0.5,0,1,0,1,0,0,0,0,0,0
desposeída,-0.5,0,1,0,1,1,1,0,0,0,0
desposeído,-0.5,0,1,0,1,1,1,0,0,0,0
despotismo,-0.5,0,1,0,1,1,1,0,0,0,1
despotricar,-0.6,0,0,0,0,0,0,0,0,0,0
desprecia,-0.4,0,0,0,0,0,0,0,0,0,0
despreciable,-0.5,0,1,0,0,1,0,0,0,0,1
despreciar,-0.5,0,1,0,0,1,0,0,0,0,1
desprecio,-0.4,0,1,0,0,1,1,0,0,0,1
despreocupada,-0.4,0,1,0,1,1,0,0,0,0,1
despreocupado,-0.4,0,1,0,1,1,0,0,0,0,1
desprevenida,-0.5,0,1,0,0,0,0,0,0,0,0
desprevenido,-0.5,0,1,0,0,0,0,0,0,0,0
desprotegida,-0.5,0,1,0,0,0,0,0,0,0,0
desprotegido,-0.5,0,1,0,0,0,0,0,0,0,0
despótico,-0.5,0,1,0,0,1,1,0,0,0,0
destellos,0.6,0,0,0,0,0,0,0,0,0,0
desterrar,-0.2,0,1,0,1,1,1,0,0,0,1
destierro,-0.5,0,1,0,1,1,0,0,0,0,1
destilación,0.5,1,0,0,0,0,0,0,0,0,0
destinada,0.0,0,0,0,0,0,0,0,1,0,0
destinado,0.0,0,0,0,0,0,0,0,1,0,0
destinado a,0.5,1,0,0,0,0,0,0,1,0,0
destino,0.0,1,1,1,1,0,1,0,1,1,0
destreza,0.5,1,0,0,0,0,0,0,0,0,0
destrozada,-0.4,0,1,0,1,0,0,0,0,0,0
destrucción,-0.6,0,1,0,0,1,0,0,0,0,0
destructiva,-0.6,0,0,0,0,0,0,0,0,0,0
destructivo,-0.6,0,1,0,0,1,1,0,0,0,1
destructor,-0.5,0,1,0,0,1,1,0,0,0,0
destruida,-0.6,0,1,0,1,1,1,0,0,0,0
destruido,-0.6,0,1,0,1,1,1,0,0,0,0
destruir,-0.6,0,0,0,0,0,0,0,0,0,0
destruye,-0.6,0,0,0,0,0,0,0,0,0,0
destruyenda,-0.6,0,0,0,0,0,0,0,0,0,0
destruyendo,-0.6,0,1,0,1,1,1,0,0,0,0
desuso,-0.5,0,1,0,0,0,0,0,0,0,0
desventaja,-0.4,0,1,0,1,0,0,0,0,0,0
desventurada,-0.4,0,0,0,0,0,0,0,0,0,0
desventurado,-0.4,0,0,0,0,0,0,0,0,0,0
desvergonzada,-0.5,0,1,0,0,0,0,0,0,0,1
desvergonzado,-0.5,0,1,0,0,0,0,0,0,0,1
desviación,0.5,1,0,0,1,0,0,0,0,1,0
detección,0.5,1,0,0,0,0,0,0,0,0,0
detectar,0.5,1,0,0,0,0,0,0,0,0,0
detenciones,-0.4,0,0,0,0,0,0,0,0,0,0
detención,-0.4,0,1,0,1,0,1,0,0,0,0
detener,-0.4,0,1,0,0,0,0,0,0,0,0
detenida,-0.6,0,1,0,1,1,1,0,1,0,0
detenido,-0.6,0,1,0,1,1,1,0,1,0,0
deteriorada,-0.5,0,1,0,1,0,0,0,0,0,1
deteriorado,-0.5,0,1,0,1,0,0,0,0,0,1
deteriorarse,-0.5,0,1,0,1,0,1,0,0,0,0
deterioro,-0.5,0,1,0,1,1,1,0,0,0,1
determinación,0.5,1,0,0,0,0,0,1,0,0,0
determinada,0.4,1,0,0,0,0,0,1,1,0,0
determinado,0.4,1,0,0,0,0,0,1,1,0,0
detestada,-0.6,0,0,0,0,0,0,0,0,0,0
detestado,-0.6,0,0,0,0,0,0,0,0,0,0
detestar,-0.6,0,1,0,0,1,0,0,0,0,1
detonación,0.0,0,0,0,0,1,0,0,0,0,0
detonar,-0.5,0,1,0,0,0,1,0,0,1,0
detraer,-0.5,0,1,0,0,1,0,0,0,0,0
detrimento,-0.5,0,1,0,0,0,0,0,0,0,0
detrito,-0.5,0,1,0,0,0,0,0,0,0,0
deuda,-0.4,0,1,0,1,0,0,0,0,0,0
deudor,-0.5,0,1,0,0,0,1,0,0,0,0
devastación,-0.5,0,1,0,1,1,1,0,0,1,0
devastada,-0.4,0,0,0,0,0,0,0,0,0,0
devastado,-0.4,0,0,0,0,0,0,0,0,0,0
devastador,-0.4,0,1,0,1,1,1,1,0,0,1
devastar,-0.4,0,1,0,1,1,1,0,0,0,0
devolución,-0.5,0,1,0,0,0,0,0,0,0,0
devorar,-0.5,0,1,0,0,0,0,0,0,0,0
devota,0.6,0,0,0,0,0,0,0,0,0,0
devoto,0.6,1,0,1,0,0,0,1,1,0,0
diablo,-0.5,0,1,0,1,1,1,0,1,0,1
diabólico,-0.5,0,1,0,0,1,1,0,0,0,1
diagnóstico,-0.5,0,1,0,0,0,1,1,1,0,0
diamante,0.2,1,0,1,0,0,0,0,0,0,0
diario,0.5,1,0,1,0,0,0,1,1,0,0
diarrea,0.0,0,0,0,0,0,0,0,0,0,1
diatriba,-0.5,0,1,0,0,1,0,0,0,0,1
diccionario,0.5,1,0,0,0,0,0,1,0,0,0
dictador,-0.5,0,1,0,0,0,1,0,0,0,0
dictadura,-0.5,0,1,0,1,1,1,0,1,0,1
dictamen,0.0,0,0,0,0,0,0,1,0,0,0
dictatorial,-0.5,0,1,0,0,1,0,0,0,0,0
didáctico,0.5,1,0,0,0,0,0,0,0,0,0
dietético,0.5,1,0,0,0,0,0,0,1,0,0
difamación,-0.5,0,1,0,0,1,1,1,0,0,1
difamatoria,-0.4,0,0,0,0,0,0,0,0,0,0
difamatorio,-0.4,0,1,0,0,1,0,0,0,0,0
diferencial,0.0,0,0,0,0,0,0,1,0,0,0
diferentemente,0.0,0,0,0,0,0,0,0,0,1,0
dificultad,-0.5,0,1,0,1,1,1,0,0,0,0
dificultades,-0.5,0,1,0,1,0,0,0,0,0,0
difirienda,-0.2,0,0,0,0,0,0,0,0,0,0
difiriendo,-0.2,0,0,0,0,0,0,0,0,0,0
difuminar,-0.5,0,1,0,0,0,0,0,0,0,0
difunto,-0.5,0,1,0,1,0,0,0,0,0,0
difícil,-0.4,0,1,0,1,0,1,0,0,0,1
digna,0.4,0,0,0,0,0,0,0,0,0,0
dignidad,0.5,1,0,0,0,0,0,1,0,0,0
digno,0.4,1,0,0,0,0,0,1,0,0,0
dilación,-0.5,0,1,0,0,0,0,0,0,0,0
dilema,-0.2,0,1,0,0,1,1,0,0,0,0
diligencia,0.5,1,0,0,0,0,0,1,0,0,0
dilucidar,0.5,1,0,0,0,0,0,1,0,0,0
diluida,-0.5,0,1,0,0,0,0,0,0,0,0
diluido,-0.5,0,1,0,0,0,0,0,0,0,0
diluvio,-0.5,0,1,0,1,0,1,0,0,1,0
dimes y diretes,-0.5,0,1,0,0,1,0,0,0,0,1
dinero,0.5,1,0,1,0,1,0,1,1,1,0
dinosaurio,0.0,0,0,0,0,0,1,0,0,0,0
dinámica,0.0,0,0,0,0,0,0,0,0,1,0
dios,0.2,1,0,1,0,0,1,1,1,0,0
diplomacia,0.5,1,0,0,0,0,0,1,1,0,0
diplomático,0.5,1,0,0,0,0,0,1,0,0,1
dipshit,-0.6,0,0,0,0,0,0,0,0,0,0
diputada,0.0,0,0,0,0,0,0,1,0,0,0
diputado,0.0,0,0,0,0,0,0,1,0,0,0
dique,0.0,0,0,0,0,0,1,1,0,0,0
direcciones,0.5,1,0,0,0,0,0,0,1,0,0
dirección,0.5,1,0,0,0,0,0,1,0,0,0
dirección correcta,0.6,0,0,0,0,0,0,0,0,0,0
director,0.5,1,0,0,0,0,0,1,0,0,0
director de escuela,0.5,1,0,0,0,0,0,1,0,0,0
dirigir,0.5,1,0,0,0,0,0,0,0,0,0
discapacidad,-0.5,0,1,0,1,0,0,0,0,0,0
discapacitada,-0.5,0,1,0,1,0,1,0,0,0,0
discapacitado,-0.5,0,1,0,1,0,1,0,0,0,0
disciplina,-0.5,0,1,0,0,0,1,0,0,0,0
discontinuidad,-0.5,0,1,0,1,0,1,0,0,0,1
discorde,-0.5,0,1,0,1,0,1,0,0,0,0
discordia,-0.4,0,1,0,0,1,0,0,0,0,1
discrecional,0.5,1,0,0,0,0,0,0,0,0,0
discreción,0.5,1,0,0,0,0,0,1,1,0,0
discrepar,-0.5,0,1,0,0,1,0,0,0,0,0
discreto,0.5,1,0,0,0,0,0,0,1,0,0
discriminación,-0.5,0,1,0,1,1,1,0,0,0,1
discriminante,-0.5,0,1,0,0,0,0,0,0,0,1
discriminar,-0.5,0,1,0,1,1,0,0,0,0,0
disculpa,-0.2,1,0,0,0,0,0,0,0,0,0
disculpanda,-0.2,0,0,0,0,0,0,0,0,0,0
disculpando,-0.2,0,0,0,0,0,0,0,0,0,0
disculpar,-0.2,0,0,0,0,0,0,0,0,0,0
disculpó,-0.2,0,0,0,0,0,0,0,0,0,0
discusión,0.5,1,0,0,0,0,0,0,0,0,0
discutible,-0.5,0,1,0,0,0,0,0,0,0,0
discutidor,-0.5,0,1,0,0,0,0,0,0,0,0
discutir,-0.5,0,1,0,0,1,0,0,0,0,0
discípulo,0.0,0,0,0,0,0,0,1,0,0,0
disección,0.0,0,0,0,0,0,0,0,0,0,1
diseminar,0.5,1,0,0,0,0,0,0,0,0,0
disensión,-0.5,0,1,0,0,1,0,0,0,0,0
disentería,-0.5,0,1,0,1,0,0,0,0,0,1
diseñador,0.5,1,0,0,0,0,0,0,0,0,0
disfraces,-0.2,0,0,0,0,0,0,0,0,0,0
disfraz,-0.2,0,0,0,0,0,0,0,0,0,0
disfrazada,-0.2,0,0,0,0,0,0,0,0,0,0
disfrazado,-0.2,0,0,0,0,0,0,0,0,0,0
disfruta,0.4,0,0,0,0,0,0,0,0,0,0
disfrutanda,0.4,0,0,0,0,0,0,0,0,0,0
disfrutando,0.4,1,0,1,0,0,0,1,1,0,0
disfrutar,0.4,1,0,1,0,0,0,1,1,0,0
disfunción,-0.4,0,0,0,0,0,0,0,0,0,0
disgusta,-0.4,0,0,0,0,0,0,0,0,0,0
disgustada,-0.6,0,1,0,1,1,1,0,0,0,1
disgustado,-0.6,0,1,0,1,1,1,0,0,0,1
disgusto,-0.4,0,1,0,1,1,0,0,0,0,1
disidente,-0.5,0,1,0,0,1,1,0,0,0,0
disinclined,-0.4,0,0,0,0,0,0,0,0,0,0
disipar,-0.5,0,1,0,1,0,0,0,0,0,0
dislocada,-0.5,0,1,0,1,1,1,0,0,0,1
dislocado,-0.5,0,1,0,1,1,1,0,0,0,1
disminución,-0.5,0,1,0,0,0,0,0,0,0,0
disminuida,-0.5,0,1,0,0,0,0,0,0,0,0
disminuido,-0.5,0,1,0,0,0,0,0,0,0,0
disminuir,-0.5,0,1,0,1,0,0,0,0,0,0
disolución,-0.5,0,1,0,1,1,1,0,0,1,0
disonancia,-0.5,0,1,0,0,1,0,0,0,0,0
dispara,-0.4,0,0,0,0,0,0,0,0,0,0
disparar,-0.2,0,1,0,0,1,1,0,0,0,0
disparates,-0.4,0,1,0,0,0,0,0,0,0,0
disparidad,-0.5,0,1,0,1,1,0,0,0,0,1
disparo,-0.4,0,1,0,1,1,1,0,0,1,0
dispersión,-0.5,0,1,0,0,0,0,0,0,0,0
disponer,0.0,0,0,0,0,0,0,0,0,0,1
disposición,-0.5,0,1,0,0,0,0,0,0,0,0
dispuesto,0.5,1,0,0,0,0,0,1,1,0,0
disputa,-0.4,0,1,0,1,1,1,0,0,0,1
disputanda,-0.4,0,0,0,0,0,0,0,0,0,0
disputando,-0.4,0,0,0,0,0,0,0,0,0,0
disputas,-0.4,0,0,0,0,0,0,0,0,0,0
disrespected,-0.4,0,0,0,0,0,0,0,0,0,0
disruptiva,-0.4,0,0,0,0,0,0,0,0,0,0
disruptivo,-0.4,0,0,0,0,0,0,0,0,0,0
distinción,0.5,1,0,0,0,0,0,0,0,0,0
distorsiona,-0.4,0,0,0,0,0,0,0,0,0,0
distorsionada,-0.4,0,1,0,0,0,0,0,0,0,1
distorsionado,-0.4,0,1,0,0,0,0,0,0,0,1
distorsionar,-0.4,0,0,0,0,0,0,0,0,0,0
distorsionista,-0.4,0,0,0,0,0,0,0,0,0,0
distorsión,-0.5,0,1,0,0,0,0,0,0,0,0
distracción,-0.4,0,1,0,0,0,0,0,0,0,0
distrae,-0.4,0,0,0,0,0,0,0,0,0,0
distraer,-0.4,0,1,0,0,1,0,0,1,0,0
distraída,-0.4,0,1,0,0,1,0,0,0,0,0
distraído,-0.4,0,1,0,0,1,0,0,0,0,0
disturbio,-0.5,0,1,0,1,1,1,0,0,1,0
disturbios,-0.4,0,0,0,1,0,1,0,0,0,0
divagar,-0.5,0,1,0,0,0,0,0,1,0,0
divergente,-0.5,0,1,0,0,0,0,0,0,1,0
diversificada,0.5,1,0,0,0,0,0,0,0,0,0
diversificado,0.5,1,0,0,0,0,0,0,0,0,0
diversiones,0.6,0,0,0,0,0,0,0,0,0,0
diversión,0.6,1,0,1,0,0,0,0,0,0,0
diverso,0.0,1,1,0,0,0,0,0,0,0,0
divertida,0.8,1,0,1,0,0,0,0,1,0,0
divertido,0.8,1,0,1,0,0,0,0,1,0,0
divertidísima,0.4,0,0,0,0,0,0,0,0,0,0
divertidísimo,0.4,1,0,1,0,0,0,0,0,1,0
divinidad,0.5,1,0,0,0,0,0,0,1,0,0
división,-0.5,0,1,0,0,0,0,0,0,0,0
divorcio,-0.5,0,1,0,1,1,1,1,0,1,1
divulgada,0.0,0,0,0,0,0,0,1,0,0,0
divulgado,0.0,0,0,0,0,0,0,1,0,0,0
diván,0.0,0,0,0,0,0,0,1,0,0,0
diácono,0.0,0,0,0,0,0,0,1,0,0,0
doctor,0.5,1,0,0,0,0,0,1,0,0,0
doctrina,0.0,0,0,0,0,0,0,1,0,0,0
dogma,0.0,0,0,0,0,0,0,1,0,0,0
dogmático,-0.5,0,1,0,0,1,0,0,0,0,0
dolor,-0.4,0,1,0,1,0,1,0,0,0,1
dolor de cabeza,-0.5,0,1,0,0,0,0,0,0,0,0
dolor de muelas,-0.5,0,1,0,0,0,1,0,0,0,0
dolores del parto,-0.5,0,1,0,0,0,0,0,0,0,0
dolorida,-0.4,0,1,0,1,1,1,0,0,0,0
dolorido,-0.4,0,1,0,1,1,1,0,0,0,0
dolorosa,-0.4,0,0,0,0,0,0,0,0,0,0
doloroso,-0.4,0,1,0,1,1,1,0,0,0,1
dom,0.5,1,0,1,0,0,0,1,1,1,0
dominación,-0.5,0,1,0,1,1,1,0,0,0,0
dominante,0.0,1,1,0,0,0,1,1,0,0,0
dominar,0.0,1,1,0,0,1,1,0,0,0,0
dominio,0.0,0,0,0,0,0,1,1,0,0,0
don,0.5,1,0,0,0,0,0,1,0,0,0
donación,0.5,1,0,0,0,0,0,0,0,0,0
doncella,0.5,1,0,0,0,0,0,0,0,0,0
dotación,0.5,1,0,0,0,0,0,1,0,0,0
dotada,0.5,1,0,0,0,0,0,0,0,0,0
dotado,0.5,1,0,0,0,0,0,0,0,0,0
dotar,0.5,1,0,0,0,0,0,1,0,0,0
drenaje,-0.5,0,1,0,0,0,0,0,0,0,0
drogada,-0.5,0,1,0,1,0,0,0,0,0,0
drogado,-0.5,0,1,0,1,0,0,0,0,0,0
ducha,-0.6,0,1,0,0,0,0,0,0,0,0
duda,-0.2,0,1,0,1,0,1,1,0,0,0
dudada,-0.2,0,0,0,0,0,0,0,0,0,0
dudado,-0.2,0,0,0,0,0,0,0,0,0,0
dudas,-0.2,0,0,0,0,0,0,0,0,0,0
dudosa,-0.4,0,0,0,0,0,0,0,0,0,0
dudoso,-0.4,0,1,0,0,0,1,1,0,0,0
duela,-0.5,0,1,0,0,0,0,0,0,0,0
duele,-0.4,0,0,0,0,0,0,0,0,0,0
duelo,-0.5,0,1,0,1,1,1,0,1,0,0
duende,-0.5,0,1,0,0,1,1,0,0,0,1
dueto,0.5,1,0,0,0,0,0,0,0,0,0
dulce,0.4,1,0,1,0,0,0,1,1,1,0
dulce de azúcar,-0.5,0,1,0,0,0,0,0,0,0,0
dulces,0.5,1,0,1,0,0,0,0,1,0,0
dulzura,0.5,1,0,0,0,0,0,0,0,0,0
dupda,-0.5,0,1,0,0,0,0,0,0,0,0
dupdo,-0.5,0,1,0,0,0,0,0,0,0,0
duplicidad,-0.5,0,1,0,0,1,0,0,0,0,0
duque,0.5,1,0,0,0,0,0,0,0,0,0
dura,-0.4,0,0,0,0,0,0,0,0,0,0
durabilidad,0.5,1,0,0,0,0,0,1,0,0,0
durable,0.5,1,0,0,0,0,0,1,0,0,0
dureza,0.0,1,1,0,0,1,1,1,0,0,0
duro,-0.4,0,1,0,0,0,0,0,0,0,0
débil,-0.4,0,1,0,1,1,1,0,0,0,1
débiles,-0.4,0,0,0,0,0,0,0,0,0,0
déficit,-0.4,0,1,0,0,0,0,0,0,0,0
día del juicio final,-0.5,0,1,0,1,1,1,0,1,0,1
día siguiente,0.0,0,0,0,0,0,0,0,1,0,0
dígito,0.0,0,0,0,0,0,0,1,0,0,0
dócil,0.5,1,0,0,0,0,0,0,0,0,0
dólar,0.0,1,1,0,0,0,1,0,0,1,0
echando humo,-0.5,0,1,0,0,1,0,0,0,0,0
economía,0.0,0,0,0,0,0,0,1,0,0,0
edad viril,0.5,1,0,0,0,0,0,0,0,0,0
edición,0.0,0,0,0,0,0,0,0,1,0,0
edicto,-0.5,0,1,0,0,0,1,0,0,0,0
edificación,0.5,1,0,1,0,0,0,1,1,0,0
edificio,0.5,1,0,0,0,0,0,0,0,0,0
educada,0.5,1,0,0,0,0,0,0,0,0,0
educado,0.5,1,0,0,0,0,0,0,0,0,0
educar,0.5,1,0,0,0,0,0,0,0,0,0
educativo,0.5,1,0,0,0,0,0,1,0,0,0
efectivo,0.5,1,0,1,0,1,1,1,1,0,0
efemérides,0.5,1,0,0,0,0,0,0,0,0,0
eficacia,0.5,1,0,0,0,0,0,0,0,0,0
eficaz,0.4,1,0,0,0,0,0,1,0,0,0
eficazmente,0.4,0,0,0,0,0,0,0,0,0,0
eficiencia,0.5,1,0,0,0,0,0,0,0,0,0
eficiente,0.5,1,0,0,0,0,0,1,1,0,0
efigie,0.0,0,0,0,0,1,0,0,0,0,0
egoísma,-0.6,0,0,0,0,0,0,0,0,0,0
egoísmo,-0.6,0,1,0,0,0,0,0,0,0,0
egoísta,-0.6,0,1,0,0,1,0,0,0,0,1
ególatra,-0.5,0,1,0,0,0,0,0,0,0,1
ejecuciones,-0.4,0,0,0,0,0,0,0,0,0,0
ejecución,-0.5,0,1,0,1,1,1,1,0,0,0
ejecutante,0.5,1,0,0,0,0,0,0,0,0,0
ejemplar,0.5,1,0,0,0,0,0,0,0,0,0
elaboración,0.5,1,0,0,0,0,0,0,0,0,0
elación,0.6,0,0,0,0,0,0,0,0,0,0
elección,0.5,1,0,0,0,0,0,0,0,0,0
electa,0.5,1,0,0,0,0,0,1,0,0,0
electo,0.5,1,0,0,0,0,0,1,0,0,0
electorada,0.0,0,0,0,0,0,0,1,0,0,0
electorado,0.0,0,0,0,0,0,0,1,0,0,0
electricidad,0.5,1,0,0,0,0,0,0,0,0,0
elegancia,0.5,1,0,1,0,0,0,1,1,0,0
elegante,0.4,1,0,1,0,0,0,0,0,0,0
elegible,0.5,1,0,0,0,0,0,0,0,0,0
elegida,0.5,1,0,0,0,0,0,0,0,0,0
elegido,0.5,1,0,0,0,0,0,0,0,0,0
elevación,0.5,1,0,1,0,0,1,1,1,0,0
elevada,-0.5,0,1,0,0,0,0,0,0,0,0
elevado,-0.5,0,1,0,0,0,0,0,0,0,0
eliminación,-0.5,0,1,0,1,1,1,0,0,0,1
elocuencia,0.5,1,0,0,0,0,0,0,0,0,0
elocuente,0.5,1,0,0,0,0,0,0,0,0,0
elogiada,0.4,0,0,0,0,0,0,0,0,0,0
elogiado,0.4,0,0,0,0,0,0,0,0,0,0
elogiar,0.4,1,0,0,0,0,0,0,0,0,0
elusivo,-0.5,0,1,0,0,0,0,0,0,1,0
elástico,0.5,1,0,0,0,0,0,0,0,0,0
eléctrico,0.5,1,0,1,0,0,0,0,0,1,0
emancipación,0.5,1,0,1,0,0,0,0,1,0,0
embajador,0.5,1,0,0,0,0,0,1,0,0,0
embaldosada,0.5,1,0,0,0,0,0,0,0,0,0
embaldosado,0.5,1,0,0,0,0,0,0,0,0,0
embaraza,-0.4,0,0,0,0,0,0,0,0,0,0
embarazo,-0.5,0,1,0,0,0,0,0,0,0,1
embarazosa,-0.4,0,0,0,0,0,0,0,0,0,0
embarazoso,-0.4,0,1,0,0,0,0,0,0,0,0
embargo,-0.5,0,1,0,0,0,0,0,0,0,0
embaucar,-0.4,0,0,0,0,0,0,0,0,0,0
embellecer,0.6,1,0,1,0,0,0,0,0,0,0
embellecimiento,0.5,1,0,1,0,0,0,1,0,0,0
embolia,-0.5,0,1,0,1,0,1,0,0,0,0
emboscada,-0.5,0,1,0,0,1,1,0,0,1,0
embriagada,-0.5,0,1,0,0,0,0,0,0,0,1
embriagado,-0.5,0,1,0,0,0,0,0,0,0,1
embriagador,-0.5,0,1,0,0,0,0,0,0,0,0
embriaguez,-0.5,0,1,0,0,0,0,0,0,0,0
embrollada,-0.5,0,1,0,0,0,0,0,0,0,0
embrollado,-0.5,0,1,0,0,0,0,0,0,0,0
emergencia,-0.4,0,1,0,1,0,1,0,0,1,0
emeritus,0.5,1,0,0,0,0,0,0,0,0,0
eminencia,0.5,1,0,0,0,0,0,1,0,0,0
eminente,0.5,1,0,0,0,0,0,0,0,0,0
eminentemente,0.5,1,0,0,0,0,0,0,0,0,0
emir,0.5,1,0,0,0,0,0,0,0,0,0
emocionada,0.6,1,0,1,0,0,0,1,1,1,0
emocionado,0.6,1,0,1,0,0,0,1,1,1,0
emocionante,0.6,1,0,1,0,0,0,0,1,1,0
emoción,0.6,1,0,1,0,0,1,0,1,1,0
empalaga;,-0.6,0,0,0,0,0,0,0,0,0,0
empapar,-0.5,0,1,0,0,0,0,0,0,0,0
empatía,0.5,1,0,0,0,0,0,0,0,0,0
empeora,-0.6,0,0,0,0,0,0,0,0,0,0
empeorada,-0.6,0,0,0,0,0,0,0,0,0,0
empeorado,-0.6,0,0,0,0,0,0,0,0,0,0
empeoramienta,-0.6,0,0,0,0,0,0,0,0,0,0
empeoramiento,-0.6,0,0,0,0,0,0,0,0,0,0
empeorando,-0.5,0,1,0,1,0,0,0,0,0,1
empeorar,-0.6,0,0,0,0,0,0,0,0,0,0
empequeñecer,-0.4,0,1,0,1,1,1,0,0,0,1
empequeñecida,-0.5,0,1,0,1,0,1,0,0,0,0
empequeñecido,-0.5,0,1,0,1,0,1,0,0,0,0
empeñar,-0.5,0,1,0,0,0,0,1,0,0,0
emplear,0.0,0,0,0,0,0,0,1,0,0,0
empollanda,-0.4,0,0,0,0,0,0,0,0,0,0
empollando,-0.4,0,0,0,0,0,0,0,0,0,0
emprendedor,0.2,1,0,0,0,0,0,0,0,0,0
empresa,0.0,0,0,0,0,0,0,0,1,0,0
empujón,-0.5,0,1,0,0,1,0,0,0,0,0
empática,0.4,0,0,0,0,0,0,0,0,0,0
empático,0.4,0,0,0,0,0,0,0,0,0,0
emular,0.5,1,0,0,0,0,0,0,0,0,0
en abundancia,0.5,1,0,0,0,0,0,0,0,0,0
en acción,-0.5,0,1,0,0,0,0,0,0,0,0
en caso,-0.5,0,1,0,1,1,1,0,0,0,1
en desacuerda,-0.5,0,1,0,1,1,0,0,0,0,0
en desacuerdo,-0.5,0,1,0,1,1,0,0,0,0,0
en desgracia,-0.5,0,1,0,1,1,0,0,0,0,1
en desuso,-0.5,0,1,0,0,1,0,0,0,0,0
en mal estada,-0.5,0,1,0,0,0,0,0,0,0,1
en mal estado,-0.5,0,1,0,0,0,0,0,0,0,1
en marcha,0.0,0,0,0,0,0,0,0,1,0,0
en peligro de extinción,-0.5,0,1,0,0,0,1,0,0,0,0
en pie,0.5,1,0,0,0,0,0,0,0,0,0
en verdad,0.5,1,0,0,0,0,0,1,0,0,0
enajenar,-0.5,0,1,0,0,1,0,0,0,0,1
enano,-0.5,0,1,0,0,0,0,0,0,0,0
encadenar,-0.5,0,1,0,1,1,1,0,1,0,1
encaja,-0.5,0,1,0,0,1,0,0,0,0,0
encalar,-0.6,0,0,0,0,0,0,0,0,0,0
encallada,-0.5,0,1,0,0,0,0,0,0,0,0
encallado,-0.5,0,1,0,0,0,0,0,0,0,0
encanta,0.6,0,0,0,0,0,0,0,0,0,0
encantada,0.6,1,1,1,0,0,0,1,1,1,0
encantadas,1.0,0,0,0,0,0,0,0,0,0,0
encantado,0.6,1,1,1,0,0,0,1,1,1,0
encantador,0.6,1,0,1,1,0,0,1,1,1,0
encantados,1.0,0,0,0,0,0,0,0,0,0,0
encantar,0.5,1,0,1,0,0,0,0,1,1,0
encanto,0.6,1,0,0,0,0,0,0,0,0,0
encapotada,-0.5,0,1,0,0,0,0,0,0,0,0
encapotado,-0.5,0,1,0,0,0,0,0,0,0,0
encapuchada,0.0,0,0,0,0,0,1,0,0,0,0
encapuchado,0.0,0,0,0,0,0,1,0,0,0,0
encarcelada,-0.4,0,1,0,1,1,1,0,0,0,1
encarcelado,-0.4,0,1,0,1,1,1,0,0,0,1
encarcelamiento,-0.5,0,1,0,1,1,1,0,0,0,1
encarcelar,-0.5,0,1,0,0,0,0,0,0,0,0
enciclopedia,0.5,1,0,0,0,0,0,1,0,0,0
enclave,-0.5,0,1,0,0,0,0,0,0,0,0
enclenque,-0.5,0,1,0,1,0,1,0,0,0,0
encogerse,-0.5,0,1,0,1,0,1,0,0,0,1
encogida,-0.5,0,1,0,0,0,0,0,0,0,0
encogido,-0.5,0,1,0,0,0,0,0,0,0,0
encogimiento,-0.5,0,1,0,1,0,1,0,0,0,0
enconada,-0.4,0,0,0,0,0,0,0,0,0,0
enconado,-0.4,0,0,0,0,0,0,0,0,0,0
encontró,0.5,1,0,1,0,0,0,1,0,0,0
encubrir,-0.5,0,1,0,1,0,0,0,0,0,0
encuentro casual,-0.5,0,1,0,0,0,0,0,0,0,0
encuesta,0.0,0,0,0,0,0,0,1,0,0,0
endeble,-0.5,0,1,0,0,0,1,0,0,0,1
endocarditis,0.0,0,0,0,1,0,1,0,0,0,0
endosada,0.4,0,0,0,0,0,0,0,0,0,0
endosado,0.4,0,0,0,0,0,0,0,0,0,0
endosar,0.4,0,0,0,0,0,0,0,0,0,0
endémico,-0.5,0,1,0,1,0,1,0,0,0,1
enema,0.0,0,0,0,0,0,0,0,0,0,1
enemiga,-0.4,0,0,0,0,0,0,0,0,0,0
enemigo,-0.4,0,1,0,0,1,1,0,0,0,1
enemigos,-0.6,0,0,0,0,0,0,0,0,0,0
enemistad,-0.5,0,1,0,1,1,1,0,0,0,0
energética,0.4,0,0,0,0,0,0,0,0,0,0
energético,0.4,1,0,0,0,0,0,0,0,0,0
enfada,-0.6,0,1,0,0,1,0,0,0,0,0
enfado,-0.6,0,1,0,0,1,0,0,0,0,0
enfatizar,0.0,0,0,0,0,0,0,1,0,0,0
enferma,-0.4,0,1,0,1,1,1,0,0,0,1
enfermas,-0.5,0,1,0,1,0,0,0,0,0,1
enfermedad,-0.4,0,1,0,1,1,1,0,0,0,1
enfermedades,-0.4,0,0,0,0,0,0,0,0,0,0
enfermera,0.5,1,0,0,0,0,0,1,0,0,0
enfermero,0.5,1,0,0,0,0,0,1,0,0,0
enfermiza,-0.5,0,1,0,1,0,0,0,0,0,1
enfermizo,-0.5,0,1,0,1,0,0,0,0,0,1
enfermo,-0.4,0,1,0,1,1,1,0,0,0,1
enfermos,-0.4,0,1,0,1,0,0,0,0,0,1
enfocada,0.4,0,0,0,0,0,0,0,0,0,0
enfocado,0.4,0,0,0,0,0,0,0,0,0,0
enfurece,-0.4,0,0,0,0,0,0,0,0,0,0
enfurecedora,-0.4,0,0,0,0,0,0,0,0,0,0
enfurecer,-0.4,0,0,0,0,0,0,0,0,0,0
enfurecida,-0.4,0,0,0,0,0,0,0,0,0,0
enfurecido,-0.4,0,0,0,0,0,0,0,0,0,0
engancha,0.2,0,0,0,0,0,0,0,0,0,0
enganchada,-0.5,0,1,0,0,0,0,0,0,0,0
enganchado,-0.5,0,1,0,0,0,0,0,0,0,0
engancharse,-0.5,0,1,0,0,0,0,0,0,1,0
engatusar,0.0,0,0,0,0,0,0,1,0,0,0
engaña,-0.6,0,0,0,0,0,0,0,0,0,0
engañada,-0.6,0,1,0,0,1,0,0,0,0,0
engañado,-0.6,0,1,0,0,1,0,0,0,0,0
engañar,-0.6,0,1,0,1,1,1,1,0,0,1
engaño,-0.6,0,1,0,1,1,1,0,0,1,1
engañosa,-0.6,0,0,0,0,0,0,0,0,0,0
engañoso,-0.6,0,1,0,1,1,0,1,0,0,1
engranaje,0.5,1,0,0,0,0,0,0,0,0,0
engreída,-0.4,0,1,0,0,0,0,0,0,0,0
engreído,-0.4,0,1,0,0,0,0,0,0,0,0
enhorabuena,0.4,0,0,0,0,0,0,0,0,0,0
enigma,0.0,0,0,0,0,0,0,0,0,1,0
enigmático,-0.5,0,1,0,0,0,1,0,0,0,0
enjambre,0.0,0,0,0,0,0,0,0,0,0,1
enjuicia,-0.2,0,0,0,0,0,0,0,0,0,0
enjuiciamienta,-0.2,0,0,0,0,0,0,0,0,0,0
enjuiciamiento,-0.2,0,1,0,0,0,0,0,0,0,1
enjuiciar,-0.2,0,1,0,1,1,1,0,0,0,0
enlace,-0.5,0,1,0,0,0,0,0,0,0,0
enloquecedor,-0.6,0,0,0,0,0,0,0,0,0,0
enloquecer,-0.5,0,1,0,0,1,1,0,0,0,0
enloquecida,-0.5,0,1,0,0,1,0,0,0,0,0
enloquecido,-0.5,0,1,0,0,1,0,0,0,0,0
enlosada,-0.5,0,1,0,0,0,0,0,0,0,0
enlosado,-0.5,0,1,0,0,0,0,0,0,0,0
enmendar,0.5,1,0,0,0,0,0,0,0,0,0
enojada,-0.6,0,1,0,1,1,1,0,0,0,1
enojado,-0.6,0,1,0,1,1,1,0,0,0,1
enorme,0.2,0,1,0,0,1,0,0,0,0,1
enragés,-0.4,0,0,0,0,0,0,0,0,0,0
enraizada,0.5,1,0,0,0,0,0,1,0,0,0
enraizado,0.5,1,0,0,0,0,0,1,0,0,0
enreda,-0.5,0,1,0,0,1,0,0,0,0,0
enredada,-0.5,0,1,0,1,1,1,0,0,0,1
enredado,-0.5,0,1,0,1,1,1,0,0,0,1
enredo,-0.5,0,1,0,0,1,0,0,0,0,0
enriquecer,0.5,1,0,0,0,0,0,0,0,0,0
ensenada,0.5,1,0,1,0,0,1,0,1,0,1
enseñar,0.5,1,0,1,0,0,0,1,0,1,0
enseñó,0.0,0,0,0,0,0,0,1,0,0,0
ensordecedor,-0.2,0,0,0,0,0,0,0,0,0,0
ensueño,0.5,1,0,1,0,0,0,1,0,0,0
entender mal,-0.5,0,1,0,0,0,0,0,0,0,0
enterrada,-0.5,0,1,0,1,0,1,0,0,0,0
enterrado,-0.5,0,1,0,1,0,1,0,0,0,0
enterrador,0.0,0,0,0,1,0,0,0,0,0,0
enterrar,-0.5,0,1,0,1,0,0,0,0,0,0
entierro,-0.5,0,1,0,1,1,1,0,0,0,0
entonación,0.5,1,0,0,0,0,0,0,0,0,0
entrada,0.0,0,0,0,0,1,0,0,0,1,0
entrañas,-0.5,0,1,0,0,0,0,0,0,0,1
entrega,0.5,1,0,0,0,0,0,0,1,0,0
entrenador,0.0,0,0,0,0,0,0,1,0,0,0
entretener,0.6,1,0,1,0,0,0,0,0,0,0
entretenida,0.4,1,0,1,0,0,0,0,1,0,0
entretenido,0.4,1,0,1,0,0,0,0,1,0,0
entretenimiento,0.5,1,0,1,0,0,0,1,1,1,0
entrevistador,0.0,0,0,0,0,0,1,0,0,0,0
entristecer,-0.4,0,0,0,0,0,0,0,0,0,0
entristecida,-0.4,0,0,0,0,0,0,0,0,0,0
entristecido,-0.4,0,0,0,0,0,0,0,0,0,0
entrometerse,-0.5,0,1,0,0,1,0,0,0,0,0
entumecida,-0.2,0,1,0,0,0,0,0,0,0,0
entumecido,-0.2,0,1,0,0,0,0,0,0,0,0
entumecimiento,-0.5,0,1,0,1,0,0,0,0,0,0
entusiasmada,0.4,1,0,1,0,0,0,1,1,1,0
entusiasmado,0.4,1,0,1,0,0,0,0,1,1,0
entusiasmo,0.5,1,0,1,0,0,0,0,1,1,0
entusiasta,0.6,1,0,1,0,0,0,0,1,1,0
envenenada,-0.4,0,1,0,1,1,1,0,0,0,1
envenenado,-0.4,0,1,0,1,1,1,0,0,0,1
envenenamiento,-0.5,0,1,0,0,0,0,0,0,0,1
enviar,0.0,0,0,0,0,0,0,0,1,0,0
envidia,-0.2,0,0,0,0,0,0,0,0,0,0
envidias,-0.2,0,0,0,0,0,0,0,0,0,0
envidiosa,-0.4,0,0,0,0,0,0,0,0,0,0
envidioso,-0.4,0,1,0,0,0,0,0,0,0,0
enérgica,0.4,0,0,0,0,0,0,0,0,0,0
enérgico,0.4,0,0,0,0,0,0,0,0,0,0
epidemia,-0.5,0,1,0,1,1,1,0,1,1,1
epilepsia,-0.5,0,1,0,0,0,0,0,0,0,0
episcopal,0.0,0,0,0,0,0,0,1,0,0,0
epitafio,0.0,0,0,0,1,0,0,0,0,0,0
epítome,0.5,1,0,0,0,0,0,0,0,0,0
equidad,0.5,1,0,0,0,0,0,0,0,0,0
equilibrada,0.5,1,0,0,0,0,0,0,0,0,0
equilibrado,0.5,1,0,0,0,0,0,0,0,0,0
equilibrar,0.5,1,0,0,0,0,0,0,0,0,0
equilibrio,0.5,1,0,0,0,0,0,0,0,0,0
equipo,0.0,0,0,0,0,0,0,1,0,0,0
equivalente,0.0,0,0,0,0,0,0,1,0,0,0
equivocada,-0.4,0,1,0,0,0,1,0,0,0,1
equivocado,-0.4,0,1,0,0,0,1,0,0,0,1
ermitaño,0.0,0,0,0,1,0,0,1,0,0,0
erosión,-0.5,0,1,0,0,0,0,0,0,0,0
erradicación,-0.5,0,1,0,0,1,1,0,0,0,1
erradicar,-0.5,0,1,0,0,1,0,0,0,0,0
errar,-0.5,0,1,0,0,0,0,0,0,0,0
errata,-0.5,0,1,0,0,0,0,0,0,0,0
error,-0.4,0,1,0,1,0,0,0,0,0,0
errores,-0.4,0,0,0,0,0,0,0,0,0,0
errático,-0.5,0,1,0,0,0,0,0,0,1,0
errónea,-0.4,0,0,0,0,0,0,0,0,0,0
erróneamente,-0.5,0,1,0,1,1,1,0,0,0,0
erróneo,-0.4,0,1,0,0,1,0,0,0,0,0
erudito,0.5,1,0,0,0,0,0,0,0,0,0
erupción,-0.4,0,1,0,0,1,1,0,0,1,1
erótico,0.0,1,1,1,0,0,0,1,1,1,0
esbelto,0.5,1,0,0,0,0,0,0,0,0,0
escabroso,-0.5,0,1,0,0,0,0,0,0,0,0
escabullirse,-0.5,0,1,0,0,0,0,0,0,0,0
escalar,-0.5,0,1,0,0,1,0,0,0,0,0
escalofriante,-0.2,0,0,0,0,0,0,0,0,0,0
escama,-0.5,0,1,0,0,0,0,0,0,0,0
escamoso,-0.5,0,1,0,0,0,0,0,0,0,0
escandalosa,-0.6,0,0,0,0,0,0,0,0,0,0
escandaloso,-0.6,0,1,0,0,1,0,0,0,0,0
escapa,-0.2,0,0,0,0,0,0,0,0,0,0
escapada,0.0,0,0,0,0,0,1,0,0,0,0
escapado,0.0,0,0,0,0,0,1,0,0,0,0
escapar,-0.2,1,1,0,0,0,1,0,1,0,0
escape,-0.5,0,1,0,0,0,0,0,0,0,0
escaramuza,-0.5,0,1,0,0,1,0,0,0,0,0
escasamente,-0.5,0,1,0,1,0,0,0,0,0,0
escasez,-0.4,0,1,0,1,1,1,0,0,0,1
escaso,-0.5,0,1,0,1,0,1,0,0,0,0
escatimar,-0.5,0,1,0,1,0,1,0,0,0,0
escepticisma,-0.4,0,0,0,0,0,0,0,0,0,0
escepticismo,-0.4,0,0,0,0,0,0,0,0,0,0
esclarecedor,0.4,0,0,0,0,0,0,0,0,0,0
esclavitud,-0.6,0,1,0,1,1,1,0,0,0,1
esclaviza,-0.4,0,0,0,0,0,0,0,0,0,0
esclavizada,-0.4,0,1,0,1,1,1,0,0,0,1
esclavizado,-0.4,0,1,0,1,1,1,0,0,0,1
esclavizar,-0.4,0,1,0,0,0,0,0,0,0,0
esclavo,-0.5,0,1,0,1,1,1,0,0,0,0
escocés,-0.5,0,1,0,0,0,0,0,0,0,0
escolta,0.0,0,0,0,0,0,0,1,0,0,0
escombros,-0.5,0,1,0,1,0,1,0,0,0,1
esconde,-0.2,0,0,0,0,0,0,0,0,0,0
esconder,-0.2,0,0,0,0,0,1,0,0,0,0
escondida,-0.2,0,0,0,0,0,0,0,0,0,0
escondido,-0.2,0,0,0,0,0,0,0,0,0,0
escoria,-0.8,0,1,0,0,0,0,0,0,0,1
escorpión,-0.5,0,1,0,0,1,1,0,0,1,1
escozor,-0.5,0,1,0,0,0,0,0,0,0,0
escriba,0.5,1,0,0,0,0,0,0,0,0,0
escritor,0.5,1,0,0,0,0,0,0,0,0,0
escritura,-0.5,0,1,0,0,1,0,1,0,0,0
escrutinio,-0.5,0,1,0,0,0,0,0,0,0,0
escudete,0.0,0,0,0,0,0,0,1,0,0,0
escudriñar,-0.5,0,1,0,0,0,0,0,1,0,0
escultura,0.5,1,0,0,0,0,0,0,0,0,0
escupir,0.0,0,0,0,0,0,0,0,0,0,1
escándala,-0.6,0,0,0,0,0,0,0,0,0,0
escándalo,-0.6,0,1,0,1,1,1,0,0,0,0
escándalos,-0.6,0,0,0,0,0,0,0,0,0,0
escéptica,-0.4,0,0,0,0,0,0,0,0,0,0
escéptico,-0.4,0,1,0,0,0,0,1,0,0,0
escépticos,-0.4,0,0,0,0,0,0,0,0,0,0
esencial,0.5,1,0,0,0,0,0,0,0,0,0
esforzarse,0.0,0,0,0,0,0,0,0,1,0,0
esfuerzo,0.5,1,0,0,0,0,0,0,1,0,0
esfuerzos,-0.5,0,1,0,0,0,0,0,0,0,0
esguince,-0.5,0,1,0,1,0,0,0,0,0,0
esmeradamente,0.4,0,0,0,0,0,0,0,0,0,0
espacioso,0.5,1,0,0,0,0,0,0,0,0,0
espalda,0.2,0,0,0,0,0,0,0,0,0,0
espaldarazo,0.5,1,0,1,0,0,0,1,1,1,0
espantada,-0.4,0,1,0,0,0,1,0,0,1,1
espantado,-0.4,0,1,0,0,0,1,0,0,1,1
espantapájaros,0.0,1,1,0,0,0,1,0,0,0,0
espantosa,-0.4,0,0,0,0,0,0,0,0,0,0
espantosamente,0.5,1,0,1,0,0,0,0,0,1,0
espantoso,-0.4,0,1,0,1,1,1,0,0,0,0
espasmo,-0.5,0,1,0,0,0,1,0,0,0,0
especia,0.5,1,0,0,0,0,0,0,0,0,0
especial,0.5,1,0,1,0,0,0,0,0,0,0
especialista,0.0,0,0,0,0,0,0,1,0,0,0
especializarse,0.0,0,0,0,0,0,0,1,0,0,0
espectacular,0.0,0,0,0,0,0,0,0,1,1,0
espectral,-0.5,0,1,0,0,0,0,0,0,0,0
espectro,-0.5,0,1,0,1,0,1,0,0,0,0
espectáculo,0.0,1,1,0,0,0,0,1,0,0,0
especulación,-0.5,0,1,0,1,0,1,0,0,0,0
especulativa,-0.4,0,0,0,0,0,0,0,0,0,0
especulativo,-0.4,0,0,0,0,0,0,0,1,0,0
espejismo,-0.5,0,1,0,0,0,0,0,0,1,0
espeluznante,-0.5,0,1,0,0,0,1,0,0,0,1
espera,-0.2,0,0,0,0,0,0,0,0,0,0
esperada,-0.2,0,0,0,0,0,0,0,1,0,0
esperado,-0.2,0,0,0,0,0,0,0,1,0,0
esperanda,0.4,0,0,0,0,0,0,0,0,0,0
esperando,0.4,0,0,0,0,0,0,0,1,0,0
esperanza,0.4,1,0,1,0,0,0,1,1,1,0
esperanzada,0.4,1,0,1,0,0,0,1,1,1,0
esperanzado,0.4,1,0,1,0,0,0,1,1,1,0
esperanzas,0.4,0,0,0,0,0,0,0,0,0,0
esperar,-0.2,1,0,0,0,0,0,1,1,1,0
espere,-0.5,0,1,0,0,0,0,0,1,0,0
espiga,0.0,0,0,0,0,0,1,0,0,0,0
espina,0.0,1,1,0,0,1,0,0,0,0,0
espinilla,-0.5,0,1,0,0,0,0,0,0,0,1
espinosa,-0.4,0,0,0,0,0,0,0,0,0,0
espinoso,-0.4,0,1,0,0,0,1,0,0,0,0
espionaje,-0.5,0,1,0,0,0,0,0,0,0,0
esplendor,0.5,1,0,1,0,0,0,0,1,1,0
espléndida,0.6,1,0,1,0,0,0,0,0,1,0
espléndido,0.6,1,0,1,0,0,0,0,0,1,0
esponja,-0.5,0,1,0,0,0,0,0,0,0,0
esposa,0.5,1,0,1,0,0,0,1,0,0,0
espuma,-0.5,0,1,0,0,0,0,0,0,0,0
espumosa,0.6,0,0,0,0,0,0,0,0,0,0
espumoso,0.6,0,0,0,0,0,0,0,0,0,0
espurio,-0.5,0,1,0,0,0,0,0,0,0,1
espíritu,0.2,1,1,1,1,1,0,0,1,1,0
esquema,-0.5,0,1,0,0,0,0,0,0,0,0
esquizofrenia,-0.5,0,1,0,1,1,1,0,0,0,1
estable,0.4,1,0,0,0,0,0,1,0,1,0
establecer,0.0,0,0,0,0,0,0,1,0,0,0
establecida,0.2,1,0,1,0,0,0,0,0,0,0
establecido,0.2,1,0,1,0,0,0,0,0,0,0
estacada,-0.5,0,1,0,0,0,0,0,0,0,0
estacionario,-0.5,0,1,0,0,0,0,0,0,0,0
estadístico,0.0,0,0,0,0,0,0,1,0,0,0
estafa,-0.6,0,0,0,0,0,0,0,0,0,0
estafador,-0.5,0,1,0,0,0,0,0,0,0,0
estafas,-0.6,0,0,0,0,0,0,0,0,0,0
estallar,-0.5,0,1,0,0,1,0,0,0,1,0
estampida,-0.4,0,0,0,0,0,0,0,0,0,0
estancada,-0.4,0,1,0,1,0,0,0,0,0,0
estancado,-0.4,0,1,0,1,0,0,0,0,0,0
estancamienta,-0.4,0,0,0,0,0,0,0,0,0,0
estancamiento,-0.4,0,0,0,0,1,0,0,0,0,1
estante,-0.5,0,1,0,1,0,0,0,0,0,0
estar a pie,0.0,0,0,0,1,0,0,0,0,0,0
estatua,0.5,1,0,0,0,0,0,0,0,0,0
estatus,0.5,1,0,0,0,0,0,0,0,0,0
estelar,0.5,1,0,0,0,0,0,0,0,0,0
estereotipa,-0.4,0,0,0,0,0,0,0,0,0,0
estereotipo,-0.4,0,1,0,0,0,0,0,0,0,0
esterilidad,-0.5,0,1,0,1,0,0,0,0,0,0
esteriotipada,-0.4,0,1,0,0,0,0,0,0,0,0
esteriotipado,-0.4,0,1,0,0,0,0,0,0,0,0
estigma,-0.5,0,1,0,1,1,1,0,0,0,1
estilo,0.5,1,0,0,0,0,0,0,0,0,0
estima,0.5,1,0,1,1,0,0,1,0,0,0
estimada,0.6,0,0,0,0,0,0,0,0,0,0
estimado,0.6,0,0,0,0,0,0,0,0,0,0
estimula,0.2,0,0,0,0,0,0,0,0,0,0
estimulada,0.2,0,0,0,0,0,0,0,0,0,0
estimulado,0.2,0,0,0,0,0,0,0,0,0,0
estimulante,0.6,0,0,0,0,0,0,0,0,0,0
estimular,0.2,0,0,0,0,0,1,0,0,0,0
estiércol,-0.5,0,1,0,0,0,0,0,0,0,1
estocada,0.0,0,0,0,0,0,0,0,0,1,0
estorbador,-0.5,0,1,0,1,0,0,0,0,0,0
estornudar,-0.5,0,1,0,0,0,0,0,0,1,1
estragos,-0.4,0,1,0,0,1,1,0,0,0,0
estrangulada,-0.4,0,0,0,0,0,0,0,0,0,0
estrangulado,-0.4,0,0,0,0,0,0,0,0,0,0
estranguladores,-0.4,0,0,0,0,0,0,0,0,0,0
estrangular,-0.5,0,1,0,1,1,1,0,0,1,1
estratega,0.5,1,0,0,0,0,0,1,1,0,0
estratégico,0.5,1,0,0,0,0,0,0,0,0,0
estrecheces,-0.5,0,1,0,0,0,1,0,0,0,0
estrecho,-0.5,0,1,0,0,0,0,0,0,0,0
estrella,0.5,1,0,1,0,0,0,1,1,0,0
estrellada,0.5,1,0,1,0,0,0,0,1,0,0
estrellado,0.5,1,0,1,0,0,0,0,1,0,0
estremecimiento,-0.5,0,1,0,0,0,1,0,0,0,0
estresada,-0.4,0,0,0,0,0,0,0,0,0,0
estresado,-0.4,0,0,0,0,0,0,0,0,0,0
estresor,-0.4,0,0,0,0,0,0,0,0,0,0
estreñimiento,-0.5,0,1,0,0,0,0,0,0,0,1
estridente,-0.5,0,1,0,0,1,1,0,0,1,0
estructura,0.5,1,0,0,0,0,0,1,0,0,0
estructural,0.0,0,0,0,0,0,0,1,0,0,0
estruendo,-0.5,0,1,0,0,0,0,0,0,0,0
estrés,-0.5,0,1,0,0,0,0,0,0,0,0
estudiar,0.5,1,0,0,0,0,0,0,0,0,0
estupenda,0.8,0,0,0,0,0,0,0,0,0,0
estupendo,0.8,0,0,0,1,0,0,0,0,0,0
estupidez,-0.5,0,1,0,0,0,0,0,0,0,0
estupor,-0.5,0,1,0,0,0,0,0,0,0,0
está de acuerda,0.2,0,0,0,0,0,0,0,0,0,0
está de acuerdo,0.2,0,0,0,0,0,0,0,0,0,0
está de duelo,-0.4,0,0,0,0,0,0,0,0,0,0
estéril,-0.5,0,1,0,1,0,0,0,0,0,0
estética,0.5,1,0,1,0,0,0,0,0,0,0
estético,0.5,1,0,0,0,0,0,0,0,0,0
estómago,0.0,0,0,0,0,0,0,0,0,0,1
estúpida,-0.8,0,1,0,0,1,0,0,0,0,1
estúpidamente,-0.4,0,0,0,0,0,0,0,0,0,0
estúpido,-0.8,0,1,0,0,1,0,0,0,0,1
esvástica,-0.5,0,1,0,0,1,1,0,0,0,0
eterno,0.5,1,0,1,1,0,0,1,1,0,0
etiqueta,0.0,0,0,0,0,0,0,1,0,0,0
etéreo,0.0,0,0,0,0,0,1,0,0,0,0
euforia,0.6,0,0,0,0,0,0,0,0,0,0
eufórica,0.8,0,0,0,0,0,0,0,0,0,0
eufórico,0.8,0,0,0,0,0,0,0,0,0,0
eutanasia,-0.5,0,1,0,1,0,1,0,0,0,0
evacuación,-0.5,0,1,0,0,0,0,0,0,0,0
evacuar,-0.5,0,1,0,0,0,1,0,0,0,0
evadir,-0.5,0,1,0,0,1,1,0,0,0,1
evaluación,0.0,0,0,0,0,0,0,1,0,1,0
evanescencia,0.0,0,0,0,1,0,0,0,0,1,0
evangelio,0.5,1,0,0,0,0,0,1,0,0,0
evasión,-0.5,0,1,0,1,0,1,0,0,0,0
eventual,0.0,0,0,0,0,0,0,0,1,0,0
eventualidad,0.0,0,0,0,0,0,1,0,1,0,0
evidente,0.0,1,1,0,0,1,0,1,0,0,1
evita,-0.2,0,0,0,0,0,0,0,0,0,0
evitación,-0.5,0,1,0,0,0,1,0,0,0,0
evitada,-0.2,0,0,0,0,0,0,0,0,0,0
evitado,-0.2,0,0,0,0,0,0,0,0,0,0
evitando,0.0,0,0,0,0,0,1,0,0,0,0
evitar,-0.2,0,1,0,1,1,1,0,0,0,0
evolución,0.5,1,0,0,0,0,0,0,0,0,0
exacción,-0.5,0,1,0,0,0,0,0,0,0,0
exacerbación,-0.5,0,1,0,0,1,1,0,0,0,0
exacerbar,-0.5,0,1,0,0,0,0,0,0,0,0
exactitud,0.0,0,0,0,0,0,0,1,0,0,0
exagera,-0.4,0,0,0,0,0,0,0,0,0,0
exageraciones,-0.4,0,0,0,0,0,0,0,0,0,0
exageración,-0.4,0,1,0,0,0,0,0,1,0,0
exagerada,-0.4,0,1,0,0,0,0,0,0,0,0
exagerado,-0.4,0,1,0,0,0,0,0,0,0,0
exageranda,-0.4,0,0,0,0,0,0,0,0,0,0
exagerando,-0.4,0,0,0,0,0,0,0,0,0,0
exagerar,-0.4,0,1,0,0,1,0,0,0,0,0
exaltación,0.5,1,0,1,0,0,0,1,0,0,0
exaltada,0.6,1,0,1,0,0,0,1,0,0,0
exaltado,0.6,1,0,1,0,0,0,1,0,0,0
exaltar,0.5,1,0,1,0,0,0,1,1,0,0
examen,-0.5,0,1,0,0,0,1,0,0,1,0
exasperación,-0.5,0,1,0,0,1,0,0,0,0,1
exasperada,0.4,0,0,0,0,0,0,0,0,0,0
exasperante,-0.4,0,0,0,0,0,0,0,0,0,0
excavación,-0.5,0,1,0,0,0,0,0,1,1,0
exceder,0.5,1,0,1,0,0,0,0,1,0,0
excelencia,0.6,1,0,1,0,0,0,1,0,0,1
excelente,0.6,1,0,1,0,0,0,1,0,0,0
excepcional,1.0,1,1,1,0,0,0,0,0,0,0
excesivo,-0.5,0,1,0,0,0,0,0,0,0,1
exceso,-0.5,0,1,0,0,0,0,0,0,0,1
excitable,0.5,1,0,0,0,0,0,0,0,0,0
excitación,0.5,1,0,1,0,1,1,0,1,1,0
excitar,0.6,1,0,1,0,1,1,0,1,1,0
exclamar,0.0,0,0,0,0,0,0,0,0,1,0
excluida,-0.5,0,1,0,1,0,0,0,0,0,1
excluidas,-0.4,0,0,0,0,0,0,0,0,0,0
excluido,-0.5,0,1,0,1,0,0,0,0,0,1
excluidos,-0.4,0,0,0,0,0,0,0,0,0,0
excluir,-0.2,0,0,0,0,0,0,0,0,0,0
exclusiva,0.4,0,0,0,0,0,0,0,0,0,0
exclusivo,0.4,0,0,0,0,0,0,0,0,0,0
exclusión,-0.2,0,1,0,1,0,1,0,0,0,1
excluyendo,-0.5,0,1,0,1,0,0,0,0,0,0
excoriación,-0.5,0,1,0,0,0,0,0,0,0,0
excreción,0.0,0,0,0,0,0,0,0,0,0,1
excremento,-0.5,0,1,0,0,0,0,0,0,0,1
excrementos,-0.5,0,1,0,0,0,0,0,0,0,1
excusa,-0.2,0,1,0,0,0,0,0,0,0,0
excusada,-0.5,0,1,0,0,0,1,0,1,1,0
excusado,-0.5,0,1,0,0,0,1,0,1,1,0
exención,0.5,1,0,0,0,0,0,0,0,0,0
exhaustiva,0.4,0,0,0,0,0,0,0,0,0,0
exhaustivo,0.4,1,0,0,0,0,0,1,0,0,0
exhortación,0.5,1,0,0,0,0,0,0,0,0,0
exhortar,0.5,1,0,0,0,0,0,0,0,0,0
exigente,-0.2,0,1,0,0,0,1,0,1,1,1
exigida,-0.2,0,0,0,0,0,0,0,0,0,0
exigido,-0.2,0,0,0,0,0,0,0,0,0,0
exilio,-0.5,0,1,0,1,1,1,0,0,0,0
eximir,-0.2,0,0,0,0,0,0,0,0,0,0
existencia,0.5,1,0,0,0,0,0,0,0,0,0
exitosa,0.6,0,0,0,0,0,0,0,0,0,0
exitoso,0.6,1,0,1,0,0,0,1,1,0,0
exonera,0.4,0,0,0,0,0,0,0,0,0,0
exonerada,0.4,0,0,0,0,0,0,0,0,0,0
exonerado,0.4,0,0,0,0,0,0,0,0,0,0
exoneranda,0.4,0,0,0,0,0,0,0,0,0,0
exonerando,0.4,0,0,0,0,0,0,0,0,0,0
exonerar,0.4,0,0,0,0,0,0,0,0,0,0
exorcismo,-0.5,0,1,0,1,0,1,0,0,0,0
expande,0.2,0,0,0,0,0,0,0,0,0,0
expandir,0.2,0,0,0,0,0,0,0,0,0,0
expatriada,-0.5,0,1,0,0,0,0,0,0,0,0
expatriado,-0.5,0,1,0,0,0,0,0,0,0,0
expectante,0.0,0,0,0,0,0,0,0,1,0,0
expectativa,0.5,1,0,0,0,0,0,0,1,0,0
expedición,0.5,1,0,0,0,0,0,0,1,0,0
experimentada,0.5,1,0,0,0,0,0,1,0,0,0
experimentado,0.5,1,0,0,0,0,0,1,0,0,0
experimentar,0.0,0,0,0,0,0,0,0,1,1,0
experto,0.5,1,0,1,0,0,0,1,0,1,0
expiación,0.5,1,0,0,0,0,0,0,0,0,0
expiar,0.5,1,0,1,0,0,0,1,1,0,0
expirar,-0.5,0,1,0,1,0,0,0,0,0,0
expletivo,-0.5,0,1,0,0,1,0,0,0,0,0
explicable,0.5,1,0,0,0,0,0,1,0,0,0
explique,0.5,1,0,0,0,0,0,1,0,0,0
exploits,-0.4,0,0,0,0,0,0,0,0,0,0
exploraciones,0.2,0,0,0,0,0,0,0,0,0,0
exploración,0.2,0,0,0,0,0,0,0,0,0,0
explorar,0.0,0,0,0,0,0,0,0,1,0,0
explosivo,-0.5,0,1,0,0,1,1,0,1,1,0
explosión,0.0,1,1,1,1,1,1,0,0,1,1
explotada,-0.4,0,0,0,0,0,0,0,0,0,0
explotado,-0.4,0,0,0,0,0,0,0,0,0,0
explotanda,-0.4,0,0,0,0,0,0,0,0,0,0
explotando,-0.4,0,0,0,0,0,0,0,0,0,0
explotar,-0.4,0,1,0,1,1,1,0,0,1,0
expone,-0.2,0,0,0,0,0,0,0,0,0,0
exponer,-0.2,0,0,0,0,0,1,0,1,0,0
exposición,-0.2,0,0,0,0,0,0,0,0,0,0
exprimir,0.0,0,0,0,0,1,0,0,0,0,0
expropiación,-0.5,0,1,0,0,0,0,0,0,0,0
expuesta,-0.2,0,0,0,0,0,0,0,0,0,0
expuesto,-0.2,0,1,0,0,0,0,0,0,0,0
expulsa,-0.4,0,0,0,0,0,0,0,0,0,0
expulsada,-0.4,0,0,0,0,0,0,0,0,0,0
expulsado,-0.4,0,0,0,0,0,0,0,0,0,0
expulsanda,-0.4,0,0,0,0,0,0,0,0,0,0
expulsando,-0.4,0,0,0,0,0,0,0,0,0,0
expulsar,-0.4,0,1,0,1,1,1,0,0,0,1
expulsión,-0.5,0,1,0,1,1,1,0,0,0,1
exquisitamente,0.5,1,0,0,0,0,0,0,0,0,0
exquisito,0.5,1,0,1,0,0,0,0,0,0,0
extasiar,0.6,0,0,0,0,0,0,0,0,0,0
extendida,0.5,1,0,0,0,0,0,0,0,0,0
extendido,0.5,1,0,0,0,0,0,0,0,0,0
extenso,0.5,1,0,0,0,0,0,0,0,0,0
exterior,-0.5,0,1,0,0,0,0,0,0,0,0
exterminar,-0.5,0,1,0,1,0,1,0,0,0,0
exterminio,-0.5,0,1,0,0,1,1,0,0,0,0
extiende,0.2,0,0,0,0,0,0,0,0,0,0
extinguir,-0.5,0,1,0,0,1,0,0,0,0,0
extinto,-0.5,0,1,0,1,0,0,0,0,0,0
extirpar,-0.5,0,1,0,0,0,0,0,0,0,0
extra,0.5,1,0,0,0,0,0,0,0,0,0
extrajudicial,-0.5,0,1,0,0,0,1,0,0,0,0
extranjero,-0.5,0,1,0,0,0,1,0,0,0,0
extraordinario,0.5,1,0,0,0,0,0,0,0,0,0
extraterrestre,-0.5,0,1,0,0,0,1,0,0,0,1
extravagante,-0.5,0,1,0,0,0,0,0,0,0,0
extraviada,-0.5,0,1,0,0,0,0,0,0,0,0
extraviado,-0.5,0,1,0,0,0,0,0,0,0,0
extraña,-0.4,0,0,0,0,0,0,0,0,0,0
extrañamente,-0.2,0,0,0,0,0,0,0,0,0,0
extraño,-0.4,0,1,0,0,0,0,0,0,1,1
extremidad,-0.5,0,1,0,0,0,0,0,0,0,0
extremo,-0.5,0,1,0,0,0,0,0,0,0,0
extática,0.8,0,0,0,0,0,0,0,0,0,0
extático,0.8,1,0,1,0,0,0,0,1,1,0
exuberancia,0.5,1,0,1,0,0,0,0,0,0,0
exuberante,0.8,1,0,0,0,0,0,0,0,0,0
exultante,0.6,0,0,0,0,0,0,0,0,0,0
exótico,0.5,1,0,0,0,0,0,0,0,0,0
eyaculación,0.5,1,0,1,0,0,0,1,1,1,0
fabricación,-0.5,0,1,0,0,0,0,1,0,0,0
fabricante,0.5,1,0,0,0,0,0,0,0,0,0
fabricar,-0.5,0,1,0,0,0,0,0,0,0,0
fabulosa,0.8,0,0,0,0,0,0,0,0,0,0
fabuloso,0.8,0,0,0,0,0,0,0,0,0,0
facilitar,0.4,1,0,0,0,0,0,0,0,0,0
factores de estrés,-0.4,0,0,0,0,0,0,0,0,0,0
facultad,0.5,1,0,0,0,0,0,1,0,0,0
faena,-0.5,0,1,0,0,0,0,0,0,0,0
faggots,-0.6,0,0,0,0,0,0,0,0,0,0
falacia,-0.5,0,1,0,0,0,0,0,0,0,0
falange,0.0,0,0,0,0,0,1,1,0,0,0
falible,-0.5,0,1,0,0,0,0,0,0,0,0
falla,-0.4,0,1,0,1,0,0,0,0,0,0
fallado,-0.4,0,0,0,0,0,0,0,0,0,0
fallar,-0.4,0,0,0,0,0,0,0,0,0,0
fallecida,-0.5,0,1,0,1,0,0,0,0,0,0
fallecido,-0.5,0,1,0,1,0,0,0,0,0,0
fallecimiento,-0.5,0,1,0,1,0,1,0,0,0,0
fallida,-0.4,0,0,0,0,0,0,0,0,0,0
falsamente,-0.5,0,1,0,0,0,0,0,0,0,0
falsedad,-0.5,0,1,0,0,1,0,1,0,0,1
falsificaciones,-0.6,0,0,0,0,0,0,0,0,0,0
falsificación,-0.6,0,1,0,0,1,0,0,0,0,0
falsificada,-0.6,0,0,0,0,0,0,0,0,0,0
falsificado,-0.6,0,0,0,0,0,0,0,0,0,0
falsificar,-0.6,0,1,0,0,0,0,0,0,0,1
falso,-0.6,0,1,0,0,1,0,0,0,0,1
falta,-0.5,0,1,0,0,1,1,0,0,0,1
falta de respeto,-0.5,0,1,0,0,1,0,0,0,0,0
falto,-0.5,0,1,0,1,0,0,0,0,0,0
fama,0.2,1,0,0,0,0,0,0,0,0,0
familia,0.5,1,0,0,0,0,0,0,0,0,0
familiar,0.5,1,0,0,0,0,0,1,0,0,0
familiaridad,0.5,1,0,1,0,0,0,1,1,0,0
famosamente,0.5,1,0,0,0,0,0,0,0,0,0
famoso,0.5,1,0,0,0,0,0,0,0,0,0
famélica,-0.4,0,0,0,0,0,0,0,0,0,0
famélico,-0.4,0,1,0,0,0,0,0,0,0,0
fanatismo,0.0,0,0,0,0,0,1,0,0,0,0
fango,-0.5,0,1,0,0,0,0,0,0,1,1
fantasma,-0.2,0,1,0,0,0,1,0,0,0,0
fantasmal,-0.5,0,1,0,0,0,1,0,0,0,0
fantástica,0.8,0,0,0,0,0,0,0,0,0,0
fantástico,0.8,0,0,0,0,0,0,0,0,0,0
fanática,-0.4,0,0,0,0,0,0,0,0,0,0
fanático,-0.4,0,1,0,1,1,1,0,0,0,1
fanáticos,-0.4,0,0,0,0,0,0,0,0,0,0
farfullar,-0.5,0,1,0,0,0,0,0,0,0,0
farmacéutico,0.5,1,0,0,0,0,0,0,0,0,0
faro,0.5,1,0,0,0,0,0,0,1,0,0
farsa,-0.4,0,1,0,1,1,0,0,0,1,1
fascina,0.6,0,0,0,0,0,0,0,0,0,0
fascinación,0.5,1,0,0,0,0,0,0,0,0,0
fascinada,0.6,0,0,0,0,0,0,0,0,0,0
fascinado,0.6,0,0,0,0,0,0,0,0,0,0
fascinante,0.6,1,0,0,0,0,0,0,0,0,0
fascinar,0.6,0,0,0,0,0,0,0,0,0,0
fascista,-0.4,0,0,0,0,0,0,0,0,0,0
fascistas,-0.4,0,0,0,0,0,0,0,0,0,0
fastidiosa,-0.4,0,0,0,0,0,0,0,0,0,0
fastidioso,-0.4,0,0,0,0,0,0,0,0,0,0
fatal,-0.5,0,1,0,1,1,1,0,0,0,0
fatalidad,-0.6,0,1,0,1,0,1,0,0,0,0
fatiga,-0.4,0,1,0,0,0,0,0,0,0,0
fatigada,-0.4,0,1,0,1,0,0,0,0,0,0
fatigado,-0.4,0,1,0,1,0,0,0,0,0,0
fatigas,-0.4,0,0,0,0,0,0,0,0,0,0
fatigosa,-0.4,0,0,0,0,0,0,0,0,0,0
fatigoso,-0.4,0,0,0,0,0,0,0,0,0,0
favor,0.4,0,0,0,0,0,0,0,0,0,0
favorable,0.5,1,0,1,0,0,0,1,1,1,0
favorecida,0.4,0,0,0,0,0,0,0,0,0,0
favorecido,0.4,0,0,0,0,0,0,0,0,0,0
favores,0.4,0,0,0,0,0,0,0,0,0,0
favorita,0.4,0,0,0,0,0,0,0,0,0,0
favoritismo,0.5,1,0,0,0,0,0,0,0,0,0
favorito,0.4,1,0,1,0,0,0,1,0,0,0
favoritos,0.4,0,0,0,0,0,0,0,0,0,0
fe,0.2,1,0,1,0,0,0,1,1,0,0
fea,-0.6,0,0,0,0,0,0,0,0,0,0
fealdad,-0.5,0,1,0,1,0,1,0,0,0,1
febril,-0.5,0,1,0,0,0,0,0,0,0,0
fecal,-0.5,0,1,0,0,0,0,0,0,0,1
felicidad,0.6,1,0,1,0,0,0,0,1,0,0
felicidades,0.4,0,0,0,0,0,0,0,0,0,0
felicitaciones,0.4,0,0,0,0,0,0,0,0,0,0
felicitar,0.4,0,0,0,0,0,0,0,0,0,0
feliz,0.6,1,0,1,0,0,0,1,1,0,0
felizmente,0.5,1,0,1,0,0,0,0,0,0,0
felpa,0.5,1,0,0,0,0,0,0,0,0,0
felón,-0.5,0,1,0,0,0,1,0,0,0,0
feo,-0.6,0,1,0,0,0,0,0,0,0,1
fermentación,0.0,0,0,0,0,0,0,0,1,0,0
fermentar,-0.5,0,1,0,0,0,0,0,1,0,0
ferocidad,-0.5,0,1,0,0,1,0,0,0,0,0
feroz,-0.5,0,1,0,0,1,1,0,0,0,1
ferviente,0.4,0,0,0,0,0,0,0,0,0,0
fervor,0.5,1,0,1,0,1,0,0,0,0,0
fervorosa,0.4,0,0,0,0,0,0,0,0,0,0
fervoroso,0.4,0,0,0,0,0,0,0,0,0,0
festiva,0.4,0,0,0,0,0,0,0,0,0,0
festival,0.5,1,0,1,0,0,0,0,1,1,0
festivo,0.4,1,0,1,0,0,0,0,0,0,0
feuda,-0.5,0,1,0,0,1,0,0,0,0,0
feudal,-0.5,0,1,0,0,0,0,0,0,0,0
feudalismo,-0.5,0,1,0,1,1,0,0,0,0,0
feudo,-0.5,0,1,0,0,1,0,0,0,0,0
fiasca,-0.6,0,0,0,0,0,0,0,0,0,0
fiasco,-0.6,0,1,0,0,0,0,0,0,0,0
ficticio,-0.5,0,1,0,0,0,0,0,0,0,0
fideicomisario,0.0,0,0,0,0,0,0,1,0,0,0
fidelidad,0.5,1,0,1,0,0,0,1,0,0,0
fiebre,0.0,0,0,0,0,0,1,0,0,0,0
fiel,0.6,1,0,0,0,0,0,1,0,0,0
fiesta,0.5,1,0,1,0,0,0,1,1,1,0
fiestas,0.5,1,0,1,0,0,0,0,0,0,0
fijo,0.0,0,0,0,0,0,0,1,0,0,0
fila,-0.5,0,1,0,0,1,0,0,0,0,0
filantropía,0.5,1,0,0,0,0,0,0,0,0,0
filantrópico,0.0,0,0,0,0,0,0,1,0,0,0
filibustero,-0.5,0,1,0,0,0,0,0,0,0,0
filtrada,-0.2,0,0,0,0,0,0,0,0,0,0
filántropo,0.5,1,0,0,0,0,0,1,0,0,0
filósofo,0.5,1,0,0,0,0,0,1,0,0,0
finalmente,0.5,1,0,1,0,0,0,1,1,1,1
finge,-0.2,0,0,0,0,0,0,0,0,0,0
fingida,-0.5,0,1,0,0,0,0,0,0,0,0
fingido,-0.5,0,1,0,0,0,0,0,0,0,0
fingiendo,-0.5,0,1,0,0,1,0,0,0,0,0
fingir,-0.2,0,0,0,0,0,0,0,0,0,0
finura,0.5,1,0,0,0,0,0,0,0,0,0
firma,0.0,0,0,0,0,0,0,1,0,0,0
firme,0.4,1,0,0,0,0,0,1,0,0,0
firmeza,0.5,1,0,0,0,0,0,1,0,0,0
fisiología,0.5,1,0,0,0,0,0,0,0,0,0
flagrante,-0.5,0,1,0,0,1,0,0,0,0,1
flatulencia,-0.5,0,1,0,0,0,0,0,0,0,1
flema,-0.5,0,1,0,0,0,0,0,0,0,1
flexibilidad,0.5,1,0,0,0,0,0,0,0,0,0
flexible,-0.5,0,1,0,0,0,0,0,0,0,0
flojo,-0.5,0,1,0,1,0,0,0,0,0,0
flop,-0.4,0,0,0,0,0,0,0,0,0,0
flor,0.5,1,0,1,0,0,0,0,0,0,0
floración,0.5,1,0,1,0,0,0,1,1,0,0
floral,0.5,1,0,0,0,0,0,0,0,0,0
florida,0.5,1,0,0,0,0,0,0,0,0,0
florido,0.5,1,0,0,0,0,0,0,0,0,0
flota,0.5,1,0,0,0,0,0,0,0,0,0
fluctuación,-0.5,0,1,0,0,1,1,0,0,0,0
fluir,0.5,1,0,0,0,0,0,0,0,0,0
flácida,-0.5,0,1,0,1,0,0,0,0,0,1
flácido,-0.5,0,1,0,1,0,0,0,0,0,1
focas,0.0,0,0,0,0,0,0,1,0,0,0
follada,-0.8,0,0,0,0,0,0,0,0,0,0
fonda,-0.5,0,1,0,1,0,0,0,0,0,0
fondo,-0.5,0,1,0,1,0,0,0,0,0,0
fonético,0.5,1,0,0,0,0,0,0,0,0,0
forastero,0.0,0,0,0,0,0,1,0,0,0,0
forjada,-0.5,0,1,0,0,0,0,0,0,0,0
forjado,-0.5,0,1,0,0,0,0,0,0,0,0
forma,0.5,1,0,0,0,0,0,0,0,0,0
formación,0.5,1,0,0,0,0,0,0,0,0,0
formalidad,0.0,0,0,0,0,0,0,1,0,0,0
formalmente,0.5,1,0,0,0,0,0,0,0,0,0
formando,0.0,0,0,0,0,0,0,0,1,0,0
formativo,0.5,1,0,0,0,0,0,1,0,0,0
formidable,0.0,0,0,0,0,0,1,0,0,0,0
fornicación,-0.5,0,1,0,0,0,0,0,0,0,0
forraje,-0.5,0,1,0,0,0,0,0,0,0,0
fortalece,0.4,0,0,0,0,0,0,0,0,0,0
fortalecer,0.4,1,0,0,0,0,0,0,0,0,0
fortalecimienta,0.4,0,0,0,0,0,0,0,0,0,0
fortalecimiento,0.4,1,0,1,0,0,0,1,0,0,0
fortaleza,0.5,1,0,1,1,0,1,1,0,0,0
forte,0.5,1,0,0,0,0,0,0,0,0,0
fortificada,0.4,0,0,0,0,0,0,0,0,0,0
fortificado,0.4,0,0,0,0,0,0,0,0,0,0
fortuna,0.5,1,0,1,0,0,0,1,1,1,0
forzada,-0.2,0,1,0,0,0,1,0,0,0,0
forzado,-0.2,0,1,0,0,0,1,0,0,0,0
foso,0.0,0,0,0,0,0,0,1,0,0,0
fracasa,-0.4,0,0,0,0,0,0,0,0,0,0
fracasada,-0.5,0,1,0,1,0,0,0,0,0,0
fracasado,-0.5,0,1,0,1,0,0,0,0,0,0
fracaso,-0.4,0,1,0,1,0,1,0,0,0,1
fracasos,-0.4,0,0,0,0,0,0,0,0,0,0
fractura,-0.5,0,1,0,0,0,0,0,0,0,0
fragante,0.5,1,0,0,0,0,0,0,0,0,0
fragata,0.0,0,0,0,0,0,1,0,0,0,0
fragilidad,-0.5,0,1,0,1,0,0,0,0,0,0
fragua,0.5,1,0,0,0,0,0,0,0,0,0
franco,0.5,1,0,0,0,0,0,1,0,0,0
franqueza,0.5,1,0,0,0,0,0,1,0,0,0
frase,-0.4,0,1,0,1,1,1,0,1,0,1
frases,-0.4,0,0,0,0,0,0,0,0,0,0
fraternal,0.5,1,0,1,0,0,0,1,1,0,0
fraternidad,0.5,1,0,0,0,0,0,1,0,0,0
fraude,-0.8,0,1,0,0,1,0,0,0,0,0
fraudes,-0.8,0,0,0,0,0,0,0,0,0,0
fraudulenta,-0.8,0,0,0,0,0,0,0,0,0,0
fraudulento,-0.8,0,1,0,0,1,0,0,0,0,1
fregar,-0.5,0,1,0,0,0,0,0,0,0,1
frenesí,-0.6,0,1,0,0,0,0,0,0,0,0
frenética,-0.2,0,0,0,0,0,0,0,0,0,0
frenético,-0.2,0,1,0,0,1,1,0,1,1,1
fresca,0.2,0,0,0,0,0,0,0,0,0,0
fresco,0.2,0,0,0,0,0,0,0,0,0,0
frescura,0.5,1,0,0,0,0,0,0,0,0,0
freza,-0.5,0,1,0,0,1,0,0,0,0,0
frialdad,-0.5,0,1,0,1,1,1,0,0,0,1
fricción,0.0,0,0,0,0,1,0,0,0,0,0
frikin,-0.4,0,0,0,0,0,0,0,0,0,0
frotis,-0.4,0,0,0,0,0,0,0,0,0,0
fructífero,0.5,1,0,0,0,0,0,0,0,0,0
frugal,0.5,1,0,0,0,0,0,0,0,0,0
fruncir el ceño,-0.5,0,1,0,1,0,0,0,0,0,0
frustra,-0.4,0,0,0,0,0,0,0,0,0,0
frustración,-0.4,0,1,0,0,1,0,0,0,0,0
frustrada,-0.4,0,1,0,0,1,0,0,0,0,0
frustrado,-0.4,0,1,0,0,1,0,0,0,0,0
frustrante,-0.4,0,0,0,0,0,0,0,0,0,0
frustrar,-0.4,0,1,0,1,1,0,0,0,1,1
frágil,-0.5,0,1,0,1,0,1,0,0,0,0
fríamente,-0.5,0,1,0,0,0,0,0,0,0,0
frígida,-0.5,0,1,0,0,0,0,0,0,0,0
frígido,-0.5,0,1,0,0,0,0,0,0,0,0
frío,-0.5,0,1,0,0,0,0,0,0,0,0
frívolo,-0.5,0,1,0,0,0,0,0,0,0,0
ftw,0.6,0,0,0,0,0,0,0,0,0,0
fuckface,-0.8,0,0,0,0,0,0,0,0,0,0
fuckhead,-0.8,0,0,0,0,0,0,0,0,0,0
fucktard,-0.8,0,0,0,0,0,0,0,0,0,0
fud,-0.6,0,0,0,0,0,0,0,0,0,0
fuega,-0.4,0,0,0,0,0,0,0,0,0,0
fuego,-0.4,0,0,0,0,0,1,0,0,0,0
fuego fatuo,-0.5,0,1,0,1,0,1,0,0,1,0
fuelle,0.0,0,0,0,0,1,0,0,0,0,0
fuera de lugar,-0.5,0,1,0,0,0,0,0,0,0,0
fuerte,0.4,0,0,0,0,0,0,1,0,0,1
fuertemente,0.0,1,1,0,0,0,0,0,0,0,0
fuerza,0.4,1,1,0,0,1,1,1,0,0,0
fuga,-0.2,0,1,0,0,0,0,0,0,0,0
fugitivo,-0.5,0,1,0,1,1,1,1,0,0,1
fuked,-0.8,0,0,0,0,0,0,0,0,0,0
fuking,-0.8,0,0,0,0,0,0,0,0,0,0
fumador,-0.5,0,1,0,0,0,0,0,0,0,0
fumante,-0.4,0,0,0,0,0,0,0,0,0,0
fundación,0.5,1,0,0,0,0,0,0,0,0,0
fundamental,0.5,1,0,0,0,0,0,1,0,0,0
funeral,-0.2,0,0,0,1,0,0,0,0,0,0
funerales,-0.2,0,0,0,0,0,0,0,0,0,0
furia,-0.5,0,1,0,1,1,1,0,0,0,0
furiosa,-0.6,0,0,0,0,0,0,0,0,0,0
furiosamente,0.0,0,0,0,0,1,0,0,0,0,0
furioso,-0.6,0,1,0,0,1,1,0,0,0,1
furor,-0.5,0,1,0,0,1,0,0,0,0,0
furtiva,-0.2,0,0,0,0,0,0,0,0,0,0
furtivo,-0.2,0,1,0,0,1,1,1,1,1,0
fusible,0.5,1,0,0,0,0,0,1,0,0,0
fusión,0.5,1,0,0,0,0,0,0,0,0,0
fusión de un reactor,-0.5,0,1,0,1,0,0,0,0,0,0
futilidad,-0.5,0,1,0,0,0,0,0,0,0,0
fácil,0.2,0,1,0,0,0,0,0,0,0,0
fácilmente,0.5,1,0,0,0,0,0,0,0,0,0
fénix,0.5,1,0,0,0,0,0,0,0,0,0
féretro,-0.5,0,1,0,1,0,1,0,0,0,0
fértil,0.5,1,0,0,0,0,0,0,0,0,0
física,0.5,1,0,0,0,0,0,0,0,0,0
físico,0.5,1,0,0,0,0,0,1,0,0,0
fóbica,-0.4,0,0,0,0,0,0,0,0,0,0
fóbico,-0.4,0,0,0,0,0,0,0,0,0,0
fórmula,0.5,1,0,0,0,0,0,1,0,0,0
fútbol,0.5,1,0,1,0,0,0,0,1,0,0
fútil,0.4,0,1,0,1,0,0,0,0,0,0
gabinete,0.5,1,0,0,0,0,0,1,0,0,0
gaceta,0.5,1,0,0,0,0,0,1,0,0,0
gaje,0.5,1,0,0,0,0,0,0,0,0,0
galante,0.6,1,0,0,0,0,0,0,0,0,0
galantería,0.6,1,0,0,0,0,0,0,0,0,0
galardonada,0.6,0,0,0,0,0,0,0,0,0,0
galardonado,0.6,0,0,0,0,0,0,0,0,0,0
galas,0.5,1,0,0,0,0,0,0,0,0,0
gallardamente,0.6,0,0,0,0,0,0,0,0,0,0
gamberra,-0.4,0,0,0,0,0,0,0,0,0,0
gamberrisma,-0.4,0,0,0,0,0,0,0,0,0,0
gamberrismo,-0.4,0,0,0,0,0,0,0,0,0,0
gamberro,-0.4,0,0,0,0,0,0,0,0,0,0
ganada,0.4,0,0,0,0,0,0,0,0,0,0
ganado,0.4,0,0,0,0,0,0,0,0,0,0
ganador,0.8,1,0,1,0,0,0,0,1,1,0
ganancia,0.4,1,0,1,0,0,0,0,1,0,0
ganancia inesperada,0.5,1,0,0,0,0,0,0,0,0,0
ganancias,0.4,1,0,1,0,0,0,0,1,0,0
gananda,0.4,0,0,0,0,0,0,0,0,0,0
ganando,0.4,1,0,0,0,0,0,0,0,0,0
ganar,0.8,1,0,0,0,0,0,0,0,0,0
ganó,0.6,0,0,0,0,0,0,0,0,0,0
garabatear,-0.5,0,1,0,0,0,0,0,0,0,0
garantía,0.2,1,0,0,0,0,0,1,0,0,0
garganta,-0.5,0,1,0,0,0,0,0,0,0,1
garra,-0.5,0,1,0,0,1,1,0,0,0,0
garras,-0.5,0,1,0,0,1,1,0,0,0,0
gastada,-0.5,0,1,0,0,0,0,0,0,0,0
gastado,-0.5,0,1,0,0,0,0,0,0,0,0
gasto,-0.5,0,1,0,0,0,0,0,0,0,0
gastos,-0.5,0,1,0,0,0,0,0,0,0,0
gatear,-0.5,0,1,0,0,0,0,0,0,0,1
gatito,0.5,1,0,1,0,0,0,1,0,0,0
gato montés,-0.5,0,1,0,0,0,0,0,0,0,0
gaviota,-0.5,0,1,0,0,0,0,0,0,0,0
gañida,-0.5,0,1,0,0,1,1,0,0,1,0
gañido,-0.5,0,1,0,0,1,1,0,0,1,0
gelatina,0.0,0,0,0,0,0,0,0,0,0,1
gemelo,0.5,1,0,0,0,0,0,0,0,0,0
gemida,-0.4,0,1,0,1,0,1,0,0,0,1
gemidas,-0.4,0,0,0,0,0,0,0,0,0,0
gemido,-0.4,0,1,0,1,0,1,0,0,0,1
gemidos,-0.4,0,0,0,0,0,0,0,0,0,0
gemía,-0.4,0,0,0,0,0,0,0,0,0,0
general,0.5,1,0,0,0,0,0,1,0,0,0
generosa,0.4,0,0,0,0,0,0,0,0,0,0
generosidad,0.5,1,0,1,0,0,0,1,1,1,0
generoso,0.4,1,0,1,0,0,0,1,0,0,0
genial,0.6,1,0,1,0,0,0,0,0,0,0
genio,0.5,1,0,0,0,0,0,0,0,0,0
gentil,0.5,1,0,0,0,0,0,0,0,0,0
geranio,0.5,1,0,0,0,0,0,0,0,0,0
geriátrico,-0.5,0,1,0,1,0,0,0,0,0,0
germen,0.0,0,0,0,0,0,0,0,1,0,1
germinación,0.0,0,0,0,0,0,0,0,1,0,0
gestionar,0.5,1,0,0,0,0,0,1,0,0,0
gestión interna,0.5,1,0,0,0,0,0,0,0,0,0
ghetto,-0.5,0,1,0,1,0,1,0,0,0,1
gigante,-0.5,0,1,0,0,0,1,0,0,0,0
gigantesco,0.5,1,0,0,0,0,0,0,0,0,0
gilipollas,-0.8,0,0,0,0,0,0,0,0,0,0
gimnasta,0.5,1,0,0,0,0,0,0,0,0,0
gimoteo,-0.5,0,1,0,1,0,0,0,0,0,1
gitano,-0.5,0,1,0,0,0,0,0,0,0,0
glacial,-0.5,0,1,0,0,0,0,0,0,0,0
gladiador,0.0,0,0,0,0,0,1,0,0,0,0
glamour,0.6,0,0,0,0,0,0,0,0,0,0
gloria,0.4,1,0,1,0,0,0,1,1,0,0
glorificación,0.5,1,0,1,0,0,0,0,0,0,0
glorificar,0.5,1,0,1,0,0,0,1,1,1,0
gloriosa,0.4,0,0,0,0,0,0,0,0,0,0
glorioso,0.4,0,0,0,0,0,0,0,0,0,0
glotonería,-0.5,0,1,0,0,0,0,0,0,0,1
gnomo,-0.5,0,1,0,0,1,1,0,0,0,1
gobernador,0.5,1,0,0,0,0,0,1,0,0,0
gobernar,0.5,1,0,0,0,0,0,1,0,0,0
gobierno,-0.5,0,1,0,0,0,1,0,0,0,0
gofre,-0.5,0,1,0,1,1,0,0,0,0,0
golpe,-0.4,0,1,0,0,1,1,0,0,1,0
golpeada,-0.2,1,0,0,0,0,0,0,0,0,0
golpeado,-0.2,1,0,0,0,0,0,0,0,0,0
golpear,-0.5,0,1,0,0,1,0,0,0,0,0
golpecitos,0.0,0,0,0,0,1,0,0,0,0,0
gonorrea,-0.5,0,1,0,1,1,1,0,0,0,1
gorda,-0.5,0,1,0,1,0,0,0,0,0,1
gordo,-0.5,0,1,0,1,0,0,0,0,0,1
gorila,-0.5,0,1,0,0,0,0,0,0,0,0
gorra,0.0,0,0,0,0,0,0,1,1,0,0
gorrón,-0.4,0,1,0,0,1,0,0,0,0,1
gota,-0.5,0,1,0,0,0,1,0,0,0,1
grabadora,0.5,1,0,0,0,0,0,0,0,0,0
gracia,0.2,1,0,0,0,0,0,0,0,0,0
gracias,0.4,0,0,0,0,0,0,0,0,0,0
graciosa,0.8,0,0,0,0,0,0,0,0,0,0
graciosamente,0.5,1,0,0,0,0,0,0,0,0,0
gracioso,0.8,0,0,0,0,0,0,0,0,0,0
graduación,0.5,1,0,1,0,0,1,1,1,1,0
gradual,0.0,0,0,0,0,0,0,0,1,0,0
gramática,0.0,0,0,0,0,0,0,1,0,0,0
granada,-0.5,0,1,0,0,0,1,0,0,0,0
granate,0.0,1,1,0,0,0,0,0,0,0,0
grande,0.2,0,0,0,0,0,0,0,0,0,0
grandeza,0.5,1,0,1,0,0,0,1,0,1,0
grandiosa,0.6,0,0,0,0,0,0,0,0,0,0
grandioso,0.6,0,0,0,0,0,0,0,0,0,0
graniza,0.4,0,0,0,0,0,0,0,0,0,0
granizada,0.4,0,0,0,0,0,0,0,0,0,0
granizado,0.4,0,0,0,0,0,0,0,0,0,0
granizo,0.4,1,1,0,0,0,0,1,0,0,0
granja,0.0,0,0,0,0,0,0,0,1,0,0
grasiento,0.0,0,0,0,0,0,0,0,0,0,1
graso,-0.5,0,1,0,1,0,0,0,0,0,1
gratificación,0.4,0,0,0,0,0,0,0,0,0,0
gratificante,0.4,0,0,0,0,0,0,0,0,0,0
gratis,0.2,0,0,0,0,0,0,0,0,0,0
gratitud,0.5,1,0,1,0,0,0,0,0,0,0
gratuito,0.0,0,0,0,0,0,0,0,0,0,1
gravamen,-0.5,0,1,0,1,1,1,0,0,0,0
grave,-0.4,0,1,0,1,1,1,0,0,0,0
gravedad,0.0,0,0,0,1,0,1,0,0,0,0
gravitar,0.0,0,0,0,0,0,0,0,1,0,0
gravoso,-0.5,0,1,0,1,0,1,0,0,0,0
greenwasher,-0.6,0,0,0,0,0,0,0,0,0,0
greenwashers,-0.6,0,0,0,0,0,0,0,0,0,0
gregario,0.5,1,0,0,0,0,0,0,0,0,0
grieta,-0.5,0,1,0,0,0,0,0,0,0,0
gripe,-0.4,0,1,0,0,0,1,0,0,0,0
gris,-0.2,0,0,0,1,0,0,0,0,0,1
grita,-0.4,0,0,0,0,0,0,0,0,0,0
gritada,-0.4,0,0,0,0,0,0,0,0,0,0
gritado,-0.4,0,0,0,0,0,0,0,0,0,0
gritanda,-0.4,0,0,0,0,0,0,0,0,0,0
gritando,-0.4,0,1,0,0,1,1,0,0,0,1
gritar,-0.4,0,1,0,0,1,1,0,0,1,1
grito,-0.4,0,1,0,1,1,1,0,0,1,0
grotesco,-0.5,0,1,0,0,0,0,0,0,0,1
gruñida,-0.5,0,1,0,0,1,1,0,0,0,1
gruñido,-0.5,0,1,0,0,1,1,0,0,0,1
gruñón,-0.5,0,1,0,1,1,0,0,0,0,1
gráfico,0.0,0,0,0,0,0,0,1,0,0,0
guardabosque,0.0,0,0,0,0,0,0,1,0,0,0
guardada,0.0,0,0,0,0,0,0,1,0,0,0
guardado,0.0,0,0,0,0,0,0,1,0,0,0
guardaespaldas,0.5,1,0,0,0,0,0,1,0,0,0
guardería,0.5,1,0,1,0,0,0,1,0,0,0
guardia,0.5,1,0,0,0,0,1,1,0,0,0
guardián,0.0,1,1,0,0,1,1,1,0,0,0
guarida,-0.2,0,1,0,0,0,1,0,0,0,0
guarnición,0.5,1,0,0,0,0,0,1,0,0,0
guau,0.8,0,0,0,0,0,0,0,0,0,0
guay,0.2,1,0,0,0,0,0,0,0,0,0
gubia,-0.5,0,1,0,0,0,0,0,0,0,0
guerra,-0.4,0,1,0,1,1,1,0,0,0,0
guerrero,0.5,1,0,0,0,1,1,0,0,0,0
guerrilla,-0.5,0,1,0,0,0,1,0,0,0,0
guillotina,-0.5,0,1,0,1,1,1,0,1,0,1
guisa,-0.5,0,1,0,0,0,0,0,0,0,0
guión,0.5,1,0,0,0,0,0,0,0,0,0
gurú,0.5,1,0,0,0,0,0,1,0,0,0
gusano,-0.5,0,1,0,0,0,0,0,1,1,1
gusano del corazón,0.0,0,0,0,0,0,0,0,0,0,1
gusta,0.4,0,0,0,0,0,0,0,0,0,0
gusto,0.4,1,0,1,0,0,0,1,0,0,0
gustos,0.4,0,0,0,0,0,0,0,0,0,0
gustó,0.4,0,0,0,0,0,0,0,0,0,0
guía,0.5,1,0,0,0,0,0,1,0,0,0
habilidades,0.4,0,0,0,0,0,0,0,0,0,0
habilitación,0.5,1,0,0,0,0,0,1,0,0,0
habilitar,0.5,1,0,0,0,0,0,1,0,0,0
habitat,0.5,1,0,0,0,0,0,0,0,0,0
habitual,0.0,0,0,0,0,0,0,0,1,0,0
habla,0.5,1,0,0,0,0,0,0,0,0,0
hablador,-0.5,0,1,0,0,0,0,0,0,0,0
hablar,0.5,1,0,0,0,0,0,0,0,0,0
habló,-0.5,0,1,0,0,0,0,0,0,0,0
hacedor,0.5,1,0,0,0,0,0,0,0,0,0
hacer contrabando,-0.5,0,1,0,0,0,1,0,0,0,0
hacer cumplir,0.0,1,1,0,0,1,1,0,0,0,0
hacer daña,-0.4,0,0,0,0,0,0,0,0,0,0
hacer daño,-0.4,0,0,0,0,0,0,0,0,0,0
hacer descarrilar,-0.4,0,0,0,0,0,0,0,0,0,0
hacerse un nida,0.5,1,0,0,0,0,0,1,0,0,0
hacerse un nido,0.5,1,0,0,0,0,0,1,0,0,0
hacha,-0.2,0,0,0,0,0,0,0,0,0,0
hachís,-0.5,0,1,0,0,0,0,0,0,0,0
hacia atrás,-0.5,0,1,0,0,0,0,0,0,0,1
hacia fuera,0.5,1,0,0,0,0,0,0,0,0,0
haciendo campaña,-0.5,0,1,0,0,1,1,0,0,0,0
haciendo el amor,0.5,1,0,1,0,0,0,1,0,0,0
hackeada,-0.2,0,0,0,0,0,0,0,0,0,0
hackeado,-0.2,0,0,0,0,0,0,0,0,0,0
hahahah,0.6,0,0,0,0,0,0,0,0,0,0
halagüeño,0.5,1,0,1,0,0,0,0,0,0,0
halar,0.5,1,0,0,0,0,0,0,0,0,0
halcón,0.0,0,0,0,0,0,1,0,0,0,0
hambre,-0.4,0,0,0,0,0,0,0,0,0,0
hambriento,-0.5,0,1,0,0,0,0,0,1,0,0
hambruna,-0.5,0,1,0,1,0,0,0,0,0,0
harapos,-0.5,0,1,0,0,0,0,0,0,0,1
harta,-0.6,0,0,0,0,0,0,0,0,0,0
harto,-0.6,0,0,0,0,0,0,0,0,0,0
hasta ahora,-0.5,0,1,0,0,0,0,0,0,0,0
haz,0.5,1,0,1,0,0,0,0,0,0,0
hazaña,0.5,1,0,1,0,0,0,0,1,1,0
hazlo,-0.5,0,1,0,0,0,0,0,0,0,0
heces,-0.5,0,1,0,0,0,0,0,0,0,1
hecho,0.0,0,0,0,0,0,0,1,0,0,0
hechos,0.5,1,0,0,0,0,0,1,0,0,0
hedonismo,0.0,1,1,1,0,0,0,0,0,0,0
hedor,-0.5,0,1,0,0,0,0,0,0,0,1
hembra,0.5,1,0,0,0,0,0,0,0,0,0
hemorragia,-0.5,0,1,0,1,0,1,0,0,0,1
hemorroides,-0.5,0,1,0,0,0,0,0,0,0,1
herbario,0.5,1,0,0,0,0,0,0,0,0,0
hereje,-0.5,0,1,0,0,0,0,0,0,0,1
herejía,-0.5,0,1,0,0,0,0,0,0,0,0
herencia,0.5,1,0,1,0,0,0,1,1,1,0
herida,-0.5,0,1,0,1,1,1,0,0,0,0
herir,-0.4,0,1,0,1,1,1,0,0,0,0
hermafrodita,-0.5,0,1,0,0,0,0,0,0,1,0
hermandad,0.5,1,0,0,1,1,0,1,0,1,0
hermano,0.5,1,0,0,0,0,0,1,0,0,0
hermosa,0.6,0,0,0,0,0,0,0,0,0,0
hermosamente,0.6,0,0,0,0,0,0,0,0,0,0
hermoso,0.5,1,0,1,0,0,0,0,0,0,0
heroica,0.6,1,0,0,0,0,0,0,0,0,0
heroico,0.6,1,0,1,0,0,0,1,0,1,0
heroína,0.0,1,1,0,0,0,0,1,0,0,0
heroísmo,0.5,1,0,1,0,0,0,1,1,1,0
herpes,-0.5,0,1,0,0,0,0,0,0,0,1
herpesvirus,-0.5,0,1,0,0,0,0,0,0,0,1
herrero,0.0,0,0,0,0,0,0,1,0,0,0
hervir,-0.5,0,1,0,0,0,0,0,0,0,1
hervir a fuego lento,0.0,0,0,0,0,1,0,0,1,0,0
hidalgo,0.5,1,0,0,0,0,0,1,0,0,0
hidra,-0.5,0,1,0,0,0,1,0,0,0,0
hidrocefalia,-0.5,0,1,0,1,0,1,0,0,0,1
hiel,-0.5,0,1,0,0,1,0,0,0,0,1
hierros,-0.5,0,1,0,0,0,0,0,0,0,0
higiénico,0.5,1,0,0,0,0,0,0,0,0,0
hija,0.5,1,0,1,0,0,0,0,0,0,0
hijo de puta,-1.0,0,0,0,0,0,0,0,0,0,0
hijos de puta,-0.8,0,0,0,0,0,0,0,0,0,0
hilaridad,0.5,1,0,1,0,0,0,0,0,0,0
hilas,-0.5,0,1,0,0,0,0,0,0,0,0
himno,0.5,1,0,1,1,0,0,1,1,0,0
hinchada,-0.5,0,1,0,0,0,0,0,0,0,1
hinchado,-0.5,0,1,0,0,0,0,0,0,0,1
hinchazón,-0.5,0,1,0,0,0,1,0,0,0,0
hipertrofia,0.0,0,0,0,0,0,1,0,0,1,1
hipocresía,-0.5,0,1,0,0,0,0,0,0,0,0
hipoteca,0.0,0,0,0,0,0,1,0,0,0,0
hippie,-0.5,0,1,0,0,0,0,0,0,0,0
hipérbole,-0.5,0,1,0,0,0,0,0,0,0,0
hipócrita,-0.4,0,1,0,0,0,0,0,0,0,1
hipótesis,0.0,0,0,0,0,0,0,0,1,1,0
hiriente,-0.5,0,1,0,1,1,1,0,0,0,1
histeria,-0.6,0,1,0,0,0,1,0,0,0,0
histerisma,-0.6,0,0,0,0,0,0,0,0,0,0
histerismo,-0.6,0,0,0,0,0,0,0,0,0,0
histérica,-0.6,0,0,0,0,0,0,0,0,0,0
histérico,-0.6,0,1,0,0,1,1,0,0,0,0
hobby,0.5,1,0,1,0,0,0,0,0,0,0
hogar,0.5,1,0,0,0,0,0,0,0,0,0
hojas perennes,0.5,1,0,1,0,0,0,1,0,0,0
hollín,-0.5,0,1,0,0,0,0,0,0,0,1
holocausto,-0.5,0,1,0,1,1,1,0,0,0,1
hombro,0.5,1,0,0,0,0,0,1,0,0,0
homenaje,0.4,1,0,0,0,0,0,0,0,0,0
homicida,-0.5,0,1,0,0,1,1,0,0,0,0
homicidio,-0.5,0,1,0,1,1,1,0,0,0,1
homicidio involuntario,-0.5,0,1,0,1,1,1,0,0,1,1
homologia,0.5,1,0,0,0,0,0,0,0,0,0
homosexualidad,-0.5,0,1,0,0,0,0,0,0,0,0
honesta,0.4,0,0,0,0,0,0,0,0,0,0
honestidad,0.5,1,0,0,0,0,0,1,0,0,0
honesto,0.4,1,0,1,1,1,1,1,0,0,1
hongo,-0.5,0,1,0,0,0,0,0,0,0,1
honor,0.4,1,0,0,0,0,0,1,0,0,0
honorable,0.5,1,0,0,0,0,0,1,0,0,0
honrada,0.4,0,0,0,0,0,0,0,0,0,0
honrado,0.4,0,0,0,0,0,0,0,0,0,0
hooligans,-0.4,0,0,0,0,0,0,0,0,0,0
hora,0.0,0,0,0,0,0,0,0,1,0,0
horca,-0.5,0,1,0,1,1,1,0,0,0,0
horda,-0.5,0,1,0,0,0,0,0,0,1,0
horizonte,0.5,1,0,0,0,0,0,0,1,0,0
horno,0.0,0,0,0,0,1,0,0,0,0,0
horrenda,-0.6,0,0,0,0,0,0,0,0,0,0
horrendo,-0.6,0,1,0,1,1,1,0,0,0,1
horrible,-0.6,0,1,0,1,1,1,0,0,0,1
horripilante,-0.5,0,1,0,1,0,1,0,0,0,1
horror,-0.5,0,1,0,1,1,1,0,0,1,1
horrores,-0.5,0,1,0,1,0,1,0,0,0,0
horrorizada,-0.6,0,1,0,0,0,1,0,0,0,0
horrorizado,-0.6,0,1,0,0,0,1,0,0,0,0
horrorosamente,-0.5,0,1,0,1,0,1,0,0,1,1
horroroso,-0.5,0,1,0,0,0,1,0,0,0,0
horóscopo,0.0,0,0,0,0,0,0,0,1,0,0
hosca,-0.4,0,0,0,0,0,0,0,0,0,0
hosco,-0.4,0,1,0,1,1,0,0,0,0,1
hospicio,0.0,0,0,0,1,0,0,0,0,0,0
hospital,0.0,0,0,0,1,0,1,1,0,0,0
hospitalidad,0.5,1,0,0,0,0,0,0,0,0,0
hostigamiento,0.0,0,0,0,0,1,0,0,0,0,0
hostil,-0.4,0,1,0,1,1,1,0,0,0,1
hostilidad,-0.5,0,1,0,0,1,0,0,0,0,1
hostilidades,-0.5,0,1,0,0,1,1,0,0,0,0
hueco,-0.5,0,1,0,1,0,0,0,0,0,0
huelga,-0.2,0,1,0,0,1,0,0,0,0,0
huelgas,-0.2,0,0,0,0,0,0,0,0,0,0
huida,0.0,0,0,0,0,0,1,0,0,0,0
huido,0.0,0,0,0,0,0,1,0,0,0,0
huir,-0.5,0,1,0,1,0,1,0,0,0,0
humanidad,0.5,1,0,1,0,0,0,1,0,0,0
humanitario,0.5,1,0,1,0,0,0,1,1,1,0
humano,0.5,1,0,0,0,0,0,0,0,0,0
humerous,0.6,0,0,0,0,0,0,0,0,0,0
humildad,0.5,1,0,0,0,0,0,1,0,0,0
humilde,0.0,1,1,0,1,0,0,0,0,0,1
humildemente,0.5,1,0,0,0,0,0,0,0,0,0
humillación,-0.6,0,1,0,1,1,1,0,0,0,1
humillada,-0.6,1,0,0,1,0,0,0,0,0,0
humillado,-0.6,1,0,0,1,0,0,0,0,0,0
humillante,-0.5,0,1,0,0,0,0,0,0,0,1
humillar,-0.5,0,1,0,1,1,0,0,0,0,0
humo,-0.5,0,1,0,0,0,0,0,0,0,0
humor,0.4,0,0,0,0,0,0,0,0,0,0
humorista,0.5,1,0,0,0,0,0,0,0,0,0
humorística,0.4,0,0,0,0,0,0,0,0,0,0
humorístico,0.4,1,0,1,0,0,0,0,0,0,0
hundida,-0.5,0,1,0,1,0,1,0,0,0,1
hundido,-0.5,0,1,0,1,0,1,0,0,0,1
hundimiento,-0.5,0,1,0,1,0,1,0,0,0,0
huracán,-0.5,0,1,0,0,0,1,0,0,0,0
hurra,1.0,1,0,1,0,0,0,0,0,0,0
hurto,-0.5,0,1,0,0,1,0,0,0,0,1
huye,-0.2,0,0,0,0,0,0,0,0,0,0
huérfano,-0.5,0,1,0,1,0,1,0,0,0,0
hábil,0.4,1,0,0,0,0,0,1,0,0,0
héroe,0.4,1,0,1,0,0,0,1,1,1,0
héroes,0.4,0,0,0,0,0,0,0,0,0,0
húmeda,0.0,0,0,0,0,0,0,0,0,0,1
húmedo,0.0,0,0,0,0,0,0,0,0,0,1
ictericia,-0.5,0,1,0,0,0,1,0,0,0,0
idea equivocada,-0.5,0,1,0,0,1,1,0,0,0,1
idealismo,0.5,1,0,0,0,0,0,0,0,0,0
idiota,-0.6,0,1,0,0,1,0,0,0,0,1
idiotez,-0.5,0,1,0,1,1,0,0,0,0,1
idolatría,-0.5,0,1,0,0,0,1,0,0,0,1
iglesia,0.5,1,0,1,0,0,0,1,1,0,0
ignora,-0.2,0,0,0,0,0,0,0,0,0,0
ignorada,-0.4,0,1,0,0,0,0,0,0,0,1
ignorado,-0.4,0,1,0,0,0,0,0,0,0,1
ignorancia,-0.4,0,1,0,0,0,0,0,0,0,0
ignorante,-0.4,0,1,0,0,0,0,0,0,0,1
ignorar,-0.2,0,1,0,0,0,0,0,0,0,0
igualdad,0.5,1,0,1,0,0,0,1,0,0,0
igualmente,0.5,1,0,0,0,0,0,0,0,0,0
ilegal,-0.6,0,1,0,1,1,1,0,0,0,1
ilegalidad,-0.5,0,1,0,0,1,1,0,0,0,1
ilegible,-0.5,0,1,0,0,0,0,0,0,0,0
ilegítimo,-0.5,0,1,0,1,1,1,0,0,1,1
ilimitada,0.5,1,0,0,0,0,0,0,0,0,0
ilimitado,0.5,1,0,0,0,0,0,0,0,0,0
ilumina,0.4,0,0,0,0,0,0,0,0,0,0
iluminación,0.5,1,0,1,0,0,0,1,0,1,0
iluminar,0.4,1,0,1,0,0,0,1,1,1,0
ilustración,0.5,1,0,1,0,0,0,1,0,0,0
ilustrada,0.4,0,0,0,0,0,0,0,0,0,0
ilustrado,0.4,0,0,0,0,0,0,0,0,0,0
ilustrar,0.5,1,0,0,0,0,0,0,0,0,0
ilustre,0.5,1,0,0,0,0,0,0,0,0,0
ilícito,-0.5,0,1,0,0,1,1,0,0,0,1
ilógico,-0.5,0,1,0,0,0,0,0,0,0,0
imaginativo,0.5,1,0,0,0,0,0,0,0,0,0
imbécil,-0.6,0,1,0,0,1,0,0,0,1,0
imitación,-0.5,0,1,0,0,0,0,0,0,0,0
imitada,-0.5,0,1,0,0,0,0,0,0,0,0
imitado,-0.5,0,1,0,0,0,0,0,0,0,0
imitador,-0.5,0,1,0,0,1,0,0,0,0,1
impaciencia,-0.5,0,1,0,0,0,0,0,0,0,0
impaciente,-0.4,0,1,0,0,0,0,0,1,0,0
impar,-0.4,0,0,0,0,0,0,0,0,0,0
imparable,0.4,0,0,0,0,0,0,0,0,0,0
imparcial,0.4,1,0,0,0,0,0,1,0,0,0
imparcialidad,0.5,1,0,0,0,0,0,1,0,0,0
impartir,0.5,1,0,0,0,0,0,1,0,0,0
impecable,0.5,1,0,0,0,0,0,1,0,0,0
impedida,-0.2,0,0,0,0,0,0,0,0,0,0
impedido,-0.2,0,0,0,0,0,0,0,0,0,0
impedir,-0.5,0,1,0,0,0,0,0,0,0,0
impenetrable,0.0,0,0,0,0,0,0,1,0,0,0
imperfección,-0.5,0,1,0,0,0,0,0,0,0,0
imperfecta,-0.4,0,0,0,0,0,0,0,0,0,0
imperfectamente,-0.5,0,1,0,0,0,0,0,0,0,0
imperfecto,-0.4,0,0,0,0,0,0,0,0,0,0
impermeable,0.4,1,0,0,0,1,1,0,0,0,0
implacable,-0.2,0,1,0,1,1,1,0,0,0,1
implicar,-0.5,0,1,0,0,1,0,0,0,0,0
impone,-0.2,0,0,0,0,0,0,0,0,0,0
imponente,-0.2,1,0,0,0,0,1,0,1,0,0
imponer,-0.2,0,0,0,0,0,0,0,0,0,0
impopular,-0.5,0,1,0,1,0,0,0,0,0,1
importancia,0.4,1,0,0,0,0,0,0,1,0,0
importante,0.4,1,0,0,0,0,0,1,0,0,0
importar,0.2,0,0,0,0,0,0,0,0,0,0
imposibilitar,0.0,0,0,0,0,1,0,0,0,0,0
imposible,-0.5,0,1,0,1,0,0,0,0,0,0
imposición,-0.5,0,1,0,1,0,1,0,0,0,0
impostor,-0.5,0,1,0,0,1,0,0,0,0,1
impotencia,-0.5,0,1,0,1,1,1,0,0,0,0
impotente,-0.4,0,1,0,1,1,1,0,0,0,1
impracticable,-0.5,0,1,0,0,0,0,0,0,0,0
impredecible,-0.5,0,1,0,0,0,0,0,0,1,0
impresiona,0.6,0,0,0,0,0,0,0,0,0,0
impresionable,0.0,0,0,0,0,0,0,1,0,0,0
impresionada,0.6,0,0,0,0,0,0,0,0,0,0
impresionado,0.6,0,0,0,0,0,0,0,0,0,0
impresionante,0.6,0,0,0,0,0,0,0,0,0,0
impresionar,0.6,1,0,0,0,0,0,0,0,0,0
impresión,0.5,1,0,0,0,0,0,0,0,0,0
imprevisto,0.0,0,0,0,0,0,0,0,0,1,0
improductivo,-0.5,0,1,0,0,0,0,0,0,0,0
impropiedad,-0.5,0,1,0,0,0,0,0,0,0,0
improvisación,0.0,0,0,0,0,0,0,0,0,1,0
improvisada,-0.5,0,1,0,0,0,0,0,0,0,0
improvisado,-0.5,0,1,0,0,0,0,0,0,0,0
improvisar,0.5,1,0,0,0,0,0,0,1,1,0
imprudencia,-0.5,0,1,0,0,1,1,0,0,1,1
imprudente,-0.5,0,1,0,1,0,0,0,0,0,0
impuesta,-0.2,0,0,0,0,0,0,0,0,0,0
impuesto,-0.2,0,1,0,1,0,0,0,0,0,1
impulsada,0.2,0,0,0,0,0,0,0,0,0,0
impulsado,0.2,0,0,0,0,0,0,0,0,0,0
impulsar,0.2,0,0,0,0,0,0,0,0,0,0
impulso,0.5,1,0,0,0,0,0,0,1,0,0
impureza,-0.5,0,1,0,0,0,0,0,0,0,1
impuro,-0.5,0,1,0,0,0,0,0,0,0,1
imputación,-0.5,0,1,0,0,0,0,0,0,0,0
impío,-0.5,0,1,0,1,1,1,0,0,0,0
imán,0.5,1,0,0,0,0,0,1,0,0,0
inaccesible,-0.5,0,1,0,0,0,0,0,0,0,0
inacción,-0.4,0,0,0,0,0,0,0,0,0,0
inaceptable,-0.4,0,1,0,1,0,0,0,0,0,0
inactividad,-0.5,0,1,0,0,0,0,0,0,0,0
inactivo,0.5,1,0,0,0,0,0,0,0,0,0
inadecuada,-0.4,0,1,0,1,0,0,0,0,0,0
inadecuado,-0.4,0,1,0,1,0,0,0,0,0,0
inadmisible,-0.5,0,1,0,0,1,0,0,0,0,1
inaguantable,-0.5,0,1,0,1,0,0,0,0,0,1
inalienable,0.5,1,0,0,0,0,0,0,0,0,0
inalámbrico,0.5,1,0,0,0,1,0,0,1,1,0
inamovible,0.0,1,1,0,0,0,0,1,0,0,0
inane,-0.5,0,1,0,0,0,0,0,0,0,0
inanición,-0.5,0,1,0,1,0,1,0,0,0,0
inaplicable,-0.5,0,1,0,0,0,0,0,0,0,0
inapropiada,-0.5,0,1,0,1,1,0,0,0,0,1
inapropiado,-0.5,0,1,0,1,1,0,0,0,0,1
inatención,-0.5,0,1,0,0,1,0,0,0,0,0
inaudible,-0.5,0,1,0,0,0,0,0,0,0,0
inauguración,0.5,1,0,1,0,0,0,1,1,0,0
inaugural,0.0,0,0,0,0,0,0,0,1,0,0
incalculable,-0.5,0,1,0,0,0,0,0,1,0,0
incapacidad,-0.4,0,1,0,1,0,0,0,0,0,0
incapacitada,-0.4,0,0,0,0,0,0,0,0,0,0
incapacitado,-0.4,0,0,0,0,0,0,0,0,0,0
incapacitante,-0.2,0,0,0,0,0,0,0,0,0,0
incapaz,-0.4,1,1,1,1,0,0,1,0,0,0
incapturable,-0.5,0,1,0,1,1,0,0,0,0,0
incautación,0.0,0,0,0,0,0,1,0,0,0,0
incendiario,-0.5,0,1,0,0,1,1,0,0,1,0
incendio provocada,-0.5,0,1,0,0,1,1,0,0,0,0
incendio provocado,-0.5,0,1,0,0,1,1,0,0,0,0
incesante,-0.5,0,1,0,0,0,0,0,0,0,0
incesto,-0.5,0,1,0,1,1,1,0,0,0,1
incestuoso,-0.5,0,1,0,0,0,0,0,0,0,1
incidente,0.0,0,0,0,0,0,0,0,0,1,0
incienso,-0.5,0,1,0,0,1,0,0,0,0,0
incierta,-0.2,0,0,0,0,0,0,0,0,0,0
incierto,-0.2,0,1,0,0,1,1,0,0,1,1
incineración,-0.5,0,1,0,0,0,0,0,0,0,0
incisivo,0.5,1,0,0,0,0,0,0,0,0,0
incitar,-0.5,0,1,0,0,1,1,0,1,0,0
inclemente,-0.5,0,1,0,0,0,0,0,0,0,0
inclinación,0.5,1,0,0,0,0,0,1,0,0,0
incluida,0.5,1,0,0,0,0,0,0,0,0,0
incluido,0.5,1,0,0,0,0,0,0,0,0,0
incluir,0.5,1,0,0,0,0,0,0,0,0,0
inclusivo,0.5,1,0,0,0,0,0,0,0,0,0
inclusión,0.0,0,0,0,0,0,0,1,0,0,0
incluso,0.5,1,0,0,0,0,0,0,0,0,0
incoherente,-0.5,0,1,0,0,0,0,0,0,0,0
incombustible,0.5,1,0,0,0,0,0,0,0,0,0
incomodidad,-0.5,0,1,0,1,0,0,0,0,0,0
incomparable,0.5,1,0,0,0,0,0,0,0,0,0
incompatible,-0.5,0,1,0,1,1,0,0,0,0,1
incompetencia,-0.4,0,1,0,0,0,0,0,0,0,0
incompetente,-0.4,0,1,0,1,1,0,0,0,0,0
incompletitud,-0.5,0,1,0,0,0,0,0,0,0,0
incompleto,-0.5,0,1,0,0,0,0,0,0,0,0
incomprendida,-0.4,0,0,0,0,0,0,0,0,0,0
incomprendido,-0.4,0,0,0,0,0,0,0,0,0,0
incomprensible,-0.5,0,1,0,0,0,0,0,0,0,0
inconcebible,-0.5,0,1,0,0,1,1,0,0,0,1
inconcluso,-0.5,0,1,0,0,0,0,0,0,0,0
inconexa,-0.4,0,0,0,0,0,0,0,0,0,0
inconexo,-0.4,0,0,0,0,0,0,0,0,0,0
inconfirmada,-0.2,0,0,0,0,0,0,0,1,0,0
inconfirmado,-0.2,0,0,0,0,0,0,0,1,0,0
incongruente,-0.5,0,1,0,0,1,0,0,0,0,0
inconsciente,-0.4,0,1,0,0,0,0,0,0,0,0
inconsecuencia,-0.5,0,1,0,0,0,0,0,0,0,0
inconsecuente,-0.5,0,1,0,1,0,0,0,0,0,0
inconstitucional,-0.5,0,1,0,0,0,0,0,0,0,0
incontestable,0.5,1,0,0,0,0,0,1,0,0,0
incontinencia,0.0,0,0,0,0,0,0,0,0,1,0
incontrolable,-0.5,0,1,0,0,1,0,0,1,1,0
inconveniencia,-0.4,0,0,0,0,0,0,0,0,0,0
inconveniente,-0.4,0,1,0,1,1,0,0,0,0,1
incorpóreo,-0.5,0,1,0,1,0,1,0,0,0,0
incorrecta,-0.4,0,1,0,0,0,0,0,0,0,0
incorrecto,-0.4,0,1,0,0,0,0,0,0,0,0
incredulidad,-0.5,0,1,0,0,0,0,0,0,0,0
incrementar,0.2,1,0,0,0,0,0,0,0,0,0
increíble,0.8,0,1,0,0,0,0,0,0,0,0
incriminación,-0.5,0,1,0,1,0,1,0,0,0,0
incruento,0.5,1,0,0,0,0,0,0,0,0,0
incrédula,-0.2,0,0,0,0,0,0,0,0,0,0
incrédulo,-0.2,0,1,0,0,1,0,0,0,0,1
incuestionable,0.5,1,0,0,0,0,0,1,0,0,0
incumplida,-0.4,0,0,0,0,0,0,0,0,0,0
incumplimiento,-0.5,0,1,0,1,1,1,0,1,0,0
incurable,-0.5,0,1,0,1,1,1,0,0,0,1
incurrir en,-0.5,0,1,0,0,0,0,0,0,0,0
incursión,-0.5,0,1,0,0,1,1,0,0,0,0
incómoda,-0.4,0,1,0,1,0,0,0,0,0,0
incómodo,-0.4,0,1,0,1,0,0,0,0,0,0
indecencia,0.0,0,0,0,0,1,0,0,0,0,1
indecente,-0.5,0,1,0,0,0,0,0,0,0,1
indecible,-0.5,0,1,0,0,0,1,0,0,0,0
indecisa,-0.4,0,0,0,0,0,0,0,0,0,0
indecisión,-0.5,0,1,0,0,0,0,0,0,0,0
indeciso,-0.4,0,1,0,0,0,1,0,1,0,0
indefendible,-0.5,0,1,0,0,0,1,0,0,0,0
indefensa,-0.4,0,0,0,0,0,0,0,0,0,0
indefenso,-0.4,0,1,0,1,0,1,0,0,0,0
indeleble,0.5,1,0,0,0,0,0,1,0,0,0
indemne,0.5,1,0,0,0,0,0,0,0,0,0
indemnidad,0.5,1,0,0,0,0,0,1,0,0,0
indemnizar,-0.5,0,1,0,0,0,0,0,0,0,0
independencia,0.5,1,0,1,0,0,0,1,1,1,0
indeseable,-0.4,0,1,0,1,1,1,0,0,0,1
indestructible,0.4,1,0,0,0,0,0,1,0,0,0
indeterminada,-0.5,0,1,0,0,0,0,0,0,0,0
indeterminado,-0.5,0,1,0,0,0,0,0,0,0,0
indiferencia,-0.4,0,1,0,1,1,1,0,0,0,1
indiferente,-0.4,0,0,0,0,0,0,0,0,0,0
indigente,-0.5,0,1,0,1,0,1,0,0,0,0
indignación,-0.4,0,1,0,0,1,0,0,0,0,1
indignada,-0.4,0,1,0,0,1,0,0,0,0,0
indignadas,-0.6,0,0,0,0,0,0,0,0,0,0
indignado,-0.4,0,1,0,0,1,0,0,0,0,0
indignados,-0.6,0,0,0,0,0,0,0,0,0,0
indignante,0.0,0,0,0,0,0,0,0,0,1,0
indigno de,-0.4,0,1,0,0,0,0,0,0,0,1
indigno de confianza,-0.5,0,1,0,0,1,0,0,0,0,0
indiscutiblemente,0.5,1,0,0,0,0,0,1,0,0,0
indispuesto,-0.5,0,1,0,1,0,0,0,0,0,0
indistinto,-0.5,0,1,0,0,0,0,0,0,0,0
individualidad,0.5,1,0,0,0,0,0,0,0,0,0
individualmente,0.5,1,0,0,0,0,0,0,0,0,0
indivisible,0.0,0,0,0,0,0,0,1,0,0,0
indiviso,0.5,1,0,0,0,0,0,0,0,0,0
indolente,-0.5,0,1,0,0,0,0,0,0,0,0
indomable,0.5,1,0,0,0,0,1,0,0,0,0
indudable,0.5,1,0,0,0,0,0,1,0,0,0
indulgente,0.2,1,0,0,0,0,0,1,0,0,0
indultas,0.4,0,0,0,0,0,0,0,0,0,0
indultos,0.4,0,0,0,0,0,0,0,0,0,0
inefable,0.5,1,0,0,0,0,0,0,0,0,0
ineficacia,-0.5,0,1,0,1,0,0,0,0,0,1
ineficaz,-0.4,0,1,0,0,0,0,0,0,0,1
ineficazmente,-0.4,0,0,0,0,0,0,0,0,0,0
ineficiente,-0.5,0,1,0,1,0,0,0,0,0,0
ineptitud,-0.5,0,1,0,1,0,1,0,0,0,1
inepto,-0.5,0,1,0,0,1,0,0,0,0,1
inequívocamente,0.5,1,0,0,0,0,0,0,0,0,0
inequívoco,0.0,0,0,0,0,0,0,1,0,0,0
inerte,-0.5,0,1,0,0,0,0,0,0,0,0
inesperada,0.0,1,1,1,0,0,1,0,1,1,0
inesperadamente,0.0,0,0,0,0,0,0,0,0,1,0
inesperado,0.0,1,1,1,0,0,1,0,1,1,0
inestabilidad,-0.5,0,1,0,0,0,1,0,0,0,1
inestable,-0.4,0,1,0,0,1,1,0,0,1,1
inevitable,-0.5,0,1,0,0,0,0,0,0,0,0
inexcusable,-0.5,0,1,0,1,1,0,0,0,0,1
inexperiencia,-0.5,0,1,0,0,0,0,0,0,0,0
inexperto,-0.5,0,1,0,0,0,0,0,0,0,0
inexplicable,-0.5,0,1,0,1,0,0,1,1,1,1
infalibilidad,0.0,0,0,0,0,0,0,1,0,0,0
infalible,0.5,1,0,0,0,0,0,0,0,0,0
infame,-0.5,0,1,0,0,1,1,0,0,0,1
infamia,-0.5,0,1,0,1,0,0,0,0,0,0
infancia,0.5,1,0,1,0,0,0,0,0,0,0
infanticidio,-0.5,0,1,0,1,1,1,0,1,0,1
infantil,-0.4,1,1,1,0,1,1,0,1,1,1
infarto,-0.5,0,1,0,0,0,1,0,0,1,0
infatuación,0.4,0,0,0,0,0,0,0,0,0,0
infeccioso,-0.5,0,1,0,1,0,1,0,0,0,1
infección,-0.5,0,1,0,0,0,1,0,0,0,0
infectada,-0.4,0,0,0,0,0,0,0,0,0,0
infectado,-0.4,0,0,0,0,0,0,0,0,0,0
infectar,-0.5,0,1,0,0,0,0,0,0,0,1
infelicidad,-0.5,0,1,0,1,0,0,0,0,0,0
infeliz,-0.4,0,1,0,1,1,0,0,0,0,1
inferior,-0.4,0,1,0,1,1,1,0,0,0,0
inferioridad,-0.5,0,1,0,0,0,0,0,0,0,0
infernal,-0.5,0,1,0,1,1,1,0,0,0,1
infestación,-0.5,0,1,0,0,0,1,0,0,0,1
infidelidad,-0.5,0,1,0,1,1,1,0,0,0,1
infiel,-0.5,0,1,0,0,1,1,0,0,0,1
infierna,-0.8,0,0,0,0,0,0,0,0,0,0
infierno,-0.8,0,1,0,1,1,1,0,0,0,1
infiltración,0.0,1,1,0,0,0,0,0,0,0,0
infinito,0.5,1,0,1,0,0,0,1,1,0,0
inflación,-0.5,0,1,0,0,0,1,0,0,0,0
inflada,-0.5,0,1,0,0,0,0,0,0,0,0
inflado,-0.5,0,1,0,0,0,0,0,0,0,0
inflamación,-0.5,0,1,0,0,0,0,0,0,0,0
inflexible,-0.5,0,1,0,0,0,0,0,0,0,0
infligir,-0.5,0,1,0,1,1,1,0,0,0,0
influencia,0.0,1,1,0,0,0,0,0,0,0,0
influenza,-0.5,0,1,0,0,0,0,0,0,0,0
influyente,0.4,1,0,0,0,0,0,1,0,0,0
información,0.5,1,0,0,0,0,0,0,0,0,0
información errónea,-0.4,0,0,0,0,0,0,0,0,0,0
informador,-0.5,0,1,0,0,0,0,0,0,0,0
informar,0.0,0,0,0,0,0,0,1,0,0,0
informe,-0.5,0,1,0,0,0,0,0,0,0,0
infortunia,-0.4,0,0,0,0,0,0,0,0,0,0
infortunio,-0.4,0,0,0,0,0,0,0,0,0,0
infracción,-0.4,0,1,0,0,1,0,0,0,0,0
infractor,-0.4,0,0,0,0,0,0,0,0,0,0
infranqueable,-0.5,0,1,0,0,0,0,0,0,0,0
infrecuente,0.0,0,0,0,0,0,0,0,0,1,0
infringir,-0.5,0,1,0,0,0,0,0,0,0,0
infructuoso,-0.5,0,1,0,1,0,0,0,0,0,0
infundada,-0.5,0,1,0,0,0,0,0,0,0,0
infundado,-0.5,0,1,0,0,0,0,0,0,0,0
ingenio,0.5,1,0,0,0,0,0,0,0,0,0
ingenioso,0.5,1,0,1,0,0,0,0,0,0,0
ingenua,-0.4,0,0,0,0,0,0,0,0,0,0
ingenuo,-0.4,0,1,0,0,0,0,0,0,0,0
ingrato,-0.5,0,1,0,0,1,0,0,0,0,1
ingresos,0.0,1,1,1,1,0,0,1,1,0,0
inhabilitar,-0.5,0,1,0,1,0,1,0,0,0,0
inhibir,-0.2,0,1,0,1,1,0,0,0,0,1
inhumanidad,-0.5,0,1,0,1,0,0,0,0,0,0
inhumano,-0.5,0,1,0,1,1,1,0,0,0,1
inhóspito,-0.5,0,1,0,1,0,0,0,0,0,0
inimitable,0.5,1,0,0,0,0,0,1,0,0,0
ininteligible,-0.5,0,1,0,0,0,0,0,0,0,0
iniquidad,-0.5,0,1,0,0,0,0,0,0,0,1
injusta,-0.4,0,0,0,0,0,0,0,0,0,0
injusticia,-0.4,0,1,0,1,1,0,0,0,0,0
injustificable,-0.5,0,1,0,0,1,1,0,0,0,1
injustificada,-0.5,0,1,0,0,0,0,0,0,0,0
injustificado,-0.5,0,1,0,0,0,0,0,0,0,0
injusto,-0.4,0,1,0,1,1,0,0,0,0,1
inmaculada,0.5,1,0,1,0,0,0,1,0,0,0
inmaculado,0.5,1,0,1,0,0,0,1,0,0,0
inmadurez,-0.5,0,1,0,0,1,0,0,1,0,0
inmaduro,-0.5,0,1,0,0,0,0,0,1,0,0
inmanejable,-0.5,0,1,0,0,0,0,0,0,0,1
inmediación,0.0,0,0,0,0,0,0,0,0,1,0
inmediatamente,0.0,1,1,0,0,0,0,0,1,0,0
inmenso,0.5,1,0,0,0,0,0,0,0,0,0
inmersión,-0.5,0,1,0,0,0,1,0,0,0,0
inmigrante,0.0,0,0,0,0,0,1,0,0,0,0
inminente,0.0,0,0,0,0,0,1,0,1,0,0
inmoral,-0.5,0,1,0,1,1,1,0,0,0,1
inmoralidad,-0.5,0,1,0,0,1,0,0,0,0,1
inmortal,0.4,1,0,0,0,0,0,0,0,0,0
inmortalidad,0.0,0,0,0,0,0,0,0,1,0,0
inmovilizada,-0.2,0,0,0,0,0,0,0,0,0,0
inmovilizado,-0.2,0,0,0,0,0,0,0,0,0,0
inmunda,-0.5,0,1,0,0,0,0,0,0,0,1
inmundicia,-0.5,0,1,0,0,0,0,0,0,0,1
inmundo,-0.5,0,1,0,0,0,0,0,0,0,1
inmune,0.2,0,0,0,0,0,0,0,0,0,0
inmunización,0.0,0,0,0,0,0,0,1,0,0,0
inmutable,-0.5,0,1,0,0,0,0,0,0,0,0
innova,0.2,0,0,0,0,0,0,0,0,0,0
innovación,0.2,1,0,0,0,0,0,0,0,0,0
innovador,0.4,0,0,0,0,0,0,0,0,0,0
innovar,0.2,1,0,0,0,0,0,0,0,0,0
inocencia,0.5,1,0,0,0,0,0,0,0,0,0
inocente,0.5,1,0,0,0,0,0,1,0,0,0
inocentemente,0.5,1,0,0,0,0,0,0,0,0,0
inoculación,0.0,0,0,0,0,0,0,1,1,0,0
inocuo,0.5,1,0,0,0,0,0,0,0,0,0
inoperante,-0.5,0,1,0,0,1,0,0,0,0,0
inoxidable,0.5,1,0,0,0,0,0,0,0,0,0
inquebrantable,0.5,1,0,0,0,0,0,1,0,0,0
inquieta,-0.4,0,0,0,0,0,0,0,0,0,0
inquieto,-0.4,0,0,0,0,0,0,0,0,0,0
inquietud,-0.5,0,1,0,1,0,0,0,1,0,0
inquilino,0.5,1,0,0,0,0,0,0,0,0,0
inquisición,-0.4,0,0,0,0,0,0,0,0,0,0
inquisitiva,0.4,0,0,0,0,0,0,0,0,0,0
inquisitivo,0.4,1,0,0,0,0,0,0,0,0,0
insalubre,-0.4,0,1,0,1,0,1,0,0,0,1
insana,-0.4,0,0,0,0,0,0,0,0,0,0
insano,-0.4,0,1,0,0,1,1,0,0,0,0
insatisfacción,-0.5,0,1,0,0,0,0,0,0,0,0
insatisfactorio,-0.5,0,1,0,0,0,0,0,0,0,1
insatisfecha,-0.4,0,0,0,0,0,0,0,0,0,0
insatisfecho,-0.4,0,1,0,1,1,0,0,1,1,1
inscribirse,0.0,0,0,0,0,0,0,1,1,0,0
insecto,-0.5,0,1,0,0,0,1,0,0,0,1
insegura,-0.4,0,0,0,0,0,0,0,0,0,0
inseguridad,-0.5,0,1,0,0,0,1,0,0,0,0
inseguro,-0.4,0,1,0,1,1,1,0,0,0,0
insensibilidad,-0.4,0,0,0,0,0,0,0,0,0,0
insensible,-0.4,0,0,0,0,0,0,0,0,0,0
inseparable,0.5,1,0,1,0,0,0,1,0,0,0
insidioso,-0.5,0,1,0,0,1,1,0,0,0,1
insignias,0.5,1,0,0,0,0,0,0,0,0,0
insignificancia,-0.5,0,1,0,1,0,0,0,0,0,0
insignificante,-0.4,0,1,0,1,1,0,0,0,0,0
insistente,-0.2,0,0,0,0,0,0,0,0,0,0
insolente,-0.5,0,1,0,0,0,0,0,0,0,0
insolvencia,-0.5,0,1,0,1,0,1,0,0,1,0
insolvente,-0.5,0,1,0,1,0,1,1,0,0,0
insomnia,-0.4,0,0,0,0,0,0,0,0,0,0
insomnio,-0.4,0,0,0,0,0,0,0,0,0,0
insostenible,-0.5,0,1,0,0,0,0,0,0,0,0
inspector,0.5,1,0,0,0,0,0,0,0,0,0
inspira,0.4,0,0,0,0,0,0,0,0,0,0
inspiración,0.4,1,0,1,0,0,0,0,1,0,0
inspirada,0.4,1,0,1,0,0,0,1,0,1,0
inspirado,0.4,1,0,1,0,0,0,1,0,1,0
inspirador,0.6,0,0,0,0,0,0,0,0,0,0
inspirar,0.4,1,0,1,0,0,0,1,1,0,0
instalar,0.0,0,0,0,0,0,0,0,1,0,0
instigación,-0.5,0,1,0,0,0,0,0,0,0,0
instigar,-0.5,0,1,0,0,0,0,0,0,0,0
instintivo,0.5,1,0,0,0,1,1,0,0,0,1
instituto,0.0,0,0,0,0,0,0,1,0,0,0
institutriz,0.0,0,0,0,0,0,0,1,0,0,0
instrucciones,0.0,0,0,0,0,0,0,1,1,0,0
instrucción,0.5,1,0,0,0,0,0,1,0,0,0
instructor,0.5,1,0,0,0,0,0,1,1,0,0
instruir,0.5,1,0,0,0,0,0,1,0,0,0
instrumental,0.5,1,0,0,0,0,0,0,0,0,0
insuficiencia,-0.5,0,1,0,0,1,0,0,0,0,0
insuficiente,-0.5,0,1,0,0,0,0,0,0,0,0
insuficientemente,-0.5,0,1,0,0,0,0,0,0,0,0
insulta,-0.4,0,0,0,0,0,0,0,0,0,0
insultada,-0.4,0,0,0,0,0,0,0,0,0,0
insultado,-0.4,0,0,0,0,0,0,0,0,0,0
insultante,-0.4,0,1,0,1,1,1,0,0,0,1
insultas,-0.4,0,0,0,0,0,0,0,0,0,0
insulto,-0.4,0,1,0,1,1,0,0,0,1,1
insultos,-0.4,0,0,0,0,0,0,0,0,0,0
insuperable,-0.5,0,1,0,1,0,1,0,0,0,0
insuperada,0.5,1,0,1,0,0,1,1,1,0,0
insuperado,0.5,1,0,1,0,0,1,1,1,0,0
insurgente,-0.5,0,1,0,0,0,0,0,0,0,0
insurrección,-0.5,0,1,0,0,1,0,0,0,0,0
insípida,-0.4,0,1,0,0,0,0,0,0,0,1
insípido,-0.4,0,1,0,0,0,0,0,0,0,1
intacta,0.4,1,0,0,0,0,0,1,0,0,0
intacto,0.4,1,0,0,0,0,0,1,0,0,0
integridad,0.4,1,0,0,0,0,0,1,0,0,0
intelecto,0.5,1,0,0,0,0,0,0,0,0,0
intelectual,0.5,1,0,0,0,0,0,0,0,0,0
inteligencia,0.5,1,0,1,0,0,1,1,0,0,0
inteligente,0.4,1,0,0,0,0,0,1,0,0,0
intencionadamente,0.5,1,0,0,0,0,0,0,0,0,0
intensa,0.2,0,0,0,0,0,0,0,0,0,0
intenso,0.2,1,1,1,0,1,1,1,0,1,1
intentar,0.0,0,0,0,0,0,0,1,0,0,0
intento,0.0,0,0,0,0,0,0,0,1,0,0
intercambiar,0.5,1,0,0,0,0,0,1,0,0,0
interceder,0.0,0,0,0,1,0,1,0,0,0,0
intercesión,0.0,0,0,0,0,0,0,1,0,0,0
interdicción,-0.5,0,1,0,0,0,0,0,0,0,0
interesada,0.4,1,0,0,1,0,0,0,0,0,1
interesado,0.4,1,0,0,1,0,0,0,0,0,1
interesante,0.4,1,0,0,0,0,0,0,0,0,0
interesar,0.2,1,0,0,0,0,0,0,0,0,0
intereses,0.2,0,0,0,0,0,0,0,0,0,0
interferencia,-0.5,0,1,0,0,0,0,0,0,0,0
interior,0.5,1,0,0,0,0,0,1,0,0,1
interlocutorio,0.5,1,0,0,0,0,0,0,0,0,0
interludio,0.5,1,0,0,0,0,0,0,0,0,0
interminable,0.0,1,1,1,1,1,1,1,1,0,0
interpretación,-0.5,0,1,0,0,0,0,0,0,0,0
interrogada,-0.4,0,0,0,0,0,0,0,0,0,0
interrogado,-0.4,0,0,0,0,0,0,0,0,0,0
interrogar,0.0,0,0,0,0,0,1,0,0,0,0
interrogatoria,-0.2,0,0,0,0,0,0,0,0,0,0
interrogatorio,-0.2,0,0,0,0,0,1,0,0,0,0
interrumpida,-0.4,0,1,0,1,0,0,0,0,0,0
interrumpido,-0.4,0,1,0,1,0,0,0,0,0,0
interrumpienda,-0.4,0,0,0,0,0,0,0,0,0,0
interrumpiendo,-0.4,0,0,0,0,0,0,0,0,0,0
interrumpir,-0.4,0,1,0,0,1,0,0,0,1,0
interrupciones,-0.4,0,0,0,0,0,0,0,0,0,0
interrupción,-0.4,0,0,0,0,0,0,0,0,0,0
intervención,0.0,1,1,0,1,0,0,0,0,0,0
intestada,-0.5,0,1,0,0,0,0,0,0,0,0
intestado,-0.5,0,1,0,0,0,0,0,0,0,0
intestinal,0.0,0,0,0,0,0,0,0,0,0,1
intestino,0.0,0,0,0,0,0,0,0,0,0,1
intestinos,0.0,0,0,0,0,0,0,0,0,0,1
intimida,-0.4,0,0,0,0,0,0,0,0,0,0
intimidación,-0.4,0,1,0,0,1,1,0,0,0,0
intimidante,-0.4,0,0,0,0,0,0,0,0,0,0
intimidar,-0.4,0,1,0,0,0,1,0,0,0,0
intitulada,0.2,0,1,0,1,0,0,0,0,0,0
intitulado,0.2,0,1,0,1,0,0,0,0,0,0
intolerable,-0.5,0,1,0,0,1,0,0,0,0,0
intolerancia,-0.5,0,1,0,0,1,1,0,0,0,1
intolerante,-0.5,0,1,0,1,1,1,0,0,0,1
intratable,-0.5,0,1,0,0,1,0,0,0,0,0
intriga,-0.5,0,1,0,0,0,1,0,1,1,0
intrigas,0.2,0,0,0,0,0,0,0,0,0,0
intrincada,0.4,0,0,0,0,0,0,0,0,0,0
intrincado,0.4,0,0,0,0,0,0,0,0,0,0
intrusión,-0.5,0,1,0,0,0,1,0,0,0,0
intruso,-0.5,0,1,0,0,1,1,0,0,1,1
intrépida,0.4,1,0,0,0,0,0,0,0,0,0
intrépido,0.4,1,0,0,0,0,0,0,0,0,0
intuición,0.5,1,0,0,0,0,0,1,0,0,0
intuitivamente,0.0,0,0,0,0,0,0,0,1,0,0
intuitivo,0.5,1,0,0,0,0,0,0,0,0,0
inundar,0.0,0,0,0,0,0,1,0,0,0,0
inutilidad,-0.4,0,0,0,0,0,0,0,0,0,0
invadir,-0.5,0,1,0,1,1,1,0,0,1,0
invalidación,-0.5,0,1,0,0,0,0,0,0,0,0
invalidar,-0.5,0,1,0,0,0,0,0,0,0,0
invalidez,-0.5,0,1,0,0,0,0,0,0,0,0
invariablemente,0.5,1,0,0,0,0,0,0,0,0,0
invasión,-0.5,0,1,0,0,1,1,0,0,0,0
invasor,-0.5,0,1,0,1,1,1,0,0,0,0
invencible,0.4,0,0,0,0,0,0,0,0,0,0
inventivo,0.5,1,0,0,0,0,0,0,0,0,0
inventor,0.5,1,0,0,0,0,0,0,0,0,0
inversión,-0.5,0,1,0,0,1,0,0,0,1,1
investigación,0.5,1,0,0,0,0,0,0,1,0,0
investigador,0.5,1,0,0,0,0,0,0,0,0,0
investigar,0.5,1,0,0,0,0,0,0,0,0,0
invicta,0.0,1,1,1,1,0,0,0,1,1,0
invicto,0.0,1,1,1,1,0,0,0,1,1,0
invitación,0.2,1,0,1,0,0,0,1,1,1,0
invocación,0.0,0,0,0,0,0,0,1,1,0,0
invocar,0.0,0,0,0,0,0,0,0,1,0,0
involución,-0.5,0,1,0,0,1,0,0,0,0,0
involuntariamente,-0.5,0,1,0,0,0,0,0,0,1,0
involuntario,-0.5,0,1,0,0,0,0,0,0,1,0
invulnerable,0.4,0,0,0,0,0,0,0,0,0,0
inválida,0.0,0,0,0,1,0,0,0,0,0,0
inválido,0.0,0,0,0,1,0,0,0,0,0,0
inyección,0.0,0,0,0,0,0,1,0,0,0,0
inédito,-0.5,0,1,0,1,0,0,0,1,0,0
inútil,-0.4,0,1,0,1,0,0,0,0,0,0
ir a tientas,-0.5,0,1,0,0,1,1,0,0,0,1
ira,-0.5,0,1,0,0,1,1,0,0,0,0
iris,0.0,0,0,0,0,0,1,0,0,0,0
ironía,-0.2,0,0,0,0,0,0,0,0,0,0
irracional,-0.2,0,1,0,0,0,1,0,0,0,1
irracionalidad,-0.5,0,1,0,0,0,0,0,0,0,0
irradiar,0.5,1,0,0,0,0,0,0,0,0,0
irreconciliable,-0.5,0,1,0,1,1,1,0,0,0,0
irreducible,0.5,1,0,0,0,0,0,0,0,0,0
irrefutable,0.5,1,0,0,0,0,0,1,0,0,0
irregular,-0.5,0,1,0,0,0,0,0,0,0,0
irregularidad,-0.5,0,1,0,0,0,0,0,0,0,0
irrelevante,-0.5,0,1,0,0,0,0,0,0,0,0
irreparable,-0.5,0,1,0,1,0,1,0,0,0,0
irresistible,0.4,1,0,0,0,0,0,0,0,0,0
irresoluta,-0.4,0,0,0,0,0,0,0,0,0,0
irresoluto,-0.4,0,0,0,0,0,0,0,1,0,0
irrespetuosa,-0.4,0,0,0,0,0,0,0,0,0,0
irrespetuoso,-0.4,0,1,0,1,1,1,0,0,0,1
irresponsable,0.4,0,1,0,0,0,0,0,0,0,0
irreverente,-0.5,0,1,0,0,0,0,0,0,0,0
irreversible,-0.2,0,0,0,0,0,0,0,0,0,0
irrevocable,-0.5,0,1,0,0,0,0,0,0,0,0
irritabilidad,-0.5,0,1,0,0,1,0,0,0,0,0
irritable,-0.5,0,1,0,0,1,0,0,0,0,0
irritacion,-0.5,0,1,0,1,1,0,0,0,0,1
irritada,-0.6,0,0,0,0,0,0,0,0,0,0
irritado,-0.6,0,0,0,0,0,0,0,0,0,0
irritante,-0.6,0,1,0,0,1,0,0,0,0,1
irritar,-0.6,0,0,0,0,0,0,0,0,0,0
irrompible,0.5,1,0,0,0,0,0,0,0,0,0
irónica,-0.2,0,0,0,0,0,0,0,0,0,0
irónico,-0.2,0,0,0,0,0,0,0,0,0,0
jackasses,-0.8,0,0,0,0,0,0,0,0,0,0
jactancia,-0.5,0,1,0,0,0,0,0,0,0,0
jactanciosa,-0.4,0,0,0,0,0,0,0,0,0,0
jactancioso,-0.4,0,0,0,0,0,0,0,0,0,0
jactarse,-0.5,0,1,0,0,0,0,0,0,0,0
jadeando,-0.5,0,1,0,0,0,1,0,0,0,0
jadear,0.0,0,0,0,0,0,0,0,0,1,0
jaja,0.6,0,0,0,0,0,0,0,0,0,0
jajaja,0.6,0,0,0,0,0,0,0,0,0,0
jaranear,0.5,1,0,1,0,0,0,0,0,0,0
jardín,0.5,1,0,1,0,0,0,0,0,0,0
jarra,0.0,1,1,0,1,1,1,0,0,0,0
jaula,-0.5,0,1,0,1,0,0,0,0,0,0
jefe,0.5,1,0,0,0,0,0,0,0,0,0
jerga,-0.5,0,1,0,0,0,0,0,0,0,0
jeringuilla,0.0,0,0,0,0,0,1,0,0,0,0
jesús,0.2,0,0,0,0,0,0,0,0,0,0
jinete,0.5,1,0,0,0,0,0,0,0,0,0
jocosa,0.4,0,0,0,0,0,0,0,0,0,0
jocoso,0.4,0,0,0,0,0,0,0,0,0,0
jornada,-0.5,0,1,0,0,0,0,0,0,0,0
joven,0.5,1,0,1,0,0,0,0,1,1,0
jovial,0.4,1,0,1,0,0,0,0,0,0,0
joya,0.2,1,0,1,0,0,0,0,0,0,0
joyas,0.2,0,0,0,0,0,0,0,0,0,0
juan,-0.5,0,1,0,0,0,0,0,0,0,1
jubilación,0.0,1,1,1,1,0,1,1,1,0,0
jubilosa,0.6,0,0,0,0,0,0,0,0,0,0
jubiloso,0.6,1,0,1,0,0,0,1,0,1,0
judicial,0.5,1,0,0,0,0,0,1,1,0,0
juego,-0.5,0,1,0,0,0,0,0,1,1,0
juerga,-0.5,0,1,0,0,0,0,0,0,0,0
juez de instrucción,-0.5,0,1,0,0,0,0,0,0,0,0
jugador,-0.5,0,1,0,0,0,0,0,1,1,0
jugar,-0.5,0,1,0,0,0,0,0,0,0,0
juguetón,0.4,1,0,1,0,1,0,1,0,1,0
juicio,0.0,0,0,0,0,0,0,0,0,1,0
juicio hipotecaria,-0.4,0,0,0,0,0,0,0,0,0,0
juicio hipotecario,-0.4,0,0,0,0,0,0,0,0,0,0
juicioso,0.5,1,0,0,0,0,0,1,0,0,0
junta,-0.5,0,1,0,0,0,0,0,0,0,0
juntarse,0.0,0,0,0,0,0,0,1,0,0,0
jurada,0.0,0,0,0,0,0,0,1,0,0,0
jurado,0.0,0,0,0,0,0,0,1,0,0,0
juramento,0.5,1,0,0,0,0,0,1,0,0,0
jurar,0.5,1,0,0,0,0,0,1,0,0,0
jurisprudencia,0.0,0,0,0,1,0,0,0,0,0,0
jurista,0.0,0,0,0,0,0,0,1,0,0,0
justa,0.4,1,0,0,0,0,0,0,0,0,0
justicia,0.4,1,0,0,0,0,0,1,0,0,0
justificable,0.5,1,0,0,0,0,0,1,0,0,0
justificación,0.5,1,0,0,0,0,0,0,0,0,0
justificada,0.4,0,0,0,0,0,0,0,0,0,0
justificadamente,0.4,0,0,0,0,0,0,0,0,0,0
justificado,0.4,0,0,0,0,0,0,0,0,0,0
justificar,0.0,0,0,0,0,0,0,1,0,0,0
justo,0.5,1,0,0,0,0,0,0,0,0,0
juvenil,0.4,0,1,0,0,0,0,0,0,0,0
juventud,0.5,1,0,1,0,1,1,0,1,1,0
juzgar,-0.5,0,1,0,0,0,1,0,0,0,0
kan,0.0,0,0,0,0,0,1,1,0,0,0
kern,-0.5,0,1,0,0,0,0,0,0,0,0
kills,-0.6,0,0,0,0,0,0,0,0,0,0
kinder,0.4,0,0,0,0,0,0,0,0,0,0
la licenciatura,0.5,1,0,0,0,0,0,0,0,0,0
laberinto,-0.5,0,1,0,0,0,0,0,1,0,0
labor,0.5,1,0,1,0,0,0,1,1,1,0
labores,-0.5,0,1,0,0,0,0,0,0,0,0
laborioso,-0.5,0,1,0,0,0,0,0,0,0,0
ladrar,-0.5,0,1,0,0,1,0,0,0,0,0
ladrón,-0.4,0,1,0,1,1,1,0,0,1,1
lag,-0.4,0,0,0,0,0,0,0,0,0,0
lamentable,-0.6,0,1,0,1,0,0,0,0,0,0
lamentablemente,-0.5,0,1,0,1,0,0,0,0,0,1
lamentada,-0.5,0,1,0,1,0,0,0,0,0,0
lamentado,-0.5,0,1,0,1,0,0,0,0,0,0
lamentanda,-0.4,0,0,0,0,0,0,0,0,0,0
lamentando,-0.4,0,1,0,1,0,0,0,0,0,0
lamentar,-0.4,0,1,0,1,0,0,0,0,0,0
lamentarse,0.0,0,0,0,1,0,0,0,0,0,0
lamento,-0.5,0,1,0,1,0,1,0,0,0,1
lamer,-0.5,0,1,0,0,0,0,0,0,0,1
lana,-0.5,0,1,0,1,1,0,0,0,0,1
langosta,-0.5,0,1,0,0,0,1,0,0,0,0
languidecer,-0.5,0,1,0,0,0,0,0,0,0,0
languideciendo,-0.5,0,1,0,1,0,1,0,0,0,0
lanza,-0.5,0,1,0,0,1,1,0,1,0,0
lanzada,0.2,0,0,0,0,0,0,0,0,0,0
lanzado,0.2,0,0,0,0,0,0,0,0,0,0
lanzamiento,0.5,1,0,0,0,0,0,0,1,0,0
lapso,-0.5,0,1,0,0,0,0,0,0,0,0
largo,0.0,0,0,0,0,0,0,0,1,0,0
lascivo,-0.5,0,1,0,0,0,0,0,0,0,1
lastimando,-0.5,0,1,0,1,1,1,0,0,0,0
lastimero,0.0,0,0,0,1,0,0,0,0,0,0
lastimosa,-0.4,0,0,0,0,0,0,0,0,0,0
lastimoso,-0.4,0,0,0,0,0,0,0,0,0,0
late,-0.4,0,0,0,0,0,0,0,0,0,0
latente,-0.5,0,1,0,0,1,0,0,1,1,1
latigazo,-0.5,0,1,0,0,1,1,0,0,0,0
latosa,-0.4,0,0,0,0,0,0,0,0,0,0
latoso,-0.4,0,0,0,0,0,0,0,0,0,0
laughting,0.2,0,0,0,0,0,0,0,0,0,0
laureada,0.5,1,0,0,0,0,0,1,0,0,0
laureado,0.5,1,0,0,0,0,0,1,0,0,0
laurel,0.5,1,0,0,0,0,0,0,0,0,0
laureles,0.5,1,0,1,0,0,0,0,0,0,0
lava,-0.5,0,1,0,0,1,1,0,0,0,0
lavabo,-0.5,0,1,0,0,0,0,0,0,0,1
lavado del cerebro,-0.6,0,0,0,0,0,0,0,0,0,0
lavado verde,-0.6,0,0,0,0,0,0,0,0,0,0
lawl,0.6,0,0,0,0,0,0,0,0,0,0
laxante,-0.5,0,1,0,0,0,1,0,0,0,1
lazo,-0.5,0,1,0,1,0,0,0,0,0,0
leal,0.6,1,0,1,0,0,1,1,0,1,0
lealtad,0.6,1,0,0,0,0,0,1,0,0,0
lección,0.5,1,0,0,0,0,0,1,1,0,0
lector,0.5,1,0,0,0,0,0,0,0,0,0
leer mal,-0.2,0,0,0,0,0,0,0,0,0,0
legada,0.0,0,0,0,0,0,0,1,0,0,0
legado,0.0,0,0,0,0,0,0,1,0,0,0
legal,0.2,1,0,0,0,0,0,1,0,0,0
legalizada,0.5,1,0,1,0,1,1,1,0,0,0
legalizado,0.5,1,0,1,0,1,1,1,0,0,0
legalmente,0.2,0,0,0,0,0,0,0,0,0,0
legendario,0.5,1,0,0,0,0,0,0,0,0,0
legibilidad,0.5,1,0,0,0,0,0,0,0,0,0
legible,0.5,1,0,0,0,0,0,0,0,0,0
legislador,0.0,0,0,0,0,0,0,1,0,0,0
legislatura,0.0,0,0,0,0,0,0,1,0,0,0
legitimidad,0.0,0,0,0,0,0,0,1,0,0,0
legítimo,0.5,1,0,0,0,0,0,0,0,0,0
lema,0.5,1,0,0,0,0,0,0,0,0,0
lengüeta,-0.5,0,1,0,0,1,0,0,0,0,0
lenta,-0.4,0,0,0,0,0,0,0,0,0,0
lentitud,-0.5,0,1,0,0,0,0,0,0,0,0
lento,-0.4,0,1,0,1,0,0,0,0,0,0
leonada,0.0,0,0,0,0,0,0,0,0,0,1
leonado,0.0,0,0,0,0,0,0,0,0,0,1
lepra,-0.5,0,1,0,1,0,1,0,0,0,1
lesbiana,-0.5,0,1,0,1,0,0,0,0,0,1
lesionada,-0.4,0,1,0,1,0,1,0,0,0,0
lesionado,-0.4,0,1,0,1,0,1,0,0,0,0
lesionar,-0.5,0,1,0,1,1,1,0,0,0,0
lesión,-0.4,0,1,0,1,1,1,0,0,0,0
letal,-0.5,0,1,0,1,0,1,0,0,0,1
letarga,-0.4,0,0,0,0,0,0,0,0,0,0
letargo,-0.4,0,1,0,1,0,0,0,0,0,0
letrada,0.5,1,0,0,0,0,0,1,1,0,0
letrado,0.5,1,0,0,0,0,0,1,1,0,0
letrinas,-0.5,0,1,0,0,0,0,0,0,0,1
letárgica,-0.4,0,0,0,0,0,0,0,0,0,0
letárgico,-0.4,0,0,0,0,0,0,0,0,0,0
leucemia,-0.5,0,1,0,1,1,1,0,0,0,0
levantamiento,-0.5,0,1,0,0,1,1,0,1,0,0
ley,0.0,0,0,0,0,0,0,1,0,0,0
leyendo,0.5,1,0,0,0,0,0,0,0,0,0
león,0.5,1,0,0,0,0,1,0,0,0,0
liberación,0.5,1,0,1,0,0,0,1,1,1,0
liberal,0.0,1,1,0,0,0,0,0,0,0,0
liberar,0.5,1,0,1,0,1,0,1,1,1,0
libertad,0.4,1,0,1,0,0,0,1,1,1,0
libertad condicional,0.0,0,0,0,1,0,1,0,1,0,0
libertad de acción,0.5,1,0,0,0,0,0,0,0,0,0
libertinaje,-0.5,0,1,0,0,0,1,0,0,0,1
libidinoso,-0.5,0,1,0,0,0,0,0,0,0,0
libra,-0.5,0,1,0,0,1,0,0,0,0,0
libra esterlina,0.0,1,1,1,0,1,0,1,1,0,0
librar,0.5,1,0,0,0,0,0,0,1,0,0
libre,-0.5,0,1,0,0,0,0,0,0,0,0
libremente,0.5,1,0,1,0,0,0,1,0,0,0
librería,0.5,1,0,0,0,0,0,0,0,0,0
libresco,0.5,1,0,0,0,0,0,0,0,0,0
liga,0.5,1,0,0,0,0,0,0,0,0,0
ligar,0.0,1,1,1,0,0,0,1,1,1,0
limitación,-0.2,0,0,0,0,0,0,0,0,0,0
limitada,-0.2,0,1,0,1,1,0,0,0,0,0
limitado,-0.2,0,1,0,1,1,0,0,0,0,0
limo,0.0,0,0,0,0,0,0,0,0,0,1
limosna,-0.5,0,1,0,1,0,0,0,0,0,0
limpiador,0.4,0,0,0,0,0,0,0,0,0,0
limpiamente,0.5,1,0,0,0,0,0,0,0,0,0
limpiando,0.5,1,0,0,0,0,0,0,0,0,0
limpiar,0.4,1,0,1,0,0,0,1,0,0,0
limpieza,0.5,1,0,0,0,0,0,0,0,0,0
limón,-0.5,0,1,0,0,0,0,0,0,0,1
linchar,-0.5,0,1,0,1,1,1,0,0,0,1
linda,0.4,1,0,0,0,0,0,0,0,0,0
lingüista,0.5,1,0,0,0,0,0,1,0,0,0
lira,0.5,1,0,1,0,0,0,0,0,0,0
lisiada,-0.5,0,1,0,1,0,1,0,0,0,0
lisiado,-0.5,0,1,0,1,0,1,0,0,0,0
lista,-0.4,1,0,0,0,0,0,1,0,0,0
lista de verificación,0.5,1,0,0,0,0,0,1,0,0,0
listo,-0.4,0,0,0,0,0,0,0,1,0,0
litigante,-0.5,0,1,0,0,0,0,0,0,0,0
litigar,-0.5,0,1,0,1,1,1,0,1,0,1
litigia,-0.2,0,0,0,0,0,0,0,0,0,0
litigio,-0.2,0,1,0,0,0,0,0,0,0,0
litigiosa,-0.4,0,0,0,0,0,0,0,0,0,0
litigioso,-0.4,0,1,0,0,1,0,0,0,0,1
llaga gangrenosa,-0.5,0,1,0,0,1,0,0,0,0,1
llamadas,-0.5,0,1,0,0,0,0,1,1,0,0
llamativo,-0.5,0,1,0,0,0,0,0,0,1,1
llanta,-0.4,0,0,0,0,0,0,0,0,0,0
llanto,-0.4,0,0,0,1,0,0,0,0,0,0
llantos,-0.4,0,0,0,0,0,0,0,0,0,0
llave inglesa,-0.5,0,1,0,0,0,0,0,0,0,0
llegada,0.0,0,0,0,0,0,0,0,1,0,0
llegar,0.2,0,0,0,0,0,0,0,1,0,0
llenar,0.0,0,0,0,0,0,0,1,0,0,0
lleno de alegría,0.8,1,0,1,0,0,0,0,0,0,0
lleno de savia,-0.2,0,0,0,0,0,0,1,0,0,0
llorada,-0.4,0,0,0,0,0,0,0,0,0,0
llorado,-0.4,0,0,0,0,0,0,0,0,0,0
lloranda,-0.4,0,0,0,0,0,0,0,0,0,0
llorando,-0.4,0,1,0,1,0,0,0,0,0,0
llorar,-0.4,0,1,0,1,0,0,0,0,0,0
lloroso,0.0,0,0,0,1,0,1,0,0,0,1
lluviosa,-0.2,0,0,0,0,0,0,0,0,0,0
lluvioso,-0.2,0,0,0,1,0,0,0,0,0,0
lmaa,0.8,0,0,0,0,0,0,0,0,0,0
lmao,0.8,0,0,0,0,0,0,0,0,0,0
lmfaa,0.8,0,0,0,0,0,0,0,0,0,0
lmfao,0.8,0,0,0,0,0,0,0,0,0,0
lo completo,0.5,1,0,0,0,0,0,0,0,0,0
lo más fuerte,-0.5,0,1,0,0,1,0,0,0,0,0
lo más honda,0.0,0,0,0,0,0,1,0,0,0,0
lo más hondo,0.0,0,0,0,0,0,1,0,0,0,0
lo sienta,-0.2,0,0,0,0,0,0,0,0,0,0
lo siento,-0.2,0,0,0,0,0,0,0,0,0,0
loable,0.5,1,0,1,0,0,0,1,1,1,0
loca,-0.4,0,0,0,0,0,0,0,0,0,0
local,0.5,1,0,0,0,0,0,0,0,0,0
localizar,0.0,0,0,0,0,0,0,0,1,0,0
locamente,-0.6,0,0,0,0,0,0,0,0,0,0
loco,-0.4,0,1,0,1,1,1,0,0,1,1
locos,-0.6,0,0,0,0,0,0,0,0,0,0
locura,-0.6,0,1,0,1,1,1,0,0,0,1
loda,-0.5,0,1,0,0,0,0,0,0,0,1
lodo,-0.5,0,1,0,0,0,0,0,0,0,1
lodoso,-0.5,0,1,0,0,0,0,0,0,0,1
logra,0.4,0,0,0,0,0,0,0,0,0,0
lograr,0.5,1,0,1,0,0,0,1,0,0,0
logro,0.5,1,0,1,0,0,0,1,1,0,0
lol,0.6,0,0,0,0,0,0,0,0,0,0
longevidad,0.5,1,0,0,0,0,0,0,0,0,0
lontananza,-0.5,0,1,0,0,0,0,0,0,0,0
loro,-0.5,0,1,0,0,0,0,0,0,0,1
lotería,0.0,0,0,0,0,0,0,0,1,0,0
lovelies,0.6,0,0,0,0,0,0,0,0,0,0
lozano,-0.5,0,1,0,1,0,0,0,0,0,1
lucha,-0.4,0,1,0,1,1,1,0,0,0,0
luchada,-0.4,0,1,0,1,1,1,0,0,0,0
luchado,-0.4,0,1,0,1,1,1,0,0,0,0
luchanda,-0.4,0,0,0,0,0,0,0,0,0,0
luchando,-0.4,0,0,0,0,0,0,0,0,0,0
luchas,-0.4,0,0,0,0,0,0,0,0,0,0
lucir,-0.5,0,1,0,0,0,0,0,0,0,0
lugar de nacimiento,-0.5,0,1,0,0,1,0,0,0,0,0
lujo,0.5,1,0,1,0,0,0,0,0,0,0
lujoso,0.5,1,0,1,0,0,0,0,1,0,0
lujuria,-0.5,0,1,0,0,0,0,0,1,0,0
luna de miel,0.5,1,0,1,0,0,0,1,1,1,0
lunática,-0.6,0,0,0,0,0,0,0,0,0,0
lunático,-0.6,0,1,0,0,1,1,0,0,0,1
lustre,0.5,1,0,1,0,0,0,0,0,0,0
lustroso,0.5,1,0,0,0,0,0,0,0,0,0
luta,-0.4,0,0,0,0,0,0,0,0,0,0
luto,-0.4,0,1,0,1,0,0,0,0,0,0
luz de las estrellas,0.5,1,0,0,0,0,0,0,0,0,0
luz tenue,0.5,1,0,1,0,0,0,0,1,1,0
lágrimas,-0.4,0,0,0,0,0,0,0,0,0,0
lánguida,-0.4,0,1,0,0,0,0,0,0,0,0
lánguido,-0.4,0,1,0,0,0,0,0,0,0,0
láser,0.5,1,0,0,0,0,0,1,0,0,0
lástima,-0.4,0,0,0,1,0,0,0,0,0,0
látigo,-0.5,0,1,0,0,1,0,0,0,0,0
lía,-0.4,0,0,0,0,0,0,0,0,0,0
líder,0.5,1,0,0,0,0,0,1,0,0,0
límites,-0.2,0,0,0,0,0,0,0,0,0,0
líneas,0.0,0,0,0,0,0,1,0,0,0,0
lío,-0.4,0,1,0,0,0,0,0,0,0,1
lírico,0.5,1,0,1,0,0,0,0,0,0,0
lívida,-0.4,0,1,0,0,1,0,0,0,0,1
lívido,-0.4,0,1,0,0,1,0,0,0,0,1
lógico,0.5,1,0,0,0,0,0,0,0,0,0
lúgubre,-0.4,0,0,0,0,0,0,0,0,0,0
madre,0.0,1,1,1,1,0,0,1,1,0,0
madura,0.4,0,0,0,0,0,0,0,0,0,0
madurar,0.5,1,0,0,0,0,0,0,1,0,0
maduro,0.4,1,0,0,0,0,0,0,0,0,0
maestría,0.5,1,0,1,0,1,0,1,0,0,0
mafia,-0.5,0,1,0,0,0,1,0,0,0,0
maga,0.5,1,0,0,0,0,1,0,1,1,0
magnetismo,0.5,1,0,0,0,0,0,0,0,0,0
magnetita,0.5,1,0,0,0,0,0,0,0,0,0
magnificencia,0.5,1,0,1,0,0,0,1,1,0,0
magnífica,1.0,1,0,1,0,0,0,1,1,1,0
magnífico,1.0,1,0,1,0,0,0,1,1,1,0
mago,0.5,1,0,0,0,0,1,0,1,1,0
majestad,0.5,1,0,0,0,0,0,1,0,0,0
majestuosa,0.5,1,0,1,0,0,0,1,1,1,0
majestuoso,0.5,1,0,1,0,0,0,1,1,1,0
mal,-0.6,0,1,0,1,1,1,0,0,0,1
mal comportamiento,-0.4,0,0,0,0,0,0,0,0,0,0
mal humor,-0.4,0,0,0,0,0,0,0,0,0,0
mal informada,-0.4,0,0,0,0,0,0,0,0,0,0
mal informado,-0.4,0,0,0,0,0,0,0,0,0,0
mal uso,-0.5,0,1,0,0,0,0,0,0,0,0
mala,-0.6,0,1,0,1,1,1,0,0,0,1
mala administración,-0.5,0,1,0,0,0,0,0,0,0,0
mala conducta,-0.5,0,1,0,0,1,0,0,0,1,1
mala interpretación,-0.5,0,1,0,0,0,0,0,0,0,0
malaria,-0.5,0,1,0,1,0,1,0,0,0,1
malas hierbas,-0.5,0,1,0,1,0,0,0,0,0,0
maldad,-0.5,0,1,0,0,1,1,0,0,0,1
maldice,-0.4,0,0,0,0,0,0,0,0,0,0
maldicienda,-0.4,0,0,0,0,0,0,0,0,0,0
maldiciendo,-0.4,0,1,0,0,1,0,0,0,0,1
maldición,-0.8,0,1,0,1,1,1,0,0,0,1
maldita,-0.8,0,0,0,0,0,0,0,0,0,0
maldita sea,-0.8,0,1,0,0,1,0,0,0,0,1
maldito,-0.8,0,1,0,1,1,1,0,0,0,0
malentendida,-0.4,0,1,0,1,1,0,0,0,0,0
malentendido,-0.4,0,1,0,1,1,0,0,0,0,0
malentiende,-0.4,0,0,0,0,0,0,0,0,0,0
males,-0.2,0,0,0,0,0,0,0,0,0,0
malestar,-0.5,0,1,0,1,0,0,0,0,0,0
malformación,-0.5,0,1,0,0,0,0,0,0,0,0
malhumorada,-0.4,0,0,0,0,0,0,0,0,0,0
malhumorado,-0.4,0,0,0,0,0,0,0,0,0,0
malicia,-0.5,0,1,0,0,1,1,0,0,0,0
malicioso,-0.5,0,1,0,1,1,1,0,0,0,1
maligna,-0.5,0,1,0,0,1,1,0,0,0,1
malignidad,-0.5,0,1,0,1,0,1,0,0,0,0
maligno,-0.5,0,1,0,0,1,1,0,0,0,1
malinterpretada,-0.4,0,0,0,0,0,0,0,0,0,0
malinterpretado,-0.4,0,0,0,0,0,0,0,0,0,0
malo,-0.6,0,1,0,1,1,1,0,0,0,1
maloliente,-0.5,0,1,0,0,0,0,0,0,0,1
malvada,-0.4,0,1,0,0,0,1,0,0,0,0
malvado,-0.4,0,1,0,0,0,1,0,0,0,0
malversación,-0.5,0,1,0,0,0,0,0,0,0,0
malévola,-0.4,0,0,0,0,0,0,0,0,0,0
malévolo,-0.4,0,1,0,1,1,1,0,0,0,1
mamá,0.0,0,0,0,0,0,0,1,0,0,0
mancha,0.4,0,1,0,1,0,0,0,0,0,0
manchar,-0.5,0,1,0,0,0,0,0,0,0,1
mancomunidad,0.5,1,0,0,0,0,0,1,0,0,0
mandamus,-0.5,0,1,0,0,0,1,0,0,0,0
mandarín,0.5,1,0,0,0,0,0,1,0,0,0
mandato,-0.5,0,1,0,0,0,0,0,0,0,0
mandíbulas,0.0,0,0,0,0,0,1,0,0,0,0
manifestación,0.0,0,0,0,0,0,1,0,0,0,0
manifestada,0.5,1,0,0,0,0,0,0,0,0,0
manifestado,0.5,1,0,0,0,0,0,0,0,0,0
manifestantes,-0.4,0,0,0,0,0,0,0,0,0,0
manipulación,-0.2,0,1,0,0,1,1,0,0,0,0
manipulada,-0.2,0,0,0,0,0,0,0,0,0,0
manipulado,-0.2,0,0,0,0,0,0,0,0,0,0
manipular,-0.5,0,1,0,0,0,0,0,0,0,0
manivela,-0.5,0,1,0,0,0,0,0,0,0,0
mansedumbre,0.5,1,0,0,0,0,0,0,0,0,0
manso,0.0,0,0,0,1,0,0,0,0,0,0
manta,0.0,0,0,0,0,0,0,1,0,0,0
mantecoso,0.5,1,0,0,0,0,0,0,0,0,0
mantenimiento,0.0,0,0,0,0,0,0,1,0,0,0
manual,0.0,0,0,0,0,0,0,1,0,0,0
maná,0.5,1,0,0,0,0,0,0,0,0,0
manía,-0.5,0,1,0,0,0,0,0,0,0,0
maníaco,-0.5,0,1,0,0,1,1,0,0,0,0
maquinilla de afeitar,0.0,0,0,0,0,0,1,0,0,0,0
mar,0.0,1,1,0,0,0,0,0,0,0,0
maravilla,0.6,1,0,0,0,0,0,0,0,1,0
maravillas,0.6,0,0,0,0,0,0,0,0,0,0
maravillosa,0.8,1,0,1,0,0,0,1,0,1,0
maravillosamente,0.5,1,0,1,0,0,0,0,0,1,0
maravilloso,0.8,1,0,1,0,0,0,1,0,1,0
marcada,0.5,1,0,0,0,0,0,0,0,0,0
marcado,0.5,1,0,0,0,0,0,0,0,0,0
marcha mala,-0.5,0,1,0,1,1,0,0,0,0,1
marchitar,-0.5,0,1,0,1,0,0,0,0,0,0
marchito,-0.5,0,1,0,0,0,0,0,0,0,1
marcial,0.0,0,0,0,0,1,0,0,0,0,0
marco de referencia,0.0,0,0,0,0,0,0,1,0,0,0
mareada,-0.4,0,1,0,0,0,0,0,0,0,0
mareado,-0.4,0,1,0,0,0,0,0,0,0,0
mareo,-0.5,0,1,0,0,0,0,0,0,0,0
margen,-0.5,0,1,0,1,0,0,0,0,0,0
marica,-0.5,0,1,0,0,0,0,0,0,0,0
maricón,-0.6,0,0,0,0,0,0,0,0,0,0
marina,0.0,0,0,0,0,0,0,1,0,0,0
mariscal,0.5,1,0,0,0,0,0,1,0,0,0
marqués,0.5,1,0,0,0,0,0,0,0,0,0
martingala,-0.5,0,1,0,0,0,0,0,0,0,0
martirio,-0.5,0,1,0,1,0,1,0,0,0,0
marzo,0.5,1,0,0,0,0,0,0,0,0,0
mas grande,0.0,0,0,0,0,0,0,1,0,1,1
mas joven,0.5,1,0,0,0,0,0,0,0,0,0
masa,-0.5,0,1,0,0,1,1,0,0,0,0
masacre,-0.5,0,1,0,1,1,1,0,0,0,1
masaje,0.5,1,0,1,0,0,0,0,0,0,0
mascota,-0.5,0,1,0,0,0,0,0,0,0,0
masculino,0.5,1,0,0,0,0,0,0,0,0,0
mascullar,-0.5,0,1,0,0,0,0,0,0,0,0
masoquismo,-0.5,0,1,0,0,1,1,0,0,0,1
matadero,-0.5,0,1,0,1,1,1,0,0,0,1
matanza,-0.5,0,1,0,1,1,1,0,0,1,1
matar,-0.6,0,1,0,1,1,1,0,0,0,0
matemático,0.0,0,0,0,0,0,0,1,0,0,0
materialismo,-0.5,0,1,0,0,0,0,0,0,0,0
materialista,-0.5,0,1,0,0,0,0,0,0,0,1
maternidad,0.5,1,0,1,0,0,0,1,0,0,0
materno,0.0,1,1,0,0,0,0,0,1,0,0
matrimonio,0.5,1,0,1,0,0,0,1,1,0,0
matriz,0.5,1,0,0,0,0,0,0,0,0,0
matrona,0.5,1,0,0,0,0,0,1,0,0,0
matón,-0.4,0,1,0,0,1,1,0,0,0,1
mausoleo,0.0,0,0,0,1,0,0,0,0,0,0
mayor,0.6,1,0,0,0,0,0,1,0,0,0
mayordomo,0.5,1,0,0,0,0,0,1,0,0,0
mayoria,0.5,1,0,1,0,0,0,1,0,0,0
mazmorra,-0.5,0,1,0,0,0,1,0,0,0,0
mazo,-0.5,0,1,0,0,0,1,0,0,0,0
maña,0.5,1,0,0,0,0,0,0,0,0,0
mañana,0.0,0,0,0,0,0,0,0,1,0,0
meanda,-0.6,0,0,0,0,0,0,0,0,0,0
meando,-0.6,0,0,0,0,0,0,0,0,0,0
mear,-0.8,0,0,0,0,0,0,0,0,0,0
mecenazgo,0.5,1,0,0,0,0,0,1,0,0,0
medalla,0.6,1,0,1,0,0,0,1,1,1,0
mediación,0.5,1,0,0,0,0,0,0,0,0,0
mediador,0.5,1,0,0,0,0,0,1,1,0,0
mediar,0.5,1,0,0,0,0,0,1,1,0,0
medida,0.0,0,0,0,0,0,0,1,0,0,0
medio camino,-0.5,0,1,0,0,0,0,0,0,0,0
mediocre,-0.5,0,1,0,0,0,0,0,0,0,0
mediocridad,-0.6,0,1,0,0,0,0,0,0,0,0
meditar,0.5,1,0,1,0,0,0,1,1,0,0
meditativa,0.2,0,0,0,0,0,0,0,0,0,0
meditativo,0.2,0,0,0,0,0,0,0,0,0,0
mediterráneo,0.5,1,0,0,0,0,0,0,0,0,0
mejor,0.6,0,0,0,0,0,0,0,0,0,0
mejor que,0.4,0,0,0,0,0,0,0,0,0,0
mejora,0.4,1,0,1,0,0,0,1,0,0,0
mejorada,0.4,1,0,0,0,0,0,0,0,0,0
mejorado,0.4,1,0,0,0,0,0,0,0,0,0
mejoramiento,0.5,1,0,0,0,0,0,0,0,0,0
mejoranda,0.4,0,0,0,0,0,0,0,0,0,0
mejorando,0.4,1,0,0,0,0,0,0,0,0,0
mejorar,0.4,1,0,1,0,0,0,1,1,0,0
melancolía,-0.4,0,1,0,1,0,0,0,0,0,0
melancólica,-0.4,0,0,0,0,0,0,0,0,0,0
melancólico,-0.4,0,1,0,1,0,0,0,0,0,0
melodrama,-0.5,0,1,0,1,1,0,0,0,0,0
memorable,0.5,1,0,1,0,0,0,1,0,1,0
memoriales,0.0,0,0,0,1,0,0,0,0,0,0
mendicidad,-0.5,0,1,0,0,0,0,0,0,0,0
mendigar,-0.5,0,1,0,1,0,0,0,0,0,0
mendigo,-0.5,0,1,0,1,0,0,0,0,0,0
menguar,-0.5,0,1,0,1,0,0,0,0,0,0
menor,-0.5,0,1,0,0,0,0,0,0,0,1
menospreciada,-0.4,0,0,0,0,0,0,0,0,0,0
menospreciado,-0.4,0,0,0,0,0,0,0,0,0,0
menospreciar,-0.4,0,1,0,1,1,0,0,0,0,1
menosprecie,-0.4,0,0,0,0,0,0,0,0,0,0
mensajero,0.0,0,0,0,0,0,0,1,0,0,0
menstruo,0.5,1,0,0,0,0,0,0,0,0,0
mentira,-0.5,0,1,0,1,1,0,0,0,0,1
mentiras,-0.5,0,1,0,0,0,0,0,0,0,1
mentirosa,-0.6,0,0,0,0,0,0,0,0,0,0
mentiroso,-0.6,0,1,0,0,0,0,0,0,0,1
mentirosos,-0.6,0,0,0,0,0,0,0,0,0,0
mentor,0.5,1,0,0,0,0,0,1,0,0,0
mercachifle,-0.4,0,0,0,0,0,0,0,0,0,0
mercancía,-0.5,0,1,0,0,0,1,0,0,0,0
mercenario,-0.5,0,1,0,0,0,1,0,0,0,0
merecer,0.5,1,0,0,0,1,0,1,1,0,0
merecida,0.5,1,0,0,0,0,0,0,0,0,0
merecido,0.5,1,0,0,0,0,0,0,0,0,0
meritorio,0.5,1,0,1,0,0,0,1,0,0,0
mermelada,0.5,1,0,0,0,0,0,0,0,0,0
merodear,0.0,0,0,0,0,0,1,0,0,1,0
mesurada,0.5,1,0,0,0,0,0,1,0,0,0
mesurado,0.5,1,0,0,0,0,0,1,0,0,0
metanol,-0.5,0,1,0,0,0,0,0,0,0,0
metralla,0.0,0,0,0,0,0,1,0,0,0,0
metropolitano,0.5,1,0,0,0,0,0,0,0,0,0
metálico,0.5,1,0,0,0,0,0,0,0,0,0
metástasis,-0.5,0,1,0,0,0,0,0,0,0,0
metódica,0.4,0,0,0,0,0,0,0,0,0,0
metódico,0.4,0,0,0,0,0,0,0,0,0,0
mezquita,0.0,0,0,0,0,1,0,0,0,0,0
microscopio,0.0,0,0,0,0,0,0,1,0,0,0
microscopía,0.5,1,0,0,0,0,0,0,0,0,0
mieda,-0.4,0,1,0,0,0,1,0,1,1,0
miedo,-0.4,0,1,0,0,0,1,0,1,1,0
miedosa,0.4,0,0,0,0,0,0,0,0,0,0
miedoso,0.4,0,0,0,0,0,0,0,0,0,0
miel,0.5,1,0,0,0,0,0,0,0,0,0
mierda,-0.8,0,1,0,0,1,0,0,0,0,1
milagra,0.8,0,0,0,0,0,0,0,0,0,0
milagro,0.8,1,0,1,0,0,0,1,1,1,0
milagroso,0.5,1,0,1,0,0,0,0,0,1,0
milicia,-0.5,0,1,0,1,1,1,0,0,0,0
militar,0.0,0,0,0,0,0,1,0,0,0,0
mimar,-0.5,0,1,0,0,0,0,0,0,0,1
mimetismo,-0.5,0,1,0,0,0,0,0,0,1,0
minada,-0.4,0,0,0,0,0,0,0,0,0,0
minado,-0.4,0,0,0,0,0,0,0,0,0,0
minanda,-0.4,0,0,0,0,0,0,0,0,0,0
minando,-0.4,0,0,0,0,0,0,0,0,0,0
minimizar,-0.5,0,1,0,0,0,0,0,0,0,0
ministerio,0.5,1,0,1,0,0,0,1,0,0,0
minoría,-0.5,0,1,0,0,0,0,0,0,0,0
mintió,-0.4,0,0,0,0,0,0,0,0,0,0
miocardiopatía,-0.5,0,1,0,1,0,1,0,0,0,0
miope,-0.4,0,0,0,0,0,0,0,0,0,0
miopía,-0.4,0,1,0,1,1,0,0,0,0,0
mirada lasciva,-0.5,0,1,0,0,0,0,0,0,0,1
mirar boquiabierto,0.0,0,0,0,0,0,0,0,0,1,0
mirthfully,0.6,0,0,0,0,0,0,0,0,0,0
miserable,-0.6,0,1,0,1,1,0,0,0,0,1
miseria,-0.4,0,1,0,1,1,1,0,0,0,1
misericordia,0.4,1,0,0,0,0,0,0,0,0,0
misericordioso,0.5,1,0,0,0,0,0,0,0,0,0
misil,0.0,0,0,0,0,0,1,0,0,0,0
misionero,0.5,1,0,0,0,0,0,0,0,0,0
misterio,0.0,0,0,0,0,0,0,0,1,1,0
misteriosa,-0.4,0,0,0,0,0,0,0,0,0,0
misterioso,-0.4,0,1,0,0,0,1,0,1,1,0
mita,-0.2,0,0,0,0,0,0,0,0,0,0
mito,-0.2,0,0,0,0,0,0,0,0,0,0
mocasín,-0.5,0,1,0,0,0,0,0,0,0,0
moco,0.0,0,0,0,0,0,0,0,0,0,1
moda,-0.4,0,0,0,0,0,0,0,0,0,0
modales,0.5,1,0,0,0,0,0,0,0,0,0
modelo,0.5,1,0,0,0,0,0,0,0,0,0
moderador,0.5,1,0,0,0,0,0,1,0,0,0
moderar,0.5,1,0,0,0,0,0,0,0,0,0
modestia,0.5,1,0,0,0,0,0,0,0,0,0
modesto,0.5,1,0,0,0,0,0,1,0,0,0
modificar,0.0,0,0,0,0,0,0,0,0,1,0
moho,-0.5,0,1,0,0,0,0,0,0,0,1
molesta,-0.8,0,1,0,1,1,0,0,0,0,0
molestada,-0.4,0,0,0,0,0,0,0,0,0,0
molestado,-0.4,0,0,0,0,0,0,0,0,0,0
molestando,-0.5,0,1,0,1,0,0,0,0,0,0
molestar,-0.4,0,1,0,1,1,0,0,1,0,1
molestia,-0.4,0,1,0,0,1,0,0,0,0,1
molesto,-0.8,0,1,0,1,1,0,0,0,0,0
molienda,0.0,1,1,0,0,0,0,0,0,0,0
molino,0.0,0,0,0,0,0,0,0,1,0,0
monetario,0.5,1,0,0,0,0,0,0,1,0,0
mongering,-0.4,0,0,0,0,0,0,0,0,0,0
monja,-0.5,0,1,0,0,0,0,1,0,0,0
monje,0.5,1,0,0,0,0,0,1,0,0,0
monocromo,-0.5,0,1,0,0,0,0,0,0,0,1
monogamia,0.0,0,0,0,0,0,0,1,0,0,0
monopolista,-0.5,0,1,0,0,0,0,0,0,0,0
monopoliza,-0.4,0,0,0,0,0,0,0,0,0,0
monopolizada,-0.4,0,0,0,0,0,0,0,0,0,0
monopolizado,-0.4,0,0,0,0,0,0,0,0,0,0
monopolizar,-0.4,0,0,0,0,0,0,0,0,0,0
monstruo,-0.5,0,1,0,0,0,1,0,0,0,0
monstruosidad,-0.5,0,1,0,0,1,1,0,0,1,1
monstruoso,-0.5,0,1,0,0,0,1,0,0,1,1
montaje,0.5,1,0,0,0,0,0,1,0,0,0
montaña,0.0,0,0,0,0,0,0,0,1,0,0
monumento,0.5,1,0,0,0,0,0,0,0,0,0
monzón,-0.5,0,1,0,1,0,0,0,0,0,0
monótono,-0.5,0,1,0,1,0,0,0,0,0,0
moping,-0.2,0,0,0,0,0,0,0,0,0,0
moral,0.5,1,0,0,0,1,0,1,0,0,0
moralidad,0.5,1,0,1,0,1,0,1,1,1,1
morbosidad,-0.5,0,1,0,1,1,1,0,0,0,1
mordaz,-0.6,0,0,0,0,0,0,0,0,0,0
mordaza,-0.4,0,1,0,0,0,0,0,0,0,1
mordedura,-0.5,0,1,0,0,0,0,0,0,0,0
moretón,-0.5,0,1,0,0,0,0,0,1,0,0
morgue,-0.5,0,1,0,1,0,1,0,0,0,1
moribunda,-0.5,0,1,0,1,1,1,0,0,0,1
moribundo,-0.5,0,1,0,1,1,1,0,0,0,1
morir,-0.6,0,1,0,1,0,1,0,0,0,0
morir de hambre,-0.4,0,0,0,0,0,0,0,0,0,0
mortal,-0.5,0,1,0,1,1,1,0,0,0,1
mortalidad,-0.5,0,1,0,1,1,1,0,0,0,0
mortero,0.5,1,0,0,0,0,0,0,0,0,0
mortificación,-0.5,0,1,0,1,0,1,0,1,0,1
mortuorio,-0.5,0,1,0,1,0,1,0,0,0,0
mosquete,0.0,0,0,0,0,0,1,0,0,0,0
mosquito,-0.5,0,1,0,0,1,0,0,0,0,1
mota,-0.5,0,1,0,0,0,0,0,0,0,1
motivación,0.2,0,0,0,0,0,0,0,0,0,0
motivada,0.4,0,0,0,0,0,0,0,0,0,0
motivado,0.4,0,0,0,0,0,0,0,0,0,0
motivador,0.4,0,0,0,0,0,0,0,0,0,0
motivar,0.2,0,0,0,0,0,0,0,0,0,0
motivo,0.5,1,0,0,0,0,0,0,0,0,0
motín,-0.5,0,1,0,0,1,1,0,0,1,1
movimiento,0.0,0,0,0,0,0,0,0,1,0,0
movimiento de piernas,-0.5,0,1,0,1,1,1,0,0,0,1
moza,-0.5,0,1,0,0,1,0,0,0,0,1
mucoso,0.0,0,0,0,0,0,0,0,0,0,1
mudable,0.5,1,0,0,0,0,0,0,1,0,0
mudar,-0.5,0,1,0,0,0,0,0,0,0,0
mueca,0.5,1,0,1,0,0,0,1,1,1,0
muere de hambre,-0.4,0,0,0,0,0,0,0,0,0,0
muerta,-0.6,0,0,0,0,0,0,0,0,0,0
muerte,-0.4,0,1,0,1,1,1,0,1,1,1
muerto,-0.6,0,1,0,0,0,0,0,0,0,0
mugre,-0.5,0,1,0,0,0,0,0,0,0,1
mugriento,-0.5,0,1,0,0,0,0,0,0,0,1
mula,-0.5,0,1,0,0,1,0,1,0,0,0
multitud,-0.5,0,1,0,0,1,1,0,0,0,0
muriendo de hambre,-0.4,0,1,0,0,0,0,0,0,0,0
murió,-0.6,0,0,0,0,0,0,0,0,0,0
murmurar,-0.5,0,1,0,0,1,0,0,0,0,0
musaraña,-0.8,0,0,0,0,0,0,0,0,0,0
muscular,0.5,1,0,0,0,0,0,0,0,0,0
musical,0.5,1,0,1,1,1,0,1,1,1,0
mutante,-0.5,0,1,0,0,0,0,0,0,0,0
mutilación,-0.5,0,1,0,1,1,1,0,0,0,1
mutilada,-0.5,0,1,0,0,0,0,0,0,0,1
mutilado,-0.5,0,1,0,0,0,0,0,0,0,1
mutilar,-0.5,0,1,0,1,1,1,0,0,0,1
mutuo,0.5,1,0,0,0,0,0,0,0,0,0
muñeca,0.0,0,0,1,0,0,0,0,0,0,0
mágico,0.5,1,0,1,0,0,0,0,1,1,0
máquina,0.0,0,0,0,0,0,0,1,0,0,0
mártir,-0.5,0,1,0,1,0,1,0,0,0,0
más alto,0.0,1,1,1,0,0,1,0,1,1,0
más baja,-0.2,0,0,0,0,0,0,0,0,0,0
más bajo,-0.5,0,1,0,1,0,0,0,0,0,0
más brillante,0.4,0,0,0,0,0,0,0,0,0,0
más divertida,0.8,0,0,0,0,0,0,0,0,0,0
más divertido,0.8,0,0,0,0,0,0,0,0,0,0
más dura,-0.4,0,0,0,0,0,0,0,0,0,0
más duras,-0.4,0,0,0,0,0,0,0,0,0,0
más duro,-0.4,0,0,0,0,0,0,0,0,0,0
más fuerte,0.4,0,0,0,0,0,0,0,0,0,0
más inteligente,0.4,0,0,0,0,0,0,0,0,0,0
más loca,-0.4,0,0,0,0,0,0,0,0,0,0
más oscura,-0.4,0,0,0,0,0,0,0,0,0,0
más pobre,-0.4,0,0,0,0,0,0,0,0,0,0
más resistentes,0.4,0,0,0,0,0,0,0,0,0,0
más sucia,-0.4,0,0,0,0,0,0,0,0,0,0
más sucio,-0.4,0,0,0,0,0,0,0,0,0,0
más viejo,0.0,0,0,0,1,0,0,0,0,0,0
máxima,0.0,0,0,0,0,0,0,1,0,0,0
máximo,0.5,1,0,0,0,0,0,0,0,0,0
médico,0.5,1,0,0,0,0,1,1,1,0,0
médula,0.5,1,0,1,0,0,0,1,0,0,0
mérito,0.5,1,0,0,0,0,0,1,0,0,0
mímica,0.5,1,0,0,0,0,0,0,0,0,0
mínimo,-0.5,0,1,0,0,0,0,0,0,0,0
místico,0.0,0,0,0,0,0,0,0,0,1,0
mórbida,-0.5,0,1,0,1,0,0,0,0,0,0
mórbido,-0.5,0,1,0,1,0,0,0,0,0,0
móvil,0.5,1,0,0,0,0,0,0,1,0,0
música,0.5,1,0,1,1,0,0,0,0,0,0
n00b,-0.4,0,0,0,0,0,0,0,0,0,0
na,-0.2,0,0,0,0,0,0,0,0,0,0
nacido muerto,-0.5,0,1,0,1,0,0,0,0,0,0
naciente,0.0,0,0,0,0,0,0,0,1,0,0
nacimiento,0.5,1,0,1,0,0,1,1,1,0,0
nación,0.0,0,0,0,0,0,0,1,0,0,0
nada suspicaz,0.0,0,0,0,0,0,0,0,0,1,0
nadar,0.5,1,0,1,0,0,1,0,1,0,0
nadir,-0.5,0,1,0,0,0,0,0,0,0,0
narcótico,-0.5,0,1,0,0,0,0,0,0,0,0
nariz,0.0,0,0,0,0,0,0,0,0,0,1
natural,0.2,0,0,0,0,0,0,0,0,0,0
naturalista,0.5,1,0,0,0,0,0,0,0,0,0
naufragio,-0.5,0,1,0,1,0,1,0,0,0,0
naufragó,-0.5,0,1,0,1,1,1,0,0,0,0
nauseabunda,-0.5,0,1,0,1,1,1,0,0,0,1
nauseabundo,-0.5,0,1,0,1,1,1,0,0,0,1
navegable,0.5,1,0,0,0,0,0,0,1,0,0
navegador,0.0,0,0,0,0,0,0,1,1,0,0
necesario,-0.5,0,1,0,0,0,0,0,0,0,0
necesidad,0.0,0,0,0,1,0,0,0,0,0,0
necesitada,-0.4,0,1,0,0,0,0,0,0,0,0
necesitado,-0.4,0,1,0,0,0,0,0,0,0,0
negación,-0.5,0,1,0,0,1,0,0,0,0,0
negada,-0.4,0,1,0,1,0,0,0,0,0,0
negado,-0.4,0,1,0,1,0,0,0,0,0,0
negador,-0.4,0,0,0,0,0,0,0,0,0,0
negadores,-0.4,0,0,0,0,0,0,0,0,0,0
neganda,-0.4,0,0,0,0,0,0,0,0,0,0
negando,-0.4,0,1,0,0,0,0,0,1,0,0
negar,-0.4,0,1,0,0,1,0,1,0,0,1
negativa,-0.4,0,1,0,0,0,0,0,0,0,0
negatividad,-0.4,0,0,0,0,0,0,0,0,0,0
negativo,-0.4,0,1,0,1,0,0,0,0,0,0
negligencia,-0.4,0,1,0,0,0,0,0,0,0,0
negligencia profesional,-0.5,0,1,0,0,1,0,0,0,0,0
negligencias,-0.4,0,0,0,0,0,0,0,0,0,0
negligente,-0.5,0,1,0,0,0,0,0,0,0,0
negligentemente,-0.5,0,1,0,0,0,0,0,0,0,0
negociador,0.5,1,0,0,0,0,0,0,0,0,0
negociar,0.4,1,0,0,0,0,0,1,0,0,0
negrita,0.4,1,0,0,0,0,0,0,0,0,0
negro,-0.5,0,1,0,1,0,0,0,0,0,0
negrura,-0.5,0,1,0,1,0,1,0,0,0,0
negándose,-0.4,0,0,0,0,0,0,0,0,0,0
nepotismo,-0.5,0,1,0,1,1,0,0,0,0,1
nervio,0.5,1,0,0,0,0,0,0,0,0,0
nervios,-0.2,0,0,0,0,0,0,0,0,0,0
nerviosa,-0.4,0,0,0,0,0,0,0,0,0,0
nerviosamente,-0.4,0,0,0,0,0,0,0,0,0,0
nerviosismo,0.0,0,0,0,0,0,1,0,0,0,0
nervioso,-0.4,0,1,0,0,0,1,0,1,0,0
neumonía,-0.5,0,1,0,0,0,1,0,0,0,0
neuralgia,-0.5,0,1,0,1,0,1,0,0,0,0
neurosis,-0.5,0,1,0,1,0,1,0,0,0,0
neurótico,-0.5,0,1,0,0,0,1,0,0,0,1
neutral,0.0,0,0,0,0,0,0,1,1,0,0
neutralidad,0.0,0,0,0,0,0,0,1,0,0,0
nicotina,-0.5,0,1,0,0,0,0,0,0,0,1
nida,0.0,0,0,0,0,0,0,1,0,0,0
nido,0.0,0,0,0,0,0,0,1,0,0,0
niebla tóxica,-0.4,0,0,0,0,0,0,0,0,0,0
niega,-0.4,0,0,0,0,0,0,0,0,0,0
nietos,0.5,1,0,1,0,0,0,1,1,0,0
niggas,-1.0,0,0,0,0,0,0,0,0,0,0
nigger,-1.0,0,0,0,0,0,0,0,0,0,0
nihilismo,-0.5,0,1,0,0,0,0,0,0,0,0
nimiedad,-0.5,0,1,0,0,0,0,0,0,0,0
nivel,0.5,1,0,0,0,0,0,1,0,0,0
niñera,0.0,0,0,0,0,0,0,1,0,0,0
niño,0.0,1,1,1,0,0,0,0,1,0,1
no,-0.2,0,1,0,0,0,0,0,1,0,0
no amable,-0.4,0,0,0,0,0,0,0,0,0,0
no anticipada,0.0,0,0,0,0,0,0,0,0,1,0
no anticipado,0.0,0,0,0,0,0,0,0,0,1,0
no aprobada,-0.4,0,1,0,0,0,0,0,0,0,0
no aprobado,-0.4,0,1,0,0,0,0,0,0,0,0
no atractivo,-0.5,0,1,0,1,0,0,0,0,0,1
no autorizada,-0.5,0,1,0,0,0,0,0,0,0,0
no autorizado,-0.5,0,1,0,0,0,0,0,0,0,0
no correspondida,-0.5,0,1,0,1,0,0,0,0,0,0
no correspondido,-0.5,0,1,0,1,0,0,0,0,0,0
no creer,-0.4,0,1,0,0,0,0,0,0,0,0
no deseada,-0.4,0,1,0,1,0,0,0,0,0,0
no deseado,-0.4,0,1,0,1,0,0,0,0,0,0
no es divertida,-0.6,0,0,0,0,0,0,0,0,0,0
no es divertido,-0.6,0,0,0,0,0,0,0,0,0,0
no está bien,-0.4,0,0,0,0,0,0,0,0,0,0
no fidedigno,-0.5,0,1,0,0,0,0,1,0,0,0
no funciona,-0.6,0,0,0,0,0,0,0,0,0,0
no imaginable,0.0,1,1,0,0,0,0,0,0,1,0
no impresionada,-0.5,0,1,0,0,0,0,0,0,0,0
no impresionado,-0.5,0,1,0,0,0,0,0,0,0,0
no infectada,0.5,1,0,0,0,0,0,0,0,0,0
no infectado,0.5,1,0,0,0,0,0,0,0,0,0
no informada,-0.5,0,1,0,0,0,0,0,0,0,0
no informado,-0.5,0,1,0,0,0,0,0,0,0,0
no iniciada,-0.5,0,1,0,0,0,0,0,0,0,0
no iniciado,-0.5,0,1,0,0,0,0,0,0,0,0
no inspirada,-0.5,0,1,0,1,0,0,0,0,0,0
no inspirado,-0.5,0,1,0,1,0,0,0,0,0,0
no invitada,0.0,0,0,0,1,0,0,0,0,0,0
no invitado,0.0,0,0,0,1,0,0,0,0,0,0
no licenciada,-0.5,0,1,0,0,0,0,0,0,0,0
no licenciado,-0.5,0,1,0,0,0,0,0,0,0,0
no me gustó,-0.5,0,1,0,1,1,0,0,0,0,0
no mejorada,-0.5,0,1,0,0,0,0,0,0,0,0
no mejorado,-0.5,0,1,0,0,0,0,0,0,0,0
no nacida,-0.5,0,1,0,0,0,0,0,0,0,0
no nacido,-0.5,0,1,0,0,0,0,0,0,0,0
no oficial,-0.5,0,1,0,0,0,0,0,0,0,0
no pagada,-0.5,0,1,0,1,1,0,0,0,0,0
no pagado,-0.5,0,1,0,1,1,0,0,0,0,0
no pretencioso,0.5,1,0,0,0,0,0,0,0,0,0
no profesional,-0.4,0,0,0,0,0,0,0,0,0,0
no puede soportar,-0.6,0,0,0,0,0,0,0,0,0,0
no reconocida,0.0,0,0,0,1,0,0,0,0,0,0
no reconocido,0.0,0,0,0,1,0,0,0,0,0,0
no revelada,0.0,0,0,0,0,0,0,0,1,0,0
no revelado,0.0,0,0,0,0,0,0,0,1,0,0
no simpático,-0.5,0,1,0,0,1,0,0,0,0,0
no sofisticada,-0.4,0,1,0,0,0,0,0,0,0,0
no sofisticado,-0.4,0,1,0,0,0,0,0,0,0,0
no tiene precio,0.5,1,0,0,0,0,0,0,0,0,0
noble,0.4,1,0,0,0,0,0,1,0,0,0
nobleza,0.5,1,0,0,0,0,0,1,1,0,0
nocivo,-0.5,0,1,0,0,0,1,0,0,0,1
noción,0.0,1,1,0,0,0,0,0,0,0,0
nombre equivocada,-0.5,0,1,0,0,0,0,0,0,0,0
nombre equivocado,-0.5,0,1,0,0,0,0,0,0,0,0
nominación,0.5,1,0,0,0,0,0,0,0,0,0
normalidad,0.5,1,0,0,0,0,0,0,0,0,0
nostalgia,0.0,0,0,0,1,0,0,0,1,0,0
nostálgica,-0.4,0,0,0,0,0,0,0,0,0,0
nostálgico,-0.4,0,1,0,1,0,0,0,0,0,0
notable,0.4,1,0,1,0,0,0,1,0,1,0
notablemente,0.5,1,0,0,0,0,0,0,0,0,0
notables,0.5,1,0,0,0,0,0,0,0,0,0
notario,0.0,0,0,0,0,0,0,1,0,0,0
notificación,0.0,0,0,0,0,0,0,0,1,0,0
notoria,-0.4,0,0,0,0,0,0,0,0,0,0
notoriedad,0.0,1,1,0,0,1,1,0,0,0,1
notorio,-0.4,0,0,0,0,0,0,0,0,0,0
novata,-0.4,0,0,0,0,0,0,0,0,0,0
novato,-0.4,0,0,0,0,0,0,0,0,0,0
novela,0.4,0,0,0,0,0,0,0,0,0,0
novia,0.5,1,0,1,0,0,0,1,1,0,0
novio,0.5,1,0,1,1,0,0,1,1,0,0
nubes,-0.4,0,0,0,0,0,0,0,0,0,0
nublada,-0.2,0,1,0,1,0,0,0,0,0,0
nublado,-0.5,0,1,0,1,0,0,0,0,0,0
nueces,-0.6,0,0,0,0,0,0,0,0,0,0
nula,-0.5,0,1,0,0,0,0,0,0,0,0
nupcial,0.5,1,0,1,0,0,0,1,1,0,0
nutrir,0.5,1,0,1,0,1,1,1,1,0,1
nutritivo,0.5,1,0,0,1,0,0,0,0,0,0
náusea,-0.5,0,1,0,0,0,0,0,0,0,1
néctar,0.5,1,0,0,0,0,0,0,0,0,0
núcleo,0.5,1,0,0,0,0,0,0,0,0,0
números,0.5,1,0,0,0,0,0,0,0,0,0
oasis,0.5,1,0,1,0,0,0,1,1,0,0
obedecer,0.0,0,0,0,0,0,1,1,0,0,0
obediencia,0.5,1,0,0,0,0,0,1,0,0,0
obediente,0.5,1,0,0,0,0,0,1,1,0,0
obertura,0.0,0,0,0,0,0,0,0,1,0,0
obesidad,-0.5,0,1,0,1,0,0,0,0,0,1
obeso,-0.5,0,1,0,0,0,0,0,0,0,1
obi,-0.5,0,1,0,0,0,1,0,0,0,1
obit,-0.5,0,1,0,1,0,0,0,0,1,0
obituario,-0.5,0,1,0,1,0,0,0,0,0,0
objeción,-0.5,0,1,0,0,1,0,0,0,0,0
objetable,-0.5,0,1,0,0,0,0,0,0,0,0
objetivo,0.5,1,0,0,0,0,0,1,1,0,0
objeto de dumping,-0.4,0,0,0,0,0,0,0,0,0,0
obligación,0.0,0,0,0,0,0,0,0,1,0,0
obligada,0.2,0,1,0,0,0,1,0,0,0,0
obligado,0.2,0,1,0,0,0,1,0,0,0,0
obligar,-0.5,0,1,0,0,1,1,1,0,0,1
obligatoria,-0.2,0,0,0,0,0,0,0,0,0,0
obligatorio,-0.2,0,1,0,0,0,0,0,0,0,0
obliteración,-0.5,0,1,0,1,0,1,0,0,0,0
obliterada,-0.4,0,0,0,0,0,0,0,0,0,0
obliterado,-0.4,0,0,0,0,0,0,0,0,0,0
obliterar,-0.4,0,1,0,1,1,1,0,0,0,0
obra maestra,0.8,1,0,1,0,0,0,0,0,0,0
obras maestras,0.8,0,0,0,0,0,0,0,0,0,0
obrero temporal,-0.5,0,1,0,1,0,0,0,0,0,0
obscena,-0.4,0,0,0,0,0,0,0,0,0,0
obscenidad,-0.5,0,1,0,0,1,0,0,0,0,1
obsceno,-0.4,0,1,0,0,0,0,0,0,0,1
observador,0.5,1,0,0,0,0,0,0,0,0,0
obsesionada,-0.4,0,1,0,1,0,1,0,0,0,0
obsesionado,-0.4,0,1,0,1,0,1,0,0,0,0
obsesionante,0.2,0,0,0,0,0,0,0,0,0,0
obsoleta,-0.4,0,0,0,0,0,0,0,0,0,0
obsoleto,-0.4,0,0,0,0,0,0,0,0,0,0
obstetra,0.0,0,0,0,0,0,0,1,0,0,0
obstinada,-0.4,1,1,0,0,0,0,0,0,0,0
obstinado,-0.4,1,1,0,0,0,0,0,0,0,0
obstrucción,-0.5,0,1,0,0,0,0,0,0,0,0
obstructivo,-0.5,0,1,0,0,1,0,0,0,0,0
obstruida,-0.2,0,0,0,0,0,0,0,0,0,0
obstruido,-0.2,0,0,0,0,0,0,0,0,0,0
obstruir,-0.5,0,1,0,0,1,1,0,0,0,0
obstácula,-0.4,0,0,0,0,0,0,0,0,0,0
obstáculo,-0.4,0,1,0,1,1,1,0,0,0,0
obstáculos,-0.4,0,0,0,0,0,0,0,0,0,0
obtener,0.5,1,0,0,0,0,0,0,0,0,0
obtuso,-0.5,0,1,0,0,0,0,0,0,0,0
obvio,0.5,1,0,0,0,0,0,1,0,0,0
ocasional,0.0,0,0,0,0,0,0,0,0,1,0
ocio,0.5,1,0,1,0,0,0,1,1,1,0
ocioso,-0.5,0,1,0,0,0,0,0,0,0,0
ocultación,-0.2,0,1,0,0,1,1,0,1,0,0
oculto,-0.5,0,1,0,0,0,1,0,0,0,1
ocupación,0.5,1,0,0,0,0,0,0,0,0,0
ocupante,0.5,1,0,0,0,0,0,1,0,0,0
ocupar,0.5,1,0,0,0,0,0,0,0,0,0
ocurrir,0.0,0,0,0,0,0,0,0,1,0,0
odia,-0.6,0,0,0,0,0,0,0,0,0,0
odiada,-0.6,0,0,0,0,0,0,0,0,0,0
odiado,-0.6,0,0,0,0,0,0,0,0,0,0
odianda,-0.6,0,0,0,0,0,0,0,0,0,0
odiando,-0.6,0,1,0,0,1,0,0,0,0,0
odio,-0.6,0,1,0,1,1,1,0,0,0,1
odios,-0.6,0,0,0,0,0,0,0,0,0,0
odioso,-0.5,0,1,0,1,1,1,0,0,0,1
odontología,0.0,0,0,0,0,0,1,0,0,0,0
ofende,-0.4,0,0,0,0,0,0,0,0,0,0
ofender,-0.4,0,1,0,0,1,0,0,0,0,1
ofendida,-0.4,0,1,0,1,1,0,0,0,0,0
ofendido,-0.4,0,1,0,1,1,0,0,0,0,0
ofensa,-0.5,0,1,0,1,1,1,0,0,0,1
ofensiva,-0.5,0,1,0,0,1,0,0,0,0,1
oferta,0.4,1,0,1,0,0,0,1,0,0,0
oficial,0.5,1,0,0,0,0,0,1,0,0,0
ofrecer amistad,0.5,1,0,1,0,0,0,1,0,0,0
ofrecimiento,0.0,0,0,0,0,0,0,1,0,0,0
ogro,-0.5,0,1,0,0,0,1,0,0,0,1
ojalá,0.4,0,0,0,0,0,0,0,0,0,0
oks,0.4,0,0,0,0,0,0,0,0,0,0
oleada,0.0,0,0,0,0,0,0,0,0,1,0
oler,-0.5,0,1,0,0,1,0,0,0,0,1
olfativo,-0.5,0,1,0,0,0,0,0,1,0,0
oligarquía,-0.5,0,1,0,0,0,0,0,0,0,0
olor,-0.5,0,1,0,0,0,0,0,0,0,0
olvida,-0.5,0,1,0,0,1,1,0,0,0,0
olvidada,-0.2,0,1,0,1,0,1,0,0,0,0
olvidadiza,-0.4,0,0,0,0,0,0,0,0,0,0
olvidadizo,-0.4,0,0,0,0,0,0,0,0,0,0
olvidado,-0.2,0,1,0,1,0,1,0,0,0,0
olvidar,-0.2,0,1,0,0,0,0,0,0,0,0
olvido,-0.5,0,1,0,0,1,1,0,0,0,0
ominosa,0.6,0,0,0,0,0,0,0,0,0,0
ominoso,0.6,0,1,0,0,0,1,0,1,0,0
omitir,-0.5,0,1,0,0,0,0,0,0,0,0
omnipotencia,0.0,1,1,0,0,0,1,0,0,0,0
omnisciente,0.5,1,0,0,0,0,0,1,0,0,0
oneroso,-0.5,0,1,0,1,1,0,0,0,0,0
opaco,-0.5,0,1,0,0,0,0,0,0,0,0
opcional,0.5,1,0,0,0,0,0,0,0,0,0
opción,0.5,1,0,0,0,0,0,0,0,0,0
operación,0.0,0,0,0,0,0,1,1,0,0,0
operístico,-0.5,0,1,0,0,0,0,0,0,0,0
opio,-0.5,0,1,0,1,1,1,0,0,0,1
opiáceo,-0.5,0,1,0,0,0,0,0,0,0,0
oponerse a,-0.5,0,1,0,0,0,0,0,0,0,0
oportunidad,0.4,1,0,0,0,0,0,0,1,1,0
oportunidades,0.4,0,0,0,0,0,0,0,0,0,0
oportuno,0.5,1,0,1,0,0,0,0,0,0,0
oposición,-0.5,0,1,0,0,1,0,0,0,0,0
opresiva,-0.4,0,0,0,0,0,0,0,0,0,0
opresivo,-0.4,0,1,0,1,1,1,0,0,0,1
opresión,-0.5,0,1,0,1,1,1,0,0,0,1
opresor,-0.5,0,1,0,1,1,1,0,0,0,0
oprimidas,-0.4,0,0,0,0,0,0,0,0,0,0
oprimidos,-0.4,0,0,0,0,0,0,0,0,0,0
oprimir,-0.5,0,1,0,1,1,1,0,0,0,1
optimisma,0.4,0,0,0,0,0,0,0,0,0,0
optimismo,0.4,1,0,1,0,0,0,1,1,1,0
optimista,0.4,1,0,0,0,0,0,1,0,0,0
optionless,-0.4,0,0,0,0,0,0,0,0,0,0
opuesto,-0.5,0,1,0,0,1,1,0,0,0,0
ora,0.2,0,0,0,0,0,0,0,0,0,0
oración,0.5,1,0,0,0,0,0,0,0,0,0
orar,0.2,1,0,1,0,0,1,1,1,1,0
orco,-0.5,0,1,0,0,1,1,0,0,0,1
ordalías,-0.5,0,1,0,0,1,0,0,0,1,0
ordenación,0.5,1,0,1,0,0,0,1,1,0,0
ordenada,0.5,1,0,0,0,0,0,1,0,0,0
ordenado,0.5,1,0,0,0,0,0,1,0,0,0
ordenanza,0.0,0,0,0,0,0,0,1,0,0,0
organización,0.5,1,0,1,0,0,0,1,1,1,0
organizada,0.5,1,0,0,0,0,0,0,0,0,0
organizado,0.5,1,0,0,0,0,0,0,0,0,0
organizar,0.5,1,0,0,0,0,0,0,0,0,0
organo,0.0,0,0,1,0,0,0,0,1,0,0
orgasmo,0.5,1,0,1,0,0,0,0,1,0,0
orgulla,0.4,0,0,0,0,0,0,0,0,0,0
orgullo,0.4,1,0,1,0,0,0,0,0,0,0
orgullosa,0.4,0,0,0,0,0,0,0,0,0,0
orgulloso,0.4,1,0,1,0,0,0,1,1,0,0
orgánico,0.5,1,0,0,0,0,0,0,0,0,0
originalidad,0.5,1,0,0,0,0,0,0,0,1,0
oro,0.5,1,0,0,0,0,0,0,0,0,0
oropel,0.5,1,0,1,0,0,0,0,0,0,0
orquesta,0.5,1,0,1,1,1,0,1,0,0,0
ortiga,-0.5,0,1,0,0,1,0,0,0,0,1
ortodoxia,0.0,0,0,0,0,0,0,1,0,0,0
ortografía,0.5,1,0,0,0,0,0,0,0,0,0
orzuelo,-0.5,0,1,0,0,0,0,0,0,0,1
oráculo,0.5,1,0,0,0,0,0,1,1,0,0
osco,-0.5,0,1,0,0,1,0,0,0,0,0
oscurecer,-0.5,0,1,0,1,0,1,0,0,0,0
oscurecida,-0.5,0,1,0,1,0,1,0,0,0,0
oscurecido,-0.5,0,1,0,1,0,1,0,0,0,0
oscuridad,-0.2,0,1,0,1,1,1,0,0,0,0
oscuro,0.0,0,0,0,1,0,0,0,0,0,0
oso,0.0,0,0,0,0,1,1,0,0,0,0
oso parda,-0.5,0,1,0,0,0,1,0,0,0,0
oso pardo,-0.5,0,1,0,0,0,1,0,0,0,0
osuno,0.0,0,0,0,0,1,1,0,0,0,0
otoño,-0.5,0,1,0,1,0,0,0,0,0,0
outmaneuvered,-0.4,0,0,0,0,0,0,0,0,0,0
ovación,-0.5,0,1,0,1,0,0,0,0,0,0
overreacted,-0.4,0,0,0,0,0,0,0,0,0,0
overselling,-0.4,0,0,0,0,0,0,0,0,0,0
oversells,-0.4,0,0,0,0,0,0,0,0,0,0
oxidación,-0.5,0,1,0,0,0,0,0,0,0,0
oxidada,-0.5,0,1,0,0,0,0,0,0,0,0
oxidado,-0.5,0,1,0,0,0,0,0,0,0,0
oxímoron,-0.2,0,0,0,0,0,0,0,0,0,0
paciencia,0.5,1,0,0,0,0,0,1,1,0,0
paciente,0.5,1,0,0,0,0,0,0,1,0,0
pacotilla,-0.5,0,1,0,0,1,0,0,0,0,1
pacto,0.5,1,0,0,0,0,0,1,0,0,0
pacífica,0.4,0,0,0,0,0,0,0,0,0,0
pacífico,0.4,1,0,1,0,0,0,1,1,1,0
padre,0.0,0,0,0,0,0,0,1,0,0,0
paga,-0.2,1,0,1,0,0,0,1,1,0,0
pagada,0.4,0,0,0,0,0,0,0,0,0,0
pagado,0.4,0,0,0,0,0,0,0,0,0,0
pagado en exceso,-0.5,0,1,0,0,0,0,0,0,0,0
pagano,-0.5,0,1,0,0,0,1,0,0,0,0
pagar,0.5,1,0,1,0,1,0,1,1,0,0
pago,-0.5,0,1,0,0,0,0,0,0,0,0
paja,-0.4,0,1,0,0,1,1,0,0,0,0
palabra,0.5,1,0,0,0,0,0,1,0,0,0
palabras,-0.5,0,1,0,0,1,0,0,0,0,0
palanca,-0.5,0,1,0,0,1,0,1,1,0,0
paleta,0.5,1,0,0,0,0,0,0,1,0,0
paliativo,0.5,1,0,0,0,0,0,0,0,0,0
paliza,-0.2,0,1,0,1,1,1,0,0,0,0
paloma,0.0,1,1,1,0,0,0,1,1,0,0
palpable,0.0,0,0,0,0,0,0,0,0,1,0
palpitar,-0.5,0,1,0,1,0,1,0,0,0,0
pan,-0.5,0,1,0,0,0,0,0,0,0,0
panacea,0.5,1,0,0,0,0,0,0,0,0,0
pandemia,-0.5,0,1,0,1,0,1,0,0,0,0
pandilla,-0.5,0,1,0,0,1,1,0,0,0,0
panier,0.5,1,0,0,0,0,0,0,0,0,0
pantano,-0.5,0,1,0,0,0,1,0,0,0,1
pantanoso,-0.5,0,1,0,0,0,1,0,0,0,1
papa,0.5,1,0,0,0,0,0,0,0,0,0
papar moscas,0.0,0,0,0,0,0,0,0,0,1,0
paperas,-0.5,0,1,0,0,0,0,0,0,0,0
par termoeléctrico,0.0,0,0,0,0,0,0,0,1,0,0
paracaídas,0.0,0,0,0,0,0,1,0,0,0,0
parada,-0.2,0,1,0,0,1,0,0,0,0,0
paradas,-0.2,0,0,0,0,0,0,0,0,0,0
paradoja,-0.2,0,0,0,0,0,0,0,0,0,0
paralizada,-0.5,0,1,0,1,1,1,0,0,1,0
paralizado,-0.5,0,1,0,1,1,1,0,0,1,0
paranoia,-0.5,0,1,0,0,0,1,0,0,0,0
paraísa,0.6,0,0,0,0,0,0,0,0,0,0
paraíso,0.6,0,0,0,0,0,0,0,0,0,0
parche,-0.5,0,1,0,0,0,0,0,0,0,0
parcial,-0.4,0,1,0,0,0,0,0,0,0,0
parcialidad,-0.2,0,1,0,0,1,0,0,0,0,0
parda,-0.5,0,1,0,0,0,0,0,0,0,0
pardo,-0.5,0,1,0,0,0,0,0,0,0,0
pardoning,0.4,0,0,0,0,0,0,0,0,0,0
parecida,0.0,0,0,0,0,0,0,1,0,0,0
parecido,0.0,0,0,0,0,0,0,1,0,0,0
paria,-0.5,0,1,0,1,0,1,0,0,0,1
parientes,0.5,1,0,1,0,0,0,1,1,0,0
parietal,0.5,1,0,0,0,0,0,1,0,0,0
parlamentar,-0.2,0,0,0,0,0,0,0,0,0,0
parlamento,0.0,0,0,0,0,0,0,1,0,0,0
paro,-0.5,0,1,0,0,0,0,0,0,0,0
parodia,-0.4,0,1,0,1,0,1,0,0,0,1
paros,-0.4,0,0,0,0,0,0,0,0,0,0
parroquia,0.0,0,0,0,0,0,0,1,0,0,0
parsimonioso,-0.5,0,1,0,0,0,0,0,0,0,0
parte superior,0.4,1,0,0,0,0,0,1,1,0,0
partera,0.0,1,1,1,0,0,0,1,1,0,0
partería,0.5,1,0,0,0,0,0,0,0,0,0
participación,0.5,1,0,0,0,0,0,0,0,0,0
participar,0.5,1,0,0,0,0,0,1,0,0,0
particularmente,0.0,0,0,0,0,0,0,0,0,1,0
partidario,0.0,0,0,0,0,0,0,1,0,0,0
partidarios,0.2,0,0,0,0,0,0,0,0,0,0
partidista,-0.5,0,1,0,0,0,0,0,0,0,0
partir,0.0,0,0,0,1,0,0,0,1,0,0
paráfrasis,0.0,1,1,0,0,0,0,0,0,0,0
parálisis,-0.5,0,1,0,1,1,1,0,1,0,1
parásito,-0.5,0,1,0,0,1,1,0,0,0,1
pasada,-0.2,0,1,0,1,0,0,0,0,0,0
pasado,-0.2,0,1,0,1,0,0,0,0,0,0
pasado de moda,-0.5,0,1,0,0,0,0,0,0,0,0
pasado por alta,-0.2,0,0,0,0,0,0,0,0,0,0
pasado por alto,-0.2,0,0,0,0,0,0,0,0,0,0
pasajero,0.0,0,0,0,0,0,0,0,1,0,0
pasatiempo,0.5,1,0,0,0,0,0,0,0,0,0
pasiva,-0.2,0,0,0,0,0,0,0,0,0,0
pasivamente,-0.2,0,0,0,0,0,0,0,0,0,0
pasividad,-0.5,0,1,0,0,0,0,0,0,0,0
pasivo,-0.2,0,1,0,0,0,0,0,0,0,0
pasión,0.5,1,0,1,0,0,0,1,1,0,0
pasmosamente,0.6,0,0,0,0,0,0,0,0,0,0
pastelería,0.5,1,0,1,0,0,0,0,0,0,0
pasto,0.5,1,0,0,0,0,0,0,0,0,0
pastor,0.5,1,0,1,0,0,0,1,0,0,0
patada,-0.5,0,1,0,0,1,0,0,0,0,0
patear,0.0,0,0,0,0,1,0,0,0,0,0
patentar,0.5,1,0,0,0,0,0,0,0,0,0
patinar,-0.5,0,1,0,1,1,1,0,0,0,0
patio de recreo,0.5,1,0,1,0,0,0,1,1,1,0
patraña,-0.5,0,1,0,1,1,0,0,0,0,1
patriarcal,0.5,1,0,0,0,0,0,1,0,0,0
patrimonio,0.0,0,0,0,0,0,0,1,0,0,0
patrocinador,0.5,1,0,0,0,0,0,1,0,0,0
patrulla,0.0,0,0,0,0,0,0,1,0,0,0
patrón,0.5,1,0,0,0,0,0,1,0,0,0
patética,-0.4,0,0,0,0,0,0,0,0,0,0
patético,-0.4,0,1,0,1,0,0,0,0,0,1
pavimento,0.0,0,0,0,0,0,0,1,0,0,0
pavo real,0.5,1,0,0,0,0,0,0,0,0,0
pavor,-0.4,0,1,0,0,0,1,0,1,0,0
payaso,0.5,1,0,1,0,0,0,0,1,1,0
paz,0.4,1,0,1,0,0,0,1,1,0,0
pañal,-0.5,0,1,0,0,0,0,0,0,0,1
peatonal,-0.5,0,1,0,0,0,0,0,0,0,0
pecada,-0.5,0,1,0,1,1,1,0,0,0,1
pecado,-0.5,0,1,0,1,1,1,0,0,0,1
pecador,-0.5,0,1,0,1,1,1,0,0,0,1
pecaminosa,-0.6,0,0,0,0,0,0,0,0,0,0
pecaminoso,-0.6,0,1,0,1,1,1,0,0,0,1
pecando,-0.5,0,1,0,0,0,0,0,0,0,1
peculiaridad,0.5,1,0,0,0,0,0,0,0,0,0
peculiaridades,-0.5,0,1,0,0,0,0,0,0,0,0
pedir,0.0,0,0,0,0,0,0,0,1,0,0
pedir disculpas,0.5,1,0,0,1,0,0,1,0,0,0
pegajoso,0.0,0,0,0,0,0,0,0,0,0,1
pelea,-0.5,0,1,0,0,1,0,0,0,1,0
pelea confusa,-0.5,0,1,0,0,0,1,0,0,0,0
pelearse,-0.5,0,1,0,0,1,1,0,0,0,1
peligra,-0.4,0,0,0,0,0,0,0,0,0,0
peligro,-0.4,0,1,0,1,0,1,0,1,0,0
peligroso,-0.5,0,1,0,1,0,1,0,1,0,0
peluda,-0.5,0,1,0,0,0,0,0,0,0,1
peludo,-0.5,0,1,0,0,0,0,0,0,0,1
pena,-0.4,0,1,0,1,1,1,0,0,0,0
penal,-0.5,0,1,0,1,0,1,0,0,0,0
penetración,0.6,0,1,0,0,1,1,0,0,0,0
penitencia,0.0,0,0,0,1,0,1,0,0,0,0
penitenciario,-0.5,0,1,0,0,1,0,0,0,0,0
penosamente,-0.5,0,1,0,1,0,0,0,0,0,0
pensador,0.5,1,0,0,0,0,0,0,0,0,0
pensamiento,0.0,0,0,0,0,0,0,0,1,0,0
pensativa,0.4,0,0,0,0,0,0,0,0,0,0
pensativo,0.4,1,0,0,1,0,0,1,0,0,0
pensión alimenticia,-0.5,0,1,0,0,0,0,0,0,0,0
peor,-0.6,0,1,0,1,0,1,0,0,0,0
pequeña,-0.5,0,1,0,0,0,0,0,0,0,0
pequeño,-0.5,0,1,0,0,0,0,0,0,0,0
percance,-0.5,0,1,0,1,0,1,0,0,1,1
perceptible,0.5,1,0,0,0,0,0,0,0,0,0
percibir,0.5,1,0,0,0,0,0,1,0,0,0
perdedor,-0.6,0,0,0,0,0,0,0,0,0,0
perder,-0.4,0,1,0,1,1,1,0,0,1,1
perdición,-0.5,0,1,0,1,1,1,0,0,0,1
perdida,-0.4,0,1,0,0,0,0,0,0,0,0
perdido,-0.4,0,1,0,0,0,0,0,0,0,0
perdienda,-0.6,0,0,0,0,0,0,0,0,0,0
perdiendo,-0.6,0,1,0,1,1,0,0,0,0,0
perdió,-0.6,0,1,0,1,0,0,0,0,0,0
perdonada,0.4,1,0,0,0,0,0,0,0,0,0
perdonado,0.4,1,0,0,0,0,0,0,0,0,0
perdonar,0.2,1,0,0,0,0,0,0,0,0,0
perdón,0.4,1,0,0,0,0,0,0,0,0,0
perecedero,-0.5,0,1,0,0,0,0,0,0,0,0
perecer,-0.5,0,1,0,1,0,1,0,0,0,0
perecida,-0.5,0,1,0,1,0,0,0,0,0,0
perecido,-0.5,0,1,0,1,0,0,0,0,0,0
perenne,0.5,1,0,0,0,0,0,1,0,0,0
perezosa,-0.2,0,0,0,0,0,0,0,0,0,0
perezoso,-0.2,0,1,0,0,0,0,0,0,0,1
perfecciona,0.4,0,0,0,0,0,0,0,0,0,0
perfeccionada,0.4,0,0,0,0,0,0,0,0,0,0
perfeccionado,0.4,0,0,0,0,0,0,0,0,0,0
perfección,0.5,1,0,1,0,0,0,1,1,1,0
perfecta,0.6,1,0,1,0,0,0,1,1,0,0
perfectamente,0.6,0,0,0,0,0,0,0,0,0,0
perfecto,0.6,1,0,1,0,0,0,1,1,0,0
peri,0.0,0,0,0,0,0,0,0,0,1,0
pericia,0.5,1,0,0,0,0,0,1,0,0,0
periodicidad,0.0,0,0,0,0,0,0,1,0,0,0
periodismo,0.0,0,0,0,0,0,0,1,0,0,0
periodista,0.5,1,0,0,0,0,0,0,0,0,0
perjudicada,-0.4,0,0,0,0,0,0,0,0,0,0
perjudicado,-0.4,0,0,0,0,0,0,0,0,0,0
perjudicar,-0.5,0,1,0,0,1,0,0,0,0,0
perjudicial,-0.4,0,1,0,1,1,1,0,0,0,1
perjuria,-0.6,0,0,0,0,0,0,0,0,0,0
perjurio,-0.6,0,1,0,0,0,1,0,0,1,0
permanece,0.0,1,1,0,0,0,1,1,0,0,1
permiso,0.5,1,0,0,0,0,0,0,0,0,0
permitir,0.2,0,0,0,0,0,0,0,0,0,0
permitirse,0.5,1,0,0,0,0,0,0,0,0,0
permuta,0.0,0,0,0,0,0,0,1,0,0,0
pernicioso,-0.5,0,1,0,1,1,1,0,0,0,0
perpetuación,-0.5,0,1,0,0,0,0,0,0,0,0
perpetuar,0.0,0,0,0,0,0,0,0,1,0,0
perpetuidad,0.5,1,0,0,0,0,0,1,1,0,0
perpleja,-0.4,0,0,0,0,0,0,0,0,0,0
perplejidad,-0.5,0,1,0,1,0,0,0,0,0,0
perplejo,-0.4,0,1,0,0,0,0,0,0,0,0
perra,-1.0,0,1,0,1,1,1,0,0,0,1
perras,-1.0,0,0,0,0,0,0,0,0,0,0
perrera,0.0,0,0,0,1,0,0,0,0,0,0
perrito,0.5,1,0,0,0,0,0,1,1,0,0
perro guardián,0.5,1,0,0,0,0,0,1,0,0,0
persecucion,-0.5,0,1,0,1,1,1,0,0,0,1
persecución,-0.5,0,1,0,0,0,0,0,0,0,0
perseguidas,-0.4,0,0,0,0,0,0,0,0,0,0
perseguidos,-0.4,0,0,0,0,0,0,0,0,0,0
perseguir,-0.4,0,1,0,0,1,1,0,0,0,0
persigue,-0.4,0,0,0,0,0,0,0,0,0,0
persistencia,0.5,1,0,0,0,0,0,0,0,0,0
persistente,0.5,1,0,0,0,0,0,0,0,0,0
persistir,0.0,0,0,0,0,0,0,0,1,0,0
personal,0.0,0,0,0,0,0,0,1,0,0,0
personificar,-0.5,0,1,0,0,0,0,0,0,0,0
perspectiva,0.2,1,0,0,0,0,0,0,0,0,0
perspectivas,0.2,0,0,0,0,0,0,0,0,0,0
perspicacia,0.5,1,0,0,0,0,0,0,0,0,0
perspicaz,0.5,1,0,0,0,0,0,0,0,0,0
persuadir,0.0,0,0,0,0,0,0,1,0,0,0
pertinente,0.5,1,0,0,0,0,0,1,0,0,0
perturba,-0.4,0,0,0,0,0,0,0,0,0,0
perturbación,-0.5,0,1,0,0,0,1,0,0,0,0
perturbada,-0.4,0,1,0,1,1,0,0,0,0,0
perturbado,-0.4,0,1,0,1,1,0,0,0,0,0
perturbador,-0.4,0,0,0,0,0,0,0,0,0,0
perversión,-0.5,0,1,0,1,1,0,0,0,0,1
perverso,-0.5,0,1,0,0,1,1,0,0,0,1
pervertida,-0.5,0,1,0,0,1,0,0,0,0,1
pervertido,-0.5,0,1,0,0,1,0,0,0,0,1
pesada,-0.5,0,1,0,0,0,1,0,0,0,0
pesadamente,-0.5,0,1,0,1,0,0,0,0,0,0
pesadilla,-0.5,0,1,0,1,1,1,0,0,0,0
pesado,-0.5,0,1,0,0,0,1,0,0,0,0
pesados,-0.5,0,1,0,0,0,0,0,0,0,0
pesar,0.0,0,0,0,0,0,0,1,1,0,0
pesca con caña,-0.5,0,1,0,0,0,0,0,1,0,0
pesimisma,-0.4,0,0,0,0,0,0,0,0,0,0
pesimismo,-0.4,0,1,0,1,1,1,0,0,0,0
pesimista,-0.4,0,1,0,1,0,1,0,0,0,0
peso,0.0,1,1,1,1,0,1,1,1,1,1
pestilencia,-0.5,0,1,0,0,0,1,0,0,0,1
petarda,-0.5,0,1,0,0,1,1,0,1,1,0
petardo,-0.5,0,1,0,0,1,1,0,1,1,0
petición,-0.5,0,1,0,1,0,1,0,1,0,0
petrificada,-0.4,0,0,0,0,0,0,0,0,0,0
petrificado,-0.4,0,0,0,0,0,0,0,0,0,0
petróleo,0.0,1,1,0,0,0,0,0,0,0,1
piadoso,0.5,1,0,1,1,0,0,1,0,0,1
picada,-0.4,0,0,0,0,0,0,0,0,0,0
picadillo,-0.5,0,1,0,0,0,0,0,0,0,0
picado,-0.4,0,0,0,0,0,0,0,0,0,0
picadura,-0.5,0,1,0,0,1,1,0,0,0,0
picante,-0.4,0,0,0,0,0,0,0,0,0,0
picar,-0.5,0,1,0,0,0,0,0,1,0,0
picea,0.5,1,0,0,0,0,0,0,0,0,0
picnic,0.5,1,0,1,0,0,0,1,1,1,0
picotear,0.5,1,0,0,0,0,0,0,0,0,0
pie,0.0,0,0,0,0,0,0,1,0,0,0
piedad,0.5,1,0,0,0,0,0,0,0,0,0
piedra,-0.5,0,1,0,0,1,0,0,0,0,0
piedra clave,0.5,1,0,0,0,0,0,0,0,0,0
pierde,-0.6,0,0,0,0,0,0,0,0,0,0
pilar,0.5,1,0,0,0,0,0,1,0,0,0
pillaje,-0.5,0,1,0,0,1,1,0,0,0,1
pilluelo,-0.5,0,1,0,0,0,0,0,0,0,0
piloto,0.5,1,0,0,0,0,0,1,0,0,0
pimenton,0.5,1,0,0,0,0,0,0,0,0,0
pinchaza,-1.0,0,0,0,0,0,0,0,0,0,0
pinchazo,-1.0,0,1,0,0,1,1,0,0,1,1
pino,-0.5,0,1,0,1,0,0,0,0,0,0
pintoresca,0.4,0,0,0,0,0,0,0,0,0,0
pintoresco,0.4,1,0,1,0,0,0,1,0,0,0
pináculo,0.5,1,0,0,0,0,0,0,0,0,0
piojo,-0.5,0,1,0,0,0,0,0,0,0,1
pionero,0.5,1,0,0,0,0,0,0,0,0,0
piquete,-0.5,0,1,0,0,1,1,0,1,0,0
piquetes,-0.5,0,1,0,0,1,0,0,0,0,0
piqué,-0.4,0,1,0,0,1,0,0,0,0,0
pirata,-0.5,0,1,0,0,1,0,0,0,0,0
piratería,-0.5,0,1,0,0,0,0,0,0,0,0
piscina,0.5,1,0,0,0,0,0,0,0,0,0
pista,0.0,0,0,0,0,0,0,0,1,0,0
pistola,-0.2,0,1,0,0,1,1,0,0,0,0
pivote,0.5,1,0,0,0,0,0,1,0,0,0
pizarra,0.5,1,0,0,0,0,0,0,0,0,0
piñón,-0.5,0,1,0,0,0,1,0,0,0,0
placa,0.0,0,0,0,0,0,0,1,0,0,0
placer,0.6,0,0,0,0,0,0,0,0,0,0
plaga,-0.5,0,1,0,1,0,1,0,0,0,1
plagio,-0.5,0,1,0,0,0,0,0,0,0,1
plan,0.0,0,0,0,0,0,0,0,1,0,0
planchar,0.5,1,0,0,0,0,0,1,0,0,0
planificación,0.5,1,0,0,0,0,0,1,1,0,0
platija,-0.5,0,1,0,1,0,1,0,0,1,0
playa,0.0,0,0,1,0,0,0,0,0,0,0
plenario,0.5,1,0,0,0,0,0,0,0,0,0
plexo,0.5,1,0,0,0,0,0,0,0,0,0
plomada,-0.5,0,1,0,0,0,1,0,0,0,0
plácida,0.5,1,0,0,0,0,0,0,0,0,0
plácido,0.5,1,0,0,0,0,0,0,0,0,0
población,0.5,1,0,0,0,0,0,0,0,0,0
pobre,-0.4,0,1,0,1,0,0,0,0,0,0
pobreza,-0.2,0,1,0,1,1,1,0,0,0,1
poco clara,-0.2,0,0,0,0,0,0,0,0,0,0
poco claro,-0.2,0,0,0,0,0,0,0,0,0,0
poco dispuesto,-0.5,0,1,0,0,1,0,0,0,0,0
poco escrupuloso,-0.5,0,1,0,0,0,0,0,0,0,0
poco interesante,-0.5,0,1,0,1,0,0,0,0,0,0
poco pagada,-0.5,0,1,0,1,1,0,0,0,0,0
poco pagado,-0.5,0,1,0,1,1,0,0,0,0,0
poco riguroso,-0.5,0,1,0,0,0,0,0,0,0,1
poco ética,-0.4,0,0,0,0,0,0,0,0,0,0
poco ético,-0.4,0,0,0,0,0,0,0,0,0,0
poderosa,0.4,0,0,0,0,0,0,0,0,0,0
poderosamente,0.5,1,0,0,0,0,1,0,0,0,0
poderoso,0.4,1,0,1,0,1,1,1,1,0,1
podrida,-0.5,0,1,0,0,0,0,0,0,0,1
podrido,-0.5,0,1,0,0,0,0,0,0,0,1
polaco,0.5,1,0,0,0,0,0,0,0,0,0
polaridad,0.0,0,0,0,0,0,0,0,0,1,0
policía,0.5,1,0,0,0,0,1,1,0,0,0
poligamia,-0.5,0,1,0,0,0,0,0,0,0,1
polio,-0.5,0,1,0,1,0,1,0,0,0,0
polla,-1.0,0,0,0,0,0,0,0,0,0,0
pollo,0.0,0,0,0,0,0,1,0,0,0,0
polvo,-0.5,0,1,0,0,0,0,0,0,0,0
polémica,-0.4,0,1,0,0,1,0,0,0,0,1
polémico,-0.4,0,1,0,0,1,0,0,0,0,0
política,0.0,0,0,0,0,1,0,1,0,0,0
pompa,-0.5,0,1,0,0,0,0,0,0,0,0
pomposo,-0.5,0,1,0,0,0,0,0,0,0,1
poner en peligro,-0.5,0,1,0,0,1,1,0,1,0,0
pontífice,0.0,0,0,0,0,0,0,1,0,0,0
popa,-0.5,0,1,0,0,0,0,0,0,0,0
popular,0.6,0,1,0,0,0,0,0,0,1,0
popularidad,0.5,1,0,0,0,0,0,0,0,0,0
popularizada,0.5,1,0,0,0,0,0,0,0,0,0
popularizado,0.5,1,0,0,0,0,0,0,0,0,0
popurrí,0.5,1,0,0,0,0,0,0,0,0,0
por favor,0.2,0,0,0,0,0,0,0,0,0,0
por ley,0.0,0,0,0,0,0,0,1,0,0,0
por mal camino,-0.5,0,1,0,0,0,1,0,0,0,0
por suerte,0.6,0,0,0,0,0,0,0,0,0,0
por último,0.5,1,0,0,0,0,0,0,1,0,0
porno,-0.5,0,1,0,0,0,0,0,0,0,0
pornografía,-0.5,0,1,0,0,0,0,0,0,0,1
pornográfico,-0.5,0,1,0,0,0,0,0,0,0,0
porta mal,-0.4,0,0,0,0,0,0,0,0,0,0
portado mal,-0.4,0,0,0,0,0,0,0,0,0,0
portador,-0.5,0,1,0,0,0,0,0,0,0,0
portarse mal,-0.4,0,0,0,0,0,0,0,0,0,0
portavoz,0.0,0,0,0,0,0,0,1,0,0,0
portero,0.0,0,0,0,0,0,0,0,0,0,1
portátil,0.5,1,0,0,0,0,0,0,0,0,0
portón,0.0,0,0,0,0,0,0,1,0,0,0
poseer,0.5,1,0,1,0,0,0,1,1,0,0
posesiva,-0.4,0,0,0,0,0,0,0,0,0,0
posesivo,-0.4,0,0,0,0,0,0,0,0,0,0
posesión,-0.5,0,1,0,0,1,1,0,0,0,1
poseída,-0.5,0,1,0,0,1,1,0,0,0,1
poseído,-0.5,0,1,0,0,1,1,0,0,0,1
posibilidad,0.0,0,0,0,0,0,0,0,1,0,0
posibilidades,0.4,0,0,0,0,0,0,0,0,0,0
positiva,0.4,0,0,0,0,0,0,0,0,0,0
positivo,0.4,0,0,0,0,0,0,0,0,0,0
pospone,-0.2,0,0,0,0,0,0,0,0,0,0
posponer,-0.2,0,0,0,0,0,0,0,0,0,0
posponienda,-0.2,0,0,0,0,0,0,0,0,0,0
posponiendo,-0.2,0,0,0,0,0,0,0,0,0,0
pospuesta,-0.2,0,0,0,0,0,0,0,0,0,0
pospuesto,-0.2,0,0,0,0,0,0,0,0,0,0
posterior,-0.5,0,1,0,0,0,0,0,0,0,0
postigo,0.5,1,0,0,0,0,0,0,0,0,0
potable,0.5,1,0,0,0,0,0,0,0,0,0
potencia,0.5,1,0,0,0,0,0,0,0,0,0
pow,0.0,0,0,0,0,1,0,0,0,0,0
prada,0.5,1,0,0,0,0,0,0,0,0,0
prado,0.5,1,0,0,0,0,0,0,0,0,0
prblm,-0.4,0,0,0,0,0,0,0,0,0,0
prblms,-0.4,0,0,0,0,0,0,0,0,0,0
precario,-0.5,0,1,0,1,0,1,0,1,0,0
precaución,0.0,1,1,0,0,1,1,0,1,0,0
precedencia,0.5,1,0,0,0,0,0,1,0,0,0
precedente,0.5,1,0,0,0,0,0,0,0,0,0
preceder,0.5,1,0,0,0,0,0,0,0,0,0
precioso,0.5,1,0,1,0,0,0,0,1,1,0
precipicio,0.0,0,0,0,0,0,1,0,0,0,0
precipitada,-0.5,0,1,0,1,1,1,0,0,0,0
precipitado,-0.5,0,1,0,1,1,1,0,0,0,0
precisión,0.5,1,0,0,0,0,0,0,0,0,0
preciso,0.5,1,0,0,0,0,0,1,0,0,0
precursor,0.5,1,0,0,0,0,0,0,1,0,0
predecir,0.0,0,0,0,0,0,0,0,1,0,0
predicamento,-0.5,0,1,0,0,0,1,0,0,0,0
predicción,0.0,0,0,0,0,0,0,0,1,0,0
predilección,0.5,1,0,0,0,0,0,0,1,0,0
predisponer,0.0,0,0,0,0,0,0,0,1,0,0
predispuesto,-0.5,0,1,0,0,0,1,0,0,0,1
predominante,0.5,1,0,0,0,0,0,1,0,0,0
preeminente,0.5,1,0,0,0,0,0,0,0,0,0
preferir,0.5,1,0,0,0,0,0,1,0,0,0
pregonan,-0.4,0,0,0,0,0,0,0,0,0,0
pregunta,0.5,1,0,0,0,0,0,0,0,0,0
preliminar,0.0,0,0,0,0,0,0,0,1,0,0
prematuro,-0.5,0,1,0,0,0,0,0,0,1,0
premeditada,-0.5,0,1,0,0,0,1,0,0,0,0
premeditado,-0.5,0,1,0,0,0,1,0,0,0,0
premia,0.6,0,0,0,0,0,0,0,0,0,0
premio,0.6,1,0,1,0,0,0,1,1,1,0
premios,0.6,0,0,0,0,0,0,0,0,0,0
preocupación,-0.6,0,1,0,1,0,1,0,1,0,0
preocupada,-0.6,0,1,0,1,0,1,0,0,0,0
preocupado,-0.6,0,1,0,1,0,1,0,0,0,0
preocupante,-0.6,0,1,0,1,0,1,0,1,0,0
preparación,0.5,1,0,1,0,0,0,1,1,0,0
preparada,0.2,1,0,0,0,0,0,1,1,0,0
preparado,0.2,1,0,0,0,0,0,1,1,0,0
preparar,0.5,1,0,0,0,0,0,0,1,0,0
preparatorio,0.0,0,0,0,0,0,0,0,1,0,0
preponderancia,0.0,0,0,0,0,0,0,1,0,0,0
presa,-0.5,0,1,0,0,0,1,0,0,0,0
presagio,-0.5,0,1,0,0,1,1,0,1,0,0
presar,-0.4,0,0,0,0,0,0,0,0,0,0
presciente,0.5,1,0,0,0,0,0,0,1,0,0
presencia,0.5,1,0,0,0,0,0,0,0,0,0
presentable,0.5,1,0,0,0,0,0,0,0,0,0
presentación,0.0,1,1,0,0,0,0,0,0,0,0
presente,0.5,1,0,1,0,0,0,1,1,1,0
presentimiento,-0.5,0,1,0,0,0,1,0,1,0,0
preservar,0.5,1,0,0,0,0,0,0,0,0,0
preservativo,0.5,1,0,1,0,0,0,1,1,1,0
presidenta,0.5,1,0,0,0,0,0,1,0,0,0
presidente,0.5,1,0,0,0,0,0,1,0,0,0
presion,-0.5,0,1,0,0,0,0,0,0,0,0
presionada,-0.4,0,0,0,0,0,0,0,0,0,0
presionadas,-0.4,0,0,0,0,0,0,0,0,0,0
presionado,-0.4,0,1,0,0,0,0,0,0,0,0
presionados,-0.4,0,0,0,0,0,0,0,0,0,0
presión,-0.2,0,0,0,0,0,0,0,0,0,0
presiónada,-0.5,0,1,0,0,0,0,0,0,0,0
preso,-0.5,0,1,0,0,0,1,0,0,0,1
prestador,0.0,0,0,0,0,0,0,1,0,0,0
prestatario,-0.5,0,1,0,0,0,0,0,0,0,0
prestidigitación,-0.5,0,1,0,0,0,0,0,0,0,0
prestigia,0.6,0,0,0,0,0,0,0,0,0,0
prestigio,0.6,1,0,1,0,0,0,1,0,0,0
presto,0.5,1,0,1,0,0,0,0,0,1,0
presumida,-0.5,0,1,0,0,0,0,0,0,0,0
presumido,-0.5,0,1,0,0,0,0,0,0,0,0
presunción,-0.5,0,1,0,0,0,0,1,0,0,0
presuntuoso,-0.5,0,1,0,0,1,0,0,0,0,1
presupuesto,0.0,0,0,0,0,0,0,1,0,0,0
pretender,-0.5,0,1,0,0,0,0,0,0,0,0
pretendienda,-0.2,0,0,0,0,0,0,0,0,0,0
pretendiendo,-0.2,0,0,0,0,0,0,0,0,0,0
pretensiones,-0.5,0,1,0,0,0,0,0,0,0,0
pretensión,-0.5,0,1,0,0,0,0,0,0,0,0
prevalecer,0.5,1,0,1,0,0,0,0,1,0,0
prevención,-0.2,1,0,0,0,0,0,0,1,0,0
prevenida,-0.4,0,1,0,0,0,1,0,1,1,0
prevenido,-0.4,0,1,0,0,0,1,0,1,1,0
preventivo,-0.5,0,1,0,0,1,0,0,0,0,0
prever,0.5,1,0,0,0,0,0,1,1,1,0
previene,-0.2,0,0,0,0,0,0,0,0,0,0
previsión,0.5,1,0,0,0,0,0,1,1,0,0
previsto,0.5,1,0,0,0,0,0,0,1,0,0
prima,0.5,1,0,1,0,0,0,0,1,1,0
primacía,0.5,1,0,0,0,0,0,0,0,0,0
primario,0.5,1,0,0,0,0,0,0,0,0,0
primer ministro,0.5,1,0,0,0,0,0,0,0,0,0
primogénito,0.5,1,0,1,0,0,0,1,1,0,0
princesa,0.5,1,0,0,0,0,0,0,0,0,0
principal,0.5,1,0,0,0,0,0,0,0,0,0
principesco,0.5,1,0,1,0,0,0,1,1,1,0
prisa,0.0,0,0,0,0,0,0,0,1,0,0
prisionera,-0.4,0,0,0,0,0,0,0,0,0,0
prisionero,-0.4,0,1,0,1,1,1,0,0,0,1
prisioneros,-0.4,0,0,0,0,0,0,0,0,0,0
prisión,-0.4,0,1,0,1,1,1,0,0,0,1
privación,-0.4,0,1,0,1,1,1,0,0,0,1
privada,-0.5,0,1,0,0,0,0,1,0,0,0
privado,-0.5,0,1,0,0,0,0,1,0,0,0
privar,-0.4,0,0,0,0,0,0,0,0,0,0
privilegiada,0.4,1,0,1,0,0,0,1,0,0,0
privilegiado,0.4,1,0,1,0,0,0,1,0,0,0
proactiva,0.4,0,0,0,0,0,0,0,0,0,0
proactivo,0.4,0,0,0,0,0,0,0,0,0,0
probabilidad,0.0,0,0,0,0,0,0,0,1,0,0
probada,0.0,0,0,0,0,0,0,1,0,0,0
probado,0.0,0,0,0,0,0,0,1,0,0,0
probar,0.5,1,0,0,0,0,0,0,0,0,0
probidad,0.5,1,0,0,0,0,0,1,0,0,0
problema,-0.4,0,1,0,1,0,1,0,0,0,0
problemas,-0.4,0,0,0,0,0,0,0,0,0,0
problemática,-0.5,0,1,0,0,1,1,0,0,0,0
problemático,-0.5,0,1,0,0,1,1,0,0,0,0
proceder,0.0,0,0,0,0,0,0,0,1,0,0
procedimiento,0.5,1,0,0,0,0,1,0,0,0,0
procesable,-0.5,0,1,0,0,1,0,0,0,0,1
procesada,-0.4,0,0,0,0,0,0,0,0,0,0
procesado,-0.4,0,0,0,0,0,0,0,0,0,0
procesar,-0.5,0,1,0,0,1,1,0,0,0,1
procesión,0.5,1,0,1,1,0,0,0,0,1,0
procurador,0.5,1,0,0,0,0,0,1,0,0,0
prodigar,0.5,1,0,0,0,0,0,0,0,0,0
prodigio,0.5,1,0,0,0,0,0,0,0,0,0
prodigioso,0.5,1,0,0,0,0,0,0,0,0,0
producción,0.5,1,0,0,0,0,0,0,1,0,0
productividad,0.5,1,0,0,0,0,0,0,0,0,0
productivo,0.5,1,0,0,0,0,0,0,0,0,0
productor,0.5,1,0,0,0,0,0,0,0,0,0
profanación,-0.5,0,1,0,1,1,1,0,0,0,1
profano,-0.5,0,1,0,0,1,0,0,0,0,0
profecía,0.0,0,0,0,0,0,0,0,1,0,0
profesional,0.5,1,0,0,0,0,0,1,0,0,0
profesión,0.5,1,0,0,0,0,0,0,0,0,0
profesor,0.5,1,0,0,0,0,0,1,0,0,0
profeta,0.5,1,0,0,0,0,0,1,1,0,0
profiláctico,0.5,1,0,0,0,0,0,1,1,0,0
profundidad,0.5,1,0,0,0,0,0,1,0,0,0
profusión,-0.5,0,1,0,0,0,0,0,0,0,0
profuso,0.5,1,0,0,0,0,0,0,0,0,0
profético,0.0,0,0,0,0,0,0,0,1,0,0
progresa,0.4,0,0,0,0,0,0,0,0,0,0
progresivo,0.5,1,0,0,0,0,0,0,1,0,0
progresión,0.5,1,0,1,1,0,0,1,1,0,0
progreso,0.4,1,0,1,0,0,0,0,1,0,0
prohibición,-0.4,0,1,0,0,0,0,0,0,0,0
prohibida,-0.4,0,1,0,0,1,1,0,0,0,1
prohibido,-0.4,0,1,0,0,1,1,0,0,0,1
prohibir,-0.5,0,1,0,1,0,0,0,0,0,0
prolongar,-0.5,0,1,0,0,0,0,0,0,0,1
prolífico,0.5,1,0,0,0,0,0,0,0,0,0
promesa,0.2,1,0,1,0,0,0,1,0,0,0
promesas,0.2,0,0,0,0,0,0,0,0,0,0
prometedor,0.5,1,0,0,0,0,0,0,0,0,0
prometida,0.2,1,0,1,0,0,0,1,1,0,0
prometido,0.2,1,0,1,0,0,0,1,1,0,0
prominencia,0.5,1,0,0,0,0,0,0,0,0,0
prominente,0.4,0,0,0,0,0,0,0,0,0,0
prominentemente,0.5,1,0,0,0,0,0,0,0,0,0
promiscuo,-0.5,0,1,0,0,0,0,0,0,0,0
promocionada,-0.4,0,0,0,0,0,0,0,0,0,0
promocionado,-0.4,0,0,0,0,0,0,0,0,0,0
promoción,0.5,1,0,0,0,0,0,0,0,0,0
promover,0.2,0,0,0,0,0,0,0,0,0,0
promovida,0.2,0,0,0,0,0,0,0,0,0,0
promovido,0.2,0,0,0,0,0,0,0,0,0,0
promovienda,0.2,0,0,0,0,0,0,0,0,0,0
promoviendo,0.2,0,0,0,0,0,0,0,0,0,0
promueve,0.2,0,0,0,0,0,0,0,0,0,0
pronóstico,0.0,0,0,0,0,0,1,1,1,0,0
propaganda,-0.4,0,1,0,0,0,0,0,0,0,0
propensión,0.0,0,0,0,0,0,0,1,0,0,0
propicio,0.5,1,0,1,0,0,0,0,1,0,0
propiedad,0.5,1,0,0,0,0,0,0,0,0,0
propio,0.5,1,0,0,0,0,0,0,0,0,0
proporcionar,0.5,1,0,0,0,0,0,1,0,0,0
proposición,0.5,1,0,0,0,0,0,0,0,0,0
proscrito,-0.5,0,1,0,0,0,0,0,0,0,0
prospectivamente,0.0,0,0,0,0,0,0,0,1,0,0
prosperando,0.5,1,0,1,0,0,0,0,1,0,0
prosperar,0.5,1,0,1,0,0,0,0,1,0,0
prosperidad,0.5,1,0,0,0,0,0,0,0,0,0
prostitución,-0.5,0,1,0,1,0,0,0,0,0,1
prostituta,-0.5,0,1,0,0,0,0,0,0,0,1
protector,0.0,1,1,0,0,0,0,1,0,0,0
protege,0.2,0,0,0,0,0,0,0,0,0,0
proteger,0.2,1,0,0,0,0,0,0,0,0,0
protegida,0.2,0,0,0,0,0,0,1,0,0,0
protegido,0.2,0,0,0,0,0,0,1,0,0,0
protesta,-0.4,0,0,0,0,0,0,0,0,0,0
protestante,0.0,0,0,0,0,0,1,0,0,0,0
protestar,-0.4,0,0,0,0,0,0,0,0,0,0
protestas,-0.4,0,0,0,0,0,0,0,0,0,0
proverbial,0.5,1,0,0,0,0,0,0,0,0,0
provisional,0.0,0,0,0,0,0,0,0,1,0,0
provoca,-0.2,0,0,0,0,0,0,0,0,0,0
provocación,-0.5,0,1,0,0,1,0,0,0,0,0
provocada,-0.2,0,0,0,0,0,0,0,0,0,0
provocado,-0.2,0,0,0,0,0,0,0,0,0,0
provocador,-0.2,0,1,0,0,1,0,0,0,0,1
provocar,-0.2,0,0,0,0,0,0,0,0,0,0
proyectil,0.0,0,0,0,0,0,1,0,0,0,0
proyectiles,0.0,0,0,0,0,0,1,0,0,0,0
prudencia,0.5,1,0,0,0,0,0,0,0,0,0
prudente,0.5,1,0,0,0,0,0,1,0,0,0
prueba,0.0,0,0,0,0,0,0,1,0,0,0
práctica,0.5,1,0,0,0,0,0,0,1,0,0
práctico,0.5,1,0,0,0,0,0,0,0,0,0
príncipe,0.5,1,0,0,0,0,0,0,0,0,0
prístino,0.5,1,0,0,0,0,0,0,0,0,0
pródigo,0.0,1,1,0,0,0,0,0,0,0,0
prólogo,0.0,0,0,0,0,0,0,0,1,0,0
próspera,0.6,0,0,0,0,0,0,0,0,0,0
próspero,0.6,1,0,1,0,0,0,0,0,0,0
próximo,0.5,1,0,0,0,0,0,0,0,0,0
pseudociencia,-0.6,0,0,0,0,0,0,0,0,0,0
psicosis,-0.5,0,1,0,1,1,1,0,0,0,0
publicista,-0.5,0,1,0,0,0,0,0,0,0,0
puerco espín,-0.5,0,1,0,0,0,0,0,0,0,0
puerta,0.0,0,0,0,0,0,0,1,0,0,0
puerto,0.0,0,0,0,0,0,0,1,0,0,0
puesta,-0.4,0,0,0,0,0,0,0,0,0,0
puesta de sol,0.5,1,0,0,0,0,0,0,1,0,0
puesto,-0.4,0,0,0,0,0,0,0,0,0,1
pulcramente,0.5,1,0,0,0,0,0,0,0,0,0
pulcro,0.5,1,0,0,0,0,0,0,0,0,0
pulga,-0.5,0,1,0,0,0,0,0,0,0,1
pulida,0.5,1,0,0,0,0,0,0,0,0,0
pulido,0.5,1,0,0,0,0,0,0,0,0,0
pulla,-0.5,0,1,0,1,1,1,0,0,0,0
pulpo,0.0,0,0,0,0,0,0,0,0,0,1
puma,0.0,0,0,0,0,0,1,0,0,1,0
punitiva,-0.4,0,0,0,0,0,0,0,0,0,0
punitivo,-0.4,0,1,0,1,1,1,0,0,0,0
puntal,-0.5,0,1,0,0,0,0,0,0,0,0
punto de referencia,0.4,0,0,0,0,0,0,1,0,0,0
punto muerta,-0.4,0,0,0,0,0,0,0,0,0,0
punto muerto,-0.4,0,1,0,0,1,1,0,0,0,0
puntuación,0.5,1,0,1,0,0,0,0,1,1,0
puntual,0.5,1,0,0,0,0,0,1,1,0,0
puntualidad,0.5,1,0,0,0,0,0,0,0,0,0
pura sangre,0.5,1,0,0,0,0,0,0,0,0,0
puramente,0.5,1,0,0,0,0,0,1,0,0,0
pureza,0.5,1,0,0,0,0,0,0,0,1,0
purga,-0.5,0,1,0,0,0,1,0,0,0,0
purgatorio,-0.5,0,1,0,0,0,1,0,0,0,1
purificación,0.5,1,0,0,0,0,0,1,0,0,0
purificar,0.5,1,0,1,0,0,0,1,0,0,0
purista,0.5,1,0,0,0,0,0,0,0,0,0
pus,-0.5,0,1,0,0,0,0,0,0,0,1
pusilánime,-0.4,0,0,0,0,0,0,0,0,0,0
puta,-1.0,0,1,0,0,1,0,0,0,0,1
putativo,0.0,0,0,0,0,0,0,1,0,0,0
puto,-1.0,0,0,0,0,0,0,0,0,0,0
putrefacción,-0.5,0,1,0,1,0,1,0,0,0,1
puñalada,-0.4,0,1,0,1,1,1,0,0,1,0
puñaladas,-0.4,0,0,0,0,0,0,0,0,0,0
puñetazo,-0.5,0,1,0,1,1,1,0,0,1,0
pálida,-0.5,0,1,0,1,0,1,0,0,0,0
pálido,-0.5,0,1,0,1,0,1,0,0,0,0
pánica,-0.6,0,0,0,0,0,0,0,0,0,0
pánico,-0.6,0,1,0,0,0,1,0,0,0,0
pánicos,-0.6,0,0,0,0,0,0,0,0,0,0
pérdida,-0.6,0,1,0,1,1,1,0,0,0,0
pésima,-0.4,0,0,0,0,0,0,0,0,0,0
pésimo,-0.4,0,1,0,0,0,1,0,0,0,1
pícaro,-0.5,0,1,0,0,0,0,0,0,0,1
píldora,0.5,1,0,0,0,0,0,1,0,0,0
pólvora,0.0,0,0,0,0,0,1,0,0,0,0
póstumo,-0.5,0,1,0,1,0,0,0,0,0,0
público,0.5,1,0,0,0,0,0,0,1,0,0
púlpito,0.5,1,0,0,0,0,0,0,0,0,0
que cae,-0.2,0,1,0,1,0,0,0,0,0,0
que huele,-0.5,0,1,0,0,0,0,0,0,0,1
que se acerca,0.0,0,0,0,0,0,0,0,1,0,0
queja,-0.4,0,1,0,1,1,0,0,0,0,1
quejada,-0.4,0,0,0,0,0,0,0,0,0,0
quejado,-0.4,0,0,0,0,0,0,0,0,0,0
quejar,-0.4,0,1,0,1,1,0,0,0,0,0
quejarse,-0.5,0,1,0,0,0,0,0,0,0,0
quemada,-0.5,0,1,0,0,0,0,0,0,0,1
quemado,-0.5,0,1,0,0,0,0,0,0,0,1
querer,0.2,0,0,0,0,0,0,0,0,0,0
querida,0.6,1,0,1,0,0,0,1,0,0,0
querido,0.6,1,0,1,0,0,0,1,0,0,0
queroseno,0.0,0,0,0,0,0,1,0,0,0,0
quietud,0.5,1,0,0,1,0,1,0,0,0,0
quimera,0.0,0,0,0,0,0,1,0,0,1,0
quinina,0.5,1,0,0,0,0,0,0,0,0,0
quisquilloso,-0.5,0,1,0,1,1,0,0,0,0,0
quiste,-0.5,0,1,0,1,0,1,0,0,0,0
químico,0.5,1,0,0,0,0,0,1,0,0,0
rabia,-0.4,0,1,0,0,1,0,0,0,0,0
rabieta,-0.5,0,1,0,0,1,0,0,0,0,1
rabiosa,-0.4,0,0,0,0,0,0,0,0,0,0
rabioso,-0.4,0,1,0,1,1,1,0,1,0,1
racional,0.5,1,0,0,0,0,0,1,0,0,0
racisma,-0.6,0,0,0,0,0,0,0,0,0,0
racismo,-0.6,0,0,0,0,0,0,0,0,0,0
racista,-0.6,0,0,0,0,0,0,0,0,0,0
racistas,-0.6,0,0,0,0,0,0,0,0,0,0
ración,0.4,0,0,0,0,0,0,0,0,0,0
radar,0.0,0,0,0,0,0,0,1,0,0,0
radiación,-0.5,0,1,0,0,0,1,0,0,0,0
radiante,0.5,1,0,1,0,0,0,0,1,0,0
radio,0.5,1,0,0,0,0,0,0,0,0,0
radioactivo,-0.5,0,1,0,0,0,1,0,0,0,0
radón,-0.5,0,1,0,0,0,1,0,0,0,0
raid,-0.5,0,1,0,0,1,1,0,0,1,0
rallada,-0.5,0,1,0,0,1,0,0,0,0,0
rallado,-0.5,0,1,0,0,1,0,0,0,0,0
rallar,-0.5,0,1,0,0,0,0,0,0,0,0
ram,-0.5,0,1,0,0,1,0,0,1,0,0
ramera,-0.5,0,1,0,0,0,0,0,0,0,1
ramo de flores,0.5,1,0,1,0,0,0,1,0,0,0
rancio,-0.5,0,1,0,0,0,0,0,0,0,1
ranter,-0.6,0,0,0,0,0,0,0,0,0,0
ranters,-0.6,0,0,0,0,0,0,0,0,0,0
rantes,-0.6,0,0,0,0,0,0,0,0,0,0
rapaces,-0.5,0,1,0,0,0,1,0,0,0,0
rapidez,0.5,1,0,0,0,0,0,0,0,1,0
rapta,0.4,0,0,0,0,0,0,0,0,0,0
raptadas,0.4,0,0,0,0,0,0,0,0,0,0
raptados,0.4,0,0,0,0,0,0,0,0,0,0
rapto,0.4,0,0,0,0,0,0,0,0,0,0
raqueta,-0.5,0,1,0,0,0,0,0,0,0,0
raquítico,-0.5,0,1,0,0,0,0,0,0,0,0
rareza,-0.5,0,1,0,1,0,0,0,0,1,1
rasgada,-0.4,0,1,0,0,0,0,0,0,0,0
rasgado,-0.4,0,1,0,0,0,0,0,0,0,0
rata,-0.5,0,1,0,0,0,1,0,0,0,1
ratificada,0.4,0,0,0,0,0,0,0,0,0,0
ratificado,0.4,0,0,0,0,0,0,0,0,0,0
ratificar,0.0,0,0,0,0,0,0,1,0,0,0
ratón de biblioteca,0.0,1,1,0,0,0,0,0,0,0,0
raya,-0.5,0,1,0,0,0,0,0,0,0,0
razón,0.5,1,0,0,0,0,0,0,0,0,0
raída,-0.5,0,1,0,1,0,0,0,0,0,0
raído,-0.5,0,1,0,1,0,0,0,0,0,0
reaccionar,0.0,0,0,0,0,1,1,0,0,0,0
reaccionario,-0.5,0,1,0,0,0,0,0,0,0,0
reacio,-0.5,0,1,0,0,0,1,0,0,0,0
reafirmar,0.5,1,0,0,0,0,0,0,0,0,0
real,0.5,1,0,0,0,0,0,1,0,0,0
realce,0.4,0,0,0,0,0,0,0,0,0,0
realeza,0.5,1,0,0,0,0,0,0,0,0,0
realizable,0.2,0,0,0,0,0,0,0,0,0,0
realizar,0.4,1,0,1,0,0,0,0,0,0,0
reanimar,0.4,1,1,0,0,0,0,0,1,0,0
reanudación,0.5,1,0,0,0,0,0,0,0,0,0
reaparecer,0.0,0,0,0,0,0,0,0,0,1,0
reavivar,0.0,1,1,1,0,0,1,0,1,1,0
rebelde,-0.5,0,1,0,0,1,1,0,0,0,0
rebelión,-0.4,0,0,0,0,1,1,0,0,0,1
rebosar,-0.5,0,1,0,0,0,0,0,0,0,0
rebuscada,0.5,1,0,0,0,0,0,0,0,0,0
rebuscado,0.5,1,0,0,0,0,0,0,0,0,0
recada,0.5,1,0,0,0,0,0,1,1,0,0
recado,0.5,1,0,0,0,0,0,1,1,0,0
recalcitrante,-0.5,0,1,0,0,1,0,0,0,0,1
recargo,-0.5,0,1,0,0,1,0,0,0,0,0
recaída,-0.5,0,1,0,1,0,1,0,0,0,0
recela,-0.4,0,0,0,0,0,0,0,0,0,0
recelo,-0.4,0,0,0,0,0,0,0,0,0,0
recepción,0.5,1,0,1,0,0,0,0,1,1,0
recesión,-0.4,0,1,0,1,1,1,0,0,0,1
rechaza,-0.2,0,1,0,1,1,1,0,0,0,0
rechazada,-0.4,0,1,0,1,0,0,0,0,0,0
rechazado,-0.4,0,1,0,1,0,0,0,0,0,0
rechazanda,-0.2,0,0,0,0,0,0,0,0,0,0
rechazando,-0.2,0,0,0,0,0,0,0,0,0,0
rechazar,-0.2,0,1,0,1,1,1,0,0,0,0
rechazo,-0.5,0,1,0,1,1,1,0,0,0,1
rechoncho,0.0,0,0,0,0,0,0,0,1,0,0
recibida,0.5,1,0,0,0,0,0,0,0,0,0
recibido,0.5,1,0,0,0,0,0,0,0,0,0
recinto,-0.5,0,1,0,0,0,0,0,0,0,0
recipiente,0.0,0,0,0,0,0,0,0,1,0,0
recién llegada,0.0,0,0,0,0,0,1,0,0,1,0
recién llegado,0.0,0,0,0,0,0,1,0,0,1,0
reclinarse,0.5,1,0,0,0,0,0,1,0,0,0
reclusión,0.0,1,1,0,0,0,1,0,0,0,0
reclutas,0.0,0,0,0,0,0,0,1,0,0,0
recoger,0.5,1,0,0,0,0,0,0,0,0,0
recombinación,0.0,0,0,0,0,0,0,0,1,0,0
recomendable,0.5,1,0,1,0,0,0,1,0,0,0
recomendada,0.4,0,0,0,0,0,0,0,0,0,0
recomendado,0.4,0,0,0,0,0,0,0,0,0,0
recomendar,0.4,1,0,0,0,0,0,1,0,0,0
recomienda,0.4,0,0,0,0,0,0,0,0,0,0
recompensa,0.4,1,0,1,0,0,0,1,1,1,0
recompensada,0.4,0,0,0,0,0,0,0,0,0,0
recompensado,0.4,0,0,0,0,0,0,0,0,0,0
recompensas,0.4,0,0,0,0,0,0,0,0,0,0
reconciliación,0.5,1,0,1,0,0,0,1,1,0,0
reconocible,0.5,1,0,0,0,0,0,0,1,0,0
reconocimiento,0.5,1,0,0,0,0,0,0,0,0,0
reconsideración,0.5,1,0,0,0,0,0,1,0,0,0
reconstituyente,0.5,1,0,1,0,0,0,1,1,0,0
reconstrucción,0.5,1,0,0,0,0,0,0,1,0,0
reconstruir,0.5,1,0,0,0,0,0,0,1,0,0
recortada,-0.4,0,0,0,0,0,0,0,0,0,0
recortado,-0.4,0,0,0,0,0,0,0,0,0,0
recortes,-0.2,0,0,0,0,0,0,0,0,0,0
recreación,0.5,1,0,1,0,0,0,0,1,0,0
recreativo,0.5,1,0,1,0,0,0,0,1,0,0
rectificar,0.5,1,0,0,0,0,0,0,0,0,0
recuerda,0.5,1,0,0,0,0,0,0,0,0,0
recuerdo,0.5,1,0,0,0,0,0,0,0,0,0
recuperación,0.5,1,0,0,0,0,0,0,0,0,0
recuperar,0.5,1,0,0,0,0,0,0,0,0,0
recurrente,0.0,0,0,0,0,0,0,0,1,0,0
recursos,0.5,1,0,1,0,0,0,1,0,0,0
red,0.0,0,0,0,0,0,0,0,1,0,0
redención,0.5,1,0,0,0,0,0,0,0,0,0
redimida,0.4,0,0,0,0,0,0,0,0,0,0
redimido,0.4,0,0,0,0,0,0,0,0,0,0
reducción,-0.5,0,1,0,0,0,1,0,0,0,0
reducir,-0.5,0,1,0,0,0,0,0,1,0,0
redundante,-0.5,0,1,0,0,0,0,0,0,0,0
reembolsar,0.5,1,0,0,0,0,0,0,0,0,0
reembolso,0.0,1,1,0,0,1,0,1,0,0,0
refinamiento,0.5,1,0,0,0,0,0,0,0,0,0
refinar,0.5,1,0,0,0,0,0,0,0,0,0
reflejo,0.0,0,0,0,0,0,0,0,0,1,0
reflujo,-0.5,0,1,0,0,0,0,0,0,0,1
reforma,0.5,1,0,0,0,0,0,0,0,0,0
reformador,0.5,1,0,0,0,0,0,0,0,0,0
reforzamiento,0.5,1,0,0,0,0,0,1,0,0,0
reforzar,0.5,1,0,0,0,0,0,0,0,0,0
refractario,-0.5,0,1,0,0,0,0,0,0,0,0
refrenada,0.0,0,0,0,0,0,1,0,0,0,0
refrenado,0.0,0,0,0,0,0,1,0,0,0,0
refrescante,0.5,1,0,0,0,0,0,0,0,0,0
refriega,-0.5,0,1,0,0,0,0,0,0,0,0
refuerzos,0.0,0,0,0,0,0,0,1,0,0,0
refugiada,0.0,0,0,0,1,0,0,0,0,0,0
refugiado,0.0,0,0,0,1,0,0,0,0,0,0
refugio,0.5,1,0,0,0,0,0,1,0,0,0
refugios,-0.2,0,0,0,0,0,0,0,0,0,0
refundir a,0.5,1,0,0,0,0,0,0,0,0,0
refutación,0.0,0,0,0,0,0,1,0,0,0,0
refutar,-0.5,0,1,0,0,0,0,0,0,0,0
regala,0.4,0,0,0,0,0,0,0,0,0,0
regalo,0.4,1,0,1,0,0,0,0,1,1,0
regata,0.0,0,0,0,0,0,0,0,1,0,0
regate,-0.4,0,0,0,0,0,0,0,0,0,0
regaña,-0.4,0,0,0,0,0,0,0,0,0,0
regaño,-0.4,0,1,0,1,1,1,0,0,0,1
regente,0.5,1,0,0,0,0,0,1,0,0,0
regimiento,0.0,0,0,0,0,0,1,0,0,0,0
registro,0.0,0,0,0,0,0,0,1,0,0,0
regla,0.0,0,0,0,0,0,1,1,0,0,0
regocija,0.8,0,0,0,0,0,0,0,0,0,0
regocijada,0.8,0,0,0,0,0,0,0,0,0,0
regocijado,0.8,0,0,0,0,0,0,0,0,0,0
regocijo,0.5,1,0,1,0,0,0,0,0,1,0
regresivo,0.0,1,1,0,0,0,0,0,0,0,0
regresión,-0.5,0,1,0,0,0,0,0,0,0,0
regreso,-0.5,0,1,0,0,0,0,0,0,0,0
regulador,-0.5,0,1,0,0,0,1,0,0,0,0
regular,0.5,1,0,0,0,0,0,0,0,0,0
regularidad,0.5,1,0,0,0,0,0,1,1,0,0
regurgitación,0.0,0,0,0,0,0,0,0,0,0,1
regusto,-0.5,0,1,0,0,0,0,0,0,0,0
rehabilitación,0.5,1,0,0,0,0,0,0,1,0,0
rehabilitar,0.5,1,0,0,0,0,0,0,0,0,0
rehacer,0.5,1,0,0,0,0,0,0,0,0,0
rehuir,-0.5,0,1,0,1,1,0,0,0,0,1
rehén,-0.5,0,1,0,0,1,1,0,0,0,0
reimprimir,-0.5,0,1,0,0,0,0,0,0,0,0
reinar,0.5,1,0,0,0,0,0,0,0,0,0
reincidencia,-0.5,0,1,0,1,1,0,0,0,0,1
reintegrar,0.5,1,0,0,0,0,0,0,0,0,0
reivindica,0.4,0,0,0,0,0,0,0,0,0,0
reivindicada,0.5,1,0,0,0,0,0,0,0,0,0
reivindicado,0.5,1,0,0,0,0,0,0,0,0,0
reivindicanda,0.4,0,0,0,0,0,0,0,0,0,0
reivindicando,0.4,0,0,0,0,0,0,0,0,0,0
rejilla,-0.5,0,1,0,0,1,0,0,0,0,1
rejuvenecer,0.5,1,0,0,0,0,0,0,0,0,0
rejuvenecida,0.5,1,0,0,0,0,0,0,0,0,0
rejuvenecido,0.5,1,0,0,0,0,0,0,0,0,0
relacionada,0.0,0,0,0,0,0,0,1,0,0,0
relacionado,0.0,0,0,0,0,0,0,1,0,0,0
relajación,0.5,1,0,0,0,0,0,0,0,0,0
relajada,0.4,0,0,0,0,0,0,0,0,0,0
relajado,0.4,0,0,0,0,0,0,0,0,0,0
relativo,0.0,0,0,0,0,0,0,1,0,0,0
relato,0.5,1,0,0,0,0,0,0,0,0,0
relevando,0.5,1,0,0,0,0,0,0,0,0,0
relieves,0.2,0,0,0,0,0,0,0,0,0,0
religión,0.0,0,0,0,0,0,0,1,0,0,0
reliquias,0.0,0,0,0,1,0,0,0,0,0,0
relleno,0.5,1,0,0,0,0,0,0,0,0,0
reloj,0.0,0,0,0,0,0,1,0,1,0,0
reloj de sol,0.0,0,0,0,0,0,0,1,1,0,0
reluciente,0.5,1,0,0,0,0,0,0,0,0,0
relámpago,0.0,0,0,0,0,1,1,0,0,1,0
remachada,0.5,1,0,0,0,0,0,0,0,0,0
remachado,0.5,1,0,0,0,0,0,0,0,0,0
remanso,-0.5,0,1,0,1,0,0,0,0,0,0
remediador,-0.5,0,1,0,0,0,0,0,0,0,0
remedio,0.5,1,0,1,0,0,0,1,1,0,0
remisión,0.5,1,0,0,0,0,0,0,0,0,0
remodelar,0.5,1,0,0,0,0,0,0,0,0,0
remordimienta,-0.4,0,0,0,0,0,0,0,0,0,0
remordimiento,-0.4,0,1,0,1,0,0,0,0,0,0
renacimiento,0.5,1,0,1,0,0,0,1,1,0,0
rendición,-0.5,0,1,0,1,0,1,0,0,0,0
rendir culto,0.5,1,0,1,0,0,1,1,1,0,0
rendirse,-0.5,0,1,0,1,0,0,0,0,0,0
renegada,-0.5,0,1,0,0,1,0,0,0,0,0
renegado,-0.5,0,1,0,0,1,0,0,0,0,0
renombrada,0.5,1,0,0,0,0,0,0,0,0,0
renombrado,0.5,1,0,0,0,0,0,0,0,0,0
renombre,0.5,1,0,0,0,0,0,0,0,0,0
renovación,0.5,1,0,1,0,0,0,0,1,0,0
renovar,0.5,1,0,0,0,0,0,0,1,0,0
renuencia,-0.5,0,1,0,0,0,0,0,0,0,0
renuncia,-0.2,0,1,0,0,0,0,0,0,0,0
renunciar,-0.2,0,1,0,1,1,1,0,0,0,1
reorganizar,0.5,1,0,0,0,0,0,0,0,0,0
reparación,0.5,1,0,0,0,0,0,1,0,0,0
repelente,-0.5,0,1,0,0,1,1,0,0,0,1
repeler,-0.5,0,1,0,0,0,0,0,0,0,1
repelida,-0.4,0,0,0,0,0,0,0,0,0,0
repelido,-0.4,0,0,0,0,0,0,0,0,0,0
repentinamente,0.0,0,0,0,0,0,0,0,0,1,0
repentino,0.0,0,0,0,0,0,0,0,0,1,0
repetitivo,-0.5,0,1,0,0,0,0,0,0,0,0
repleto,0.5,1,0,0,0,0,0,0,0,0,1
reponer,0.5,1,0,0,0,0,0,0,0,0,0
reportero,0.5,1,0,0,0,0,0,1,0,0,0
reposo,0.5,1,0,0,0,0,0,0,0,0,0
reprensión,-0.5,0,1,0,0,0,0,0,0,0,0
represalia,-0.5,0,1,0,1,1,1,0,0,0,0
represalias,-0.5,0,1,0,0,1,1,0,0,0,0
representada,0.5,1,0,0,0,0,0,0,0,0,0
representado,0.5,1,0,0,0,0,0,0,0,0,0
representando,0.0,0,0,0,0,0,0,0,1,0,0
represión,-0.5,0,1,0,0,0,1,0,0,0,0
reprimenda,-0.5,0,1,0,0,1,0,0,0,0,0
reprimir,-0.5,0,1,0,1,1,1,0,0,0,0
reproche,-0.5,0,1,0,1,1,0,0,0,0,1
reproductivo,0.5,1,0,1,0,0,0,0,0,0,0
repudio,-0.5,0,1,0,0,1,0,0,0,0,1
repugnante,-0.5,0,1,0,0,1,1,0,0,0,1
repulsión,-0.5,0,1,0,0,0,1,0,0,0,1
república,-0.5,0,1,0,0,0,0,0,0,0,0
requisito previo,0.0,0,0,0,0,0,0,0,1,0,0
resbalón,-0.5,0,1,0,0,0,0,0,0,1,0
rescatada,0.4,0,0,0,0,0,0,0,0,0,0
rescate,-0.4,1,1,1,0,1,1,1,1,1,0
rescates,0.4,0,0,0,0,0,0,0,0,0,0
rescindir,-0.5,0,1,0,0,0,0,0,0,0,0
rescisión,-0.5,0,1,0,0,0,0,0,0,0,0
resección,0.0,0,0,0,0,0,1,0,0,0,0
resentida,-0.4,0,1,0,0,1,0,0,0,0,0
resentido,-0.4,0,1,0,0,1,0,0,0,0,0
resentimiento,-0.5,0,1,0,1,1,0,0,0,0,1
resentirse de,-0.5,0,1,0,0,1,0,0,0,0,0
reserva,0.5,1,0,0,0,0,0,0,0,0,0
reservada,-0.5,0,1,0,0,0,0,0,0,0,0
reservado,-0.5,0,1,0,0,0,0,0,0,0,0
residente,0.5,1,0,0,0,0,0,0,0,0,0
residuos,-0.2,0,1,0,0,0,0,0,0,0,1
resignación,-0.5,0,1,0,1,0,0,0,0,1,0
resignada,-0.2,0,1,0,1,0,0,0,0,0,0
resignado,-0.2,0,1,0,1,0,0,0,0,0,0
resistador,0.5,1,0,0,0,0,0,0,0,0,0
resistencia,0.0,1,1,0,0,1,0,0,0,0,0
resistente,0.4,1,1,1,0,0,1,1,0,0,0
resistiendo,-0.5,0,1,0,1,1,1,0,0,0,0
resistir a,0.5,1,0,0,0,0,1,0,1,0,0
resistirse,-0.5,0,1,0,0,0,0,0,0,0,0
resolución,0.2,0,0,0,0,0,0,0,0,0,0
resolver,0.4,0,0,0,0,0,0,0,0,0,0
respalda,0.4,0,0,0,0,0,0,0,0,0,0
respaldadas,0.2,0,0,0,0,0,0,0,0,0,0
respaldados,0.2,0,0,0,0,0,0,0,0,0,0
respecto a,0.5,1,0,0,0,0,0,0,0,0,0
respetabilidad,0.5,1,0,0,0,0,0,0,0,0,0
respetable,0.5,1,0,0,0,0,0,1,0,0,0
respetada,0.4,0,0,0,0,0,0,0,0,0,0
respetado,0.4,0,0,0,0,0,0,0,0,0,0
respeto,0.5,1,0,1,0,0,0,1,1,0,0
respetuoso,0.5,1,0,0,0,0,0,1,0,0,0
respiradero,0.0,0,0,0,0,1,0,0,0,0,0
respiro,0.5,1,0,1,0,0,0,1,0,0,0
resplandecer,0.0,0,0,1,0,0,0,0,0,0,1
resplandeciente,0.5,1,0,1,0,0,0,0,0,0,0
resplandor,0.0,1,1,1,0,1,0,1,1,0,0
responsabilidad,0.5,1,0,0,0,0,0,1,0,0,0
responsable,0.4,1,0,0,0,0,0,1,0,0,0
restauraciones,0.2,0,0,0,0,0,0,0,0,0,0
restauración,0.2,0,0,0,0,0,0,0,0,0,0
restaurada,0.2,0,0,0,0,0,0,0,0,0,0
restaurando,0.5,1,0,0,0,0,0,0,0,0,0
restaurar,0.2,1,0,0,0,0,0,0,0,0,0
restitución,0.5,1,0,0,0,1,0,0,0,0,0
restos,-0.4,0,0,0,0,0,0,0,0,0,0
restricción,-0.4,1,1,0,1,1,1,0,0,0,0
restrictivo,-0.5,0,1,0,0,0,0,0,0,0,0
restringe,-0.4,0,0,0,0,0,0,0,0,0,0
restringida,-0.4,0,0,0,0,0,0,0,0,0,0
restringido,-0.4,0,0,0,0,0,0,0,0,0,0
restringienda,-0.4,0,0,0,0,0,0,0,0,0,0
restringiendo,-0.4,0,0,0,0,0,0,0,0,0,0
restringir,-0.4,0,1,0,1,0,0,0,0,0,0
resuelta,0.4,0,0,0,0,0,0,0,0,0,0
resueltamente,0.5,1,0,0,0,0,0,0,0,0,0
resuelto,0.4,0,0,0,0,0,0,0,0,0,0
resuelve,0.4,0,0,0,0,0,0,0,0,0,0
resultada,0.5,1,0,0,0,0,0,0,1,0,0
resultado,0.5,1,0,0,0,0,0,0,1,0,0
resultante,0.0,0,0,0,0,0,0,0,1,0,0
reta,-0.2,0,0,0,0,0,0,0,0,0,0
retardar,-0.4,0,1,0,1,0,1,0,0,0,1
retencion,0.5,1,0,0,0,0,0,0,0,0,0
retenida,-0.2,0,0,0,0,0,0,0,0,0,0
retenido,-0.2,0,0,0,0,0,0,0,0,0,0
reticente,-0.5,0,1,0,0,0,1,0,0,0,0
retirada,-0.6,0,1,0,0,0,0,0,0,0,0
retirar,-0.5,0,1,0,1,1,1,0,0,0,0
retirarse,-0.5,0,1,0,0,0,0,0,0,0,0
reto,-0.2,0,1,0,0,1,1,0,0,0,0
retorcerse,-0.5,0,1,0,0,0,0,0,0,0,1
retorta,-0.5,0,1,0,0,0,0,0,0,0,0
retozar,0.5,1,0,1,0,0,0,0,0,0,0
retozón,0.4,1,0,1,0,0,0,0,1,1,0
retracción,-0.5,0,1,0,0,0,0,0,0,0,0
retraer,-0.5,0,1,0,0,1,0,0,0,0,0
retrasa,-0.2,0,0,0,0,0,0,0,0,0,0
retrasada,-0.4,0,1,0,0,0,0,0,0,0,0
retrasado,-0.4,0,1,0,0,0,0,0,0,0,0
retrasar,-0.2,0,1,0,1,1,1,0,0,0,1
retraso,-0.2,0,1,0,1,0,0,0,0,0,0
retroceder,-0.5,0,1,0,1,0,1,0,1,1,1
retrógrada,-0.5,0,1,0,0,0,0,0,0,0,0
retrógrado,-0.5,0,1,0,0,0,0,0,0,0,0
reumatismo,-0.5,0,1,0,1,1,1,0,0,0,0
reunión,0.5,1,0,0,0,0,0,1,1,0,0
revendedor,-0.4,0,0,0,0,0,0,0,0,0,0
revendedores,-0.4,0,0,0,0,0,0,0,0,0,0
reventada,-0.5,0,1,0,0,1,1,0,0,0,0
reventado,-0.5,0,1,0,0,1,1,0,0,0,0
reventar,-0.5,0,1,0,0,0,0,0,0,0,0
reverencia,0.5,1,0,1,0,0,0,1,0,0,0
reverenciada,0.4,0,0,0,0,0,0,0,0,0,0
reverenciado,0.4,0,0,0,0,0,0,0,0,0,0
reverenciar,0.5,1,0,1,0,0,0,1,1,0,0
reverendo,0.5,1,0,1,0,0,0,0,0,0,0
revisar,0.5,1,0,0,0,0,0,0,0,0,0
revive,0.4,0,0,0,0,0,0,0,0,0,0
revocación,-0.5,0,1,0,0,0,0,0,0,0,0
revocar,-0.5,0,1,0,1,1,1,0,0,0,1
revolcarse por,-0.5,0,1,0,1,0,0,0,0,0,1
revoltijo,-0.5,0,1,0,0,0,0,0,0,0,0
revoltoso,-0.5,0,1,0,0,1,1,0,0,0,1
revolucionario,0.5,1,0,0,0,0,0,0,0,0,0
revolución,0.0,1,1,0,1,1,1,0,1,1,0
revuelta,-0.5,0,1,0,0,1,0,0,0,1,0
revulsión,-0.5,0,1,0,0,1,1,0,0,0,1
revólver,-0.5,0,1,0,1,1,1,0,0,0,0
rey,0.5,1,0,0,0,0,0,0,0,0,0
rezagada,-0.4,0,1,0,1,1,0,0,1,0,1
rezagado,-0.4,0,1,0,1,1,0,0,1,0,1
rezar,0.2,0,0,0,0,0,0,0,0,0,0
rezumar,-0.5,0,1,0,0,0,0,0,0,0,1
rica,0.4,0,0,0,0,0,0,0,0,0,0
rico,0.4,0,0,0,0,0,0,0,0,0,0
ridiculiza,-0.4,0,0,0,0,0,0,0,0,0,0
ridiculizada,-0.4,0,0,0,0,0,0,0,0,0,0
ridiculizado,-0.4,0,0,0,0,0,0,0,0,0,0
ridiculizar,-0.4,0,0,0,0,0,0,0,0,0,0
ridícula,-0.6,0,0,0,0,0,0,0,0,0,0
ridículo,-0.6,0,1,0,1,1,0,0,0,0,1
rienda,-0.5,0,1,0,0,0,0,0,0,0,0
riendo,0.5,1,0,1,0,0,0,0,0,0,0
riesga,-0.4,0,0,0,0,0,0,0,0,0,0
riesgo,-0.4,0,1,0,0,0,1,0,1,0,0
riesgos,-0.4,0,0,0,0,0,0,0,0,0,0
rifa,0.0,0,0,0,0,0,0,0,1,1,0
rifle,-0.5,0,1,0,0,1,1,0,0,0,0
rigidez,-0.5,0,1,0,0,0,0,0,0,0,0
rigor,-0.5,0,1,0,0,0,1,0,0,0,1
rigurosa,0.6,0,0,0,0,0,0,0,0,0,0
rigurosamente,0.6,0,0,0,0,0,0,0,0,0,0
riguroso,0.6,0,1,0,0,0,0,0,0,0,0
riqueza,0.6,1,0,1,0,0,0,1,0,0,0
risa,0.2,1,0,1,0,0,0,0,1,1,0
risa disimulada,0.5,1,0,0,0,0,0,0,0,0,0
risas,0.2,0,0,0,0,0,0,0,0,0,0
risilla,0.5,1,0,1,0,0,0,0,0,0,0
risita,0.5,1,0,1,0,0,0,1,1,1,0
ritmo,0.5,1,0,0,0,0,0,0,0,0,0
rivalidad,-0.5,0,1,0,0,1,0,0,0,0,0
rizo,0.5,1,0,0,0,0,0,0,0,0,0
rió,0.2,0,0,0,0,0,0,0,0,0,0
robada,-0.4,0,1,0,0,1,0,0,0,0,0
robado,-0.4,0,1,0,0,1,0,0,0,0,0
robando,-0.5,0,1,0,0,0,1,0,0,0,1
robar,-0.4,0,1,0,1,1,1,0,0,0,1
robing,-0.4,0,0,0,0,0,0,0,0,0,0
roble,0.5,1,0,0,0,0,0,0,0,0,0
robo,-0.5,0,1,0,1,1,1,0,0,0,1
robos,-0.4,0,0,0,0,0,0,0,0,0,0
robs,-0.4,0,0,0,0,0,0,0,0,0,0
robusta,0.4,0,0,0,0,0,0,0,0,0,0
robusto,0.4,1,0,0,0,0,0,0,0,0,0
rock,0.5,1,0,0,0,0,0,0,0,0,0
rocín,-0.5,0,1,0,0,1,0,0,0,0,0
rodear,0.0,1,1,0,0,0,0,0,1,0,0
rofl,0.8,0,0,0,0,0,0,0,0,0,0
roflcopter,0.8,0,0,0,0,0,0,0,0,0,0
roflmaa,0.8,0,0,0,0,0,0,0,0,0,0
roflmao,0.8,0,0,0,0,0,0,0,0,0,0
romance,0.4,1,0,1,1,0,1,1,1,1,0
romanticismo,0.5,1,0,1,0,0,0,0,0,0,0
romper,-0.5,0,1,0,1,1,1,0,0,1,0
rompió,-0.2,0,1,0,1,0,1,0,0,0,0
romántico,0.5,1,0,1,0,0,0,1,1,0,0
ronco,-0.5,0,1,0,0,0,0,0,0,0,0
ronroneo,0.5,1,0,1,0,0,0,1,0,0,0
rosada,0.5,1,0,0,0,0,0,0,0,0,0
rosado,0.5,1,0,0,0,0,0,0,0,0,0
rota,-0.2,0,0,0,0,0,0,0,0,0,0
rotfl,0.8,0,0,0,0,0,0,0,0,0,0
rotflmfaa,0.8,0,0,0,0,0,0,0,0,0,0
rotflmfao,0.8,0,0,0,0,0,0,0,0,0,0
rotflol,0.8,0,0,0,0,0,0,0,0,0,0
roto,-0.2,0,1,0,1,1,1,0,0,0,0
rubor,0.5,1,0,0,0,0,0,0,0,0,0
ruda,-0.6,0,1,0,1,0,0,0,0,0,0
rudo,-0.6,0,0,0,0,0,0,0,0,0,0
rueda de andar,0.0,0,0,0,0,0,0,0,1,0,0
ruida,-0.5,0,1,0,0,0,0,0,0,0,0
ruido,-0.5,0,1,0,0,0,0,0,0,0,0
ruidosa,-0.2,0,0,0,0,0,0,0,0,0,0
ruidoso,-0.2,0,1,0,0,1,0,0,0,0,0
ruin,-0.5,0,1,0,0,1,1,0,0,0,1
ruina,-0.4,0,1,0,1,1,1,0,0,1,1
ruinas,-0.5,0,1,0,0,0,0,0,0,0,0
ruinoso,-0.5,0,1,0,1,1,1,0,0,0,1
ruleta,0.0,0,0,0,0,0,0,0,1,0,0
rumor,-0.5,0,1,0,1,0,0,0,0,0,0
rumores,-0.5,0,1,0,0,0,0,0,0,0,0
ruptura,-0.4,0,1,0,1,1,1,0,0,1,0
rutina,0.5,1,0,0,0,0,0,1,0,0,0
rápida,0.4,1,1,0,1,0,0,0,0,1,0
rápidamente,0.4,0,0,0,0,0,0,0,0,0,0
rápido,0.4,1,1,0,1,0,0,0,0,1,0
réquiem,0.0,0,0,0,1,0,0,0,0,0,0
rígida,-0.5,0,1,0,0,0,0,1,0,0,0
rígido,-0.5,0,1,0,0,0,0,1,0,0,0
rítmico,0.5,1,0,1,0,0,0,0,0,1,0
rúbrica,0.5,1,0,0,0,0,0,0,0,0,0
sabiduría,0.5,1,0,0,0,0,0,1,0,0,0
sabio,0.5,1,0,0,0,0,0,1,0,0,0
sable,-0.5,0,1,0,0,1,1,0,0,0,0
saboreanda,0.4,0,0,0,0,0,0,0,0,0,0
saboreando,0.4,0,0,0,0,0,0,0,0,0,0
saborear,0.5,1,0,1,1,0,0,1,1,0,1
sabotaje,-0.4,0,1,0,1,1,1,0,0,1,1
sabrosa,0.6,0,0,0,0,0,0,0,0,0,0
sabroso,0.6,1,0,0,0,0,0,0,0,0,0
sacerdocio,0.5,1,0,1,1,0,0,1,1,0,0
sacerdotal,0.5,1,0,0,0,0,0,0,0,0,0
sacerdote,0.5,1,0,0,0,0,0,1,0,0,0
sacrificio,-0.5,0,1,0,1,1,1,0,0,1,1
sacrificios,-0.5,0,1,0,1,0,1,0,0,0,1
sacudida,-0.5,0,1,0,0,0,1,0,0,1,0
sagrada escritura,0.0,0,0,0,0,0,0,1,0,0,0
salario,0.5,1,0,1,0,0,0,1,1,0,0
salida,-0.5,0,1,0,1,0,1,0,0,1,0
salido,-0.5,0,1,0,1,0,0,0,0,0,0
saliente,0.2,1,0,0,0,0,0,0,0,0,0
saliva,0.0,0,0,0,0,0,0,0,1,0,0
salmo,0.5,1,0,0,0,0,0,0,0,0,0
saltar,0.5,1,0,1,0,0,0,0,0,0,0
saluda,0.2,1,0,1,0,0,0,0,0,1,0
saludable,0.4,1,0,1,0,0,0,1,0,0,0
saludada,0.2,0,0,0,0,0,0,0,0,0,0
saludado,0.2,0,0,0,0,0,0,0,0,0,0
saludar,0.2,0,0,0,0,0,0,0,0,0,0
saludas,0.4,0,0,0,0,0,0,0,0,0,0
saludo,0.2,1,0,1,0,0,0,0,0,1,0
saludos,0.4,1,0,0,0,0,0,1,0,0,0
salvación,0.5,1,0,1,0,0,0,1,1,0,0
salvada,0.4,0,0,0,0,0,0,0,0,0,1
salvado,0.4,0,0,0,0,0,0,0,0,0,1
salvaguardia,0.5,1,0,0,0,0,0,1,0,0,0
salvaje,-0.5,0,1,0,0,1,1,0,0,1,0
salvajismo,-0.5,0,1,0,0,1,1,0,0,0,0
salvar,0.4,1,0,1,0,0,0,1,0,0,0
salvavidas,0.8,0,0,0,0,0,0,0,0,0,0
salón,-0.5,0,1,0,0,1,0,0,0,0,0
samurai,0.5,1,0,0,0,0,1,0,0,0,0
sanar,0.5,1,0,1,0,0,0,1,0,0,0
sangrar,0.0,0,0,0,0,0,0,1,0,0,0
sangre,-0.5,0,1,0,1,1,1,0,0,0,1
sangrienta,-0.6,0,0,0,0,0,0,0,0,0,0
sangriento,-0.6,0,1,0,1,1,1,0,0,0,1
sangría,-0.5,0,1,0,1,0,1,0,0,0,1
sanguijuela,-0.5,0,1,0,0,0,0,0,0,0,0
sanguijuelas,-0.5,0,1,0,0,0,1,0,0,0,1
sanguinario,-0.5,0,1,0,0,1,1,0,0,0,1
sanitario,0.5,1,0,0,0,0,0,0,0,0,0
sano,0.5,1,0,1,0,0,0,0,0,0,0
santidad,0.5,1,0,1,0,0,1,1,1,1,0
santificación,0.5,1,0,1,0,0,0,1,0,0,0
santificar,0.5,1,0,1,1,0,0,1,1,1,0
santo,0.5,1,0,1,0,0,0,1,1,1,0
santuario,0.5,1,0,1,0,0,0,1,1,0,0
sapo,-0.5,0,1,0,0,0,0,0,0,0,1
saqueo,-0.5,0,1,0,1,1,1,0,0,1,1
sarampión,-0.5,0,1,0,1,0,1,0,0,0,1
sarcasmo,-0.5,0,1,0,1,1,0,0,0,0,1
sarcoma,-0.5,0,1,0,1,0,1,0,0,0,0
sarcástica,-0.4,0,0,0,0,0,0,0,0,0,0
sarcástico,-0.4,0,1,0,0,0,0,0,0,0,0
sardónico,-0.5,0,1,0,0,0,0,0,0,0,0
sarna,-0.5,0,1,0,0,0,1,0,0,0,1
satisfacer,0.5,1,0,1,0,0,0,0,0,1,0
satisfactoriamente,0.5,1,0,0,0,0,0,0,0,0,0
satisfecha,0.6,0,0,0,0,0,0,0,0,0,0
satisfecho,0.6,1,0,1,0,0,0,0,0,0,0
saturada,-0.5,0,1,0,0,0,0,0,0,0,1
saturado,-0.5,0,1,0,0,0,0,0,0,0,1
satánico,-0.5,0,1,0,0,1,0,0,0,0,0
satín,0.5,1,0,0,0,0,0,0,0,0,0
savia,-0.5,0,1,0,1,0,0,0,0,0,0
sazonada,0.5,1,0,0,0,0,0,0,0,0,0
sazonado,0.5,1,0,0,0,0,0,0,0,0,0
scrapie,-0.5,0,1,0,1,1,1,0,0,0,0
secesión,-0.5,0,1,0,0,0,0,0,0,0,0
secreción,-0.5,0,1,0,0,0,0,0,0,0,1
secretar,0.0,0,0,0,0,0,0,0,0,0,1
secretaría,0.5,1,0,0,0,0,0,0,0,0,0
secreto,0.0,0,0,0,0,0,0,1,0,1,0
sectario,-0.5,0,1,0,0,1,1,0,0,0,0
secuelas,-0.5,0,1,0,1,1,1,0,0,0,1
secuestra,-0.4,0,0,0,0,0,0,0,0,0,0
secuestrada,-0.4,0,0,0,0,0,0,0,0,0,0
secuestrado,-0.4,0,0,0,0,0,0,0,0,0,0
secuestrar,-0.5,0,1,0,1,1,1,0,0,1,0
secuestro,-0.4,0,1,0,1,0,1,0,0,1,0
secuestros,-0.4,0,0,0,0,0,0,0,0,0,0
secular,0.0,0,0,0,0,0,0,0,1,0,0
secundaria,0.2,0,0,0,0,0,0,0,0,0,0
secundario,0.2,1,0,0,0,0,0,1,0,0,0
sed,0.0,0,0,0,1,0,0,0,1,1,0
seda,0.5,1,0,0,0,0,0,0,0,0,0
sediciosa,-0.4,0,0,0,0,0,0,0,0,0,0
sedicioso,-0.4,0,0,0,0,0,0,0,0,0,0
sedición,-0.4,0,1,0,1,1,0,0,0,0,0
sediento,-0.5,0,1,0,0,0,0,0,0,0,0
seducción,-0.5,0,1,0,0,0,0,0,0,0,0
seducir,-0.2,1,1,1,0,0,0,0,1,1,0
seductor,0.5,1,0,0,0,0,0,0,1,0,0
segregar,-0.5,0,1,0,1,1,0,0,0,0,1
seguidor,0.2,1,0,1,0,0,0,1,0,0,0
segunda mano,-0.5,0,1,0,0,0,0,0,0,0,0
segura,0.4,0,0,0,0,0,0,0,0,0,0
seguridad,0.2,0,0,0,0,0,0,0,0,0,0
seguridades,0.5,1,0,0,0,0,0,1,0,0,0
seguro,0.4,1,0,1,0,0,0,1,0,0,0
seguro de sí misma,0.4,0,0,0,0,0,0,0,0,0,0
seguro de sí mismo,0.4,0,0,0,0,0,0,0,0,0,0
sello,0.5,1,0,0,0,0,0,1,0,0,0
selva,0.0,0,0,0,0,0,1,0,0,0,0
semental,0.5,1,0,0,0,0,0,0,0,0,0
senada,0.0,0,0,0,0,0,0,1,0,0,0
senado,0.0,0,0,0,0,0,0,1,0,0,0
sencillo,0.5,1,0,0,0,0,0,1,0,0,0
senil,-0.5,0,1,0,1,0,1,0,0,0,0
sensacional,0.5,1,0,1,0,0,0,0,0,0,0
sensación,0.2,1,1,1,1,1,1,1,1,1,1
sensibilidad,0.5,1,0,1,0,0,0,0,0,0,0
sensible,0.4,1,0,0,0,0,0,1,1,0,0
sensual,0.0,1,1,1,0,0,0,1,1,1,0
sensualidad,0.5,1,0,1,0,0,0,0,1,0,0
sentencia,-0.4,0,0,0,0,0,0,0,0,0,0
sentida,0.5,1,0,0,0,0,0,1,0,0,0
sentido,0.5,1,0,0,0,0,0,0,0,0,0
sentimental,0.5,1,0,0,0,0,0,0,0,0,0
sentimentalismo,0.5,1,0,0,0,0,0,0,0,0,0
separada,-0.2,0,1,0,0,0,0,0,0,0,0
separado,-0.2,0,1,0,0,0,0,0,0,0,0
separatista,-0.5,0,1,0,0,1,0,0,0,0,1
septicemia,-0.5,0,1,0,1,0,1,0,0,0,0
sequía,-0.5,0,1,0,0,0,0,0,0,0,0
serena,0.4,0,0,0,0,0,0,0,0,0,0
serenidad,0.5,1,0,1,0,0,0,1,1,0,0
sereno,0.4,1,1,0,0,0,0,1,0,0,0
seria,0.4,0,0,0,0,0,0,0,0,0,0
serie,0.0,0,0,0,0,0,0,1,0,0,0
seriedad,0.5,1,0,0,0,0,0,0,0,0,0
serio,0.4,1,0,0,0,0,0,0,0,0,0
sermón,0.5,1,0,0,0,0,0,1,0,0,0
serpenteante,-0.5,0,1,0,0,0,0,0,0,0,0
serpiente,-0.5,0,1,0,0,0,1,0,0,0,1
serpiente de cascabel,0.0,0,0,0,0,0,1,0,0,0,0
servicial,0.4,1,0,1,0,1,1,1,1,1,1
servidor,-0.5,0,1,0,0,0,0,1,0,0,0
servidumbre,-0.5,0,1,0,0,0,0,0,0,0,0
servil,-0.5,0,1,0,1,0,1,0,0,0,1
servilleta,0.0,0,0,0,1,0,0,0,0,0,0
servir,-0.5,0,1,0,0,0,0,1,0,0,0
sesgada,-0.5,0,1,0,0,1,0,0,1,0,0
sesgado,-0.5,0,1,0,0,1,0,0,1,0,0
sesos,0.5,1,0,0,0,0,0,0,0,0,0
sesudamente,0.5,1,0,0,0,0,0,0,0,0,0
severo,-0.5,0,1,0,1,1,1,0,1,0,1
sexo,0.5,1,0,1,0,0,0,1,1,0,0
sexy,0.6,0,0,0,0,0,0,0,0,0,0
señal,0.0,0,0,0,0,0,0,0,1,0,0
señor,0.0,1,1,0,0,0,0,1,0,0,1
señorío,0.5,1,0,0,0,0,0,0,0,0,0
señuelo,-0.5,0,1,0,0,0,0,0,0,1,0
shamed,-0.4,0,0,0,0,0,0,0,0,0,0
sidra,0.5,1,0,0,0,0,0,0,0,0,0
siempre que,0.5,1,0,1,0,0,0,1,1,0,0
siesta,0.5,1,0,1,0,0,0,0,0,0,0
sietemesino,-0.5,0,1,0,0,0,0,0,0,0,0
sigilo,0.0,0,0,0,0,0,0,0,0,1,0
significado,0.2,0,0,0,0,0,0,0,0,0,0
significar,0.0,0,0,0,0,0,0,0,1,0,0
significativa,0.4,0,0,0,0,0,0,0,0,0,0
significativo,0.4,0,0,0,0,0,0,0,0,0,0
silbida,-0.5,0,1,0,0,1,1,0,0,0,0
silbido,-0.5,0,1,0,0,1,1,0,0,0,0
silenciamiento,-0.2,0,0,0,0,0,0,0,0,0,0
silencio,0.0,1,1,0,0,0,1,0,0,0,0
simbólico,0.5,1,0,0,0,0,0,0,0,0,0
simetría,0.5,1,0,1,0,0,0,1,0,0,0
simpatía,0.4,1,0,0,1,0,0,0,0,0,0
simplificada,-0.4,0,0,0,0,0,0,0,0,0,0
simplificado,-0.4,0,0,0,0,0,0,0,0,0,0
simplificar,-0.4,1,0,1,0,0,0,1,1,1,0
simpática,0.4,0,0,0,0,0,0,0,0,0,0
simpático,0.4,1,0,1,1,0,1,1,1,0,0
simétrico,0.5,1,0,0,0,0,0,0,0,0,0
sin acreditar,-0.2,0,0,0,0,0,0,0,0,0,0
sin alguna duda,0.0,0,0,0,0,0,0,0,1,0,1
sin alma,-0.5,0,1,0,1,0,1,0,0,0,1
sin amor,-0.4,0,0,0,0,0,0,0,0,0,0
sin amueblar,-0.5,0,1,0,0,0,0,0,0,0,0
sin apoyo,-0.4,0,1,0,0,0,0,0,0,0,0
sin control,-0.5,0,1,0,0,0,0,0,0,0,0
sin defensa,0.0,0,0,0,0,0,0,0,0,1,0
sin descubrir,0.0,0,0,0,0,0,0,0,0,1,0
sin dientes,-0.4,0,0,0,0,0,0,0,0,0,0
sin encanto,-0.6,0,0,0,0,0,0,0,0,0,0
sin esperanza,-0.4,0,1,0,1,0,1,0,0,0,0
sin fonda,0.0,0,0,0,0,0,1,0,0,0,0
sin fondo,0.0,0,0,0,0,0,1,0,0,0,0
sin garantía,-0.4,0,0,0,0,0,0,0,0,0,0
sin hogar,-0.5,0,1,0,1,1,1,0,1,0,1
sin igual,0.4,1,0,0,0,0,0,0,0,0,0
sin importancia,-0.5,0,1,0,1,0,0,0,0,0,0
sin inteligencia,-0.4,0,0,0,0,0,0,0,0,0,0
sin nombre,-0.5,0,1,0,0,0,0,0,0,0,1
sin objetivo,-0.5,0,1,0,0,0,0,0,0,0,0
sin par,0.2,0,0,0,0,0,0,0,0,0,0
sin peligro,0.2,0,0,0,0,0,0,0,0,0,0
sin precedentes,0.0,0,0,0,0,0,0,0,0,1,0
sin prisa,0.5,1,0,0,0,0,0,0,0,0,0
sin restricciones,0.5,1,0,1,0,0,0,0,0,0,0
sin sentida,-0.5,0,1,0,1,1,1,0,0,1,1
sin sentido,-0.4,0,1,0,1,1,1,0,0,1,1
sin tacha,0.4,0,0,0,0,0,0,0,0,0,0
sin valor,-0.4,0,1,0,1,1,0,0,0,0,1
sin vida,-0.5,0,1,0,1,0,1,0,0,0,0
sin ánimo,-0.4,0,0,0,0,0,0,0,0,0,0
sincera,0.4,0,0,0,0,0,0,0,0,0,0
sinceramente,0.4,1,0,1,0,0,0,0,0,0,0
sinceridad,0.4,1,0,0,0,0,0,0,0,0,0
sincero,0.4,1,0,1,0,0,0,1,1,1,0
sincronizar,0.5,1,0,1,0,0,0,1,1,1,0
sinfonía,0.5,1,0,1,0,0,0,0,1,0,0
singleminded,-0.4,0,0,0,0,0,0,0,0,0,0
siniestro,-0.5,0,1,0,0,1,1,0,0,0,1
sinvergüenza,-0.5,0,1,0,0,1,1,1,0,0,1
sinérgico,0.5,1,0,0,0,0,0,1,0,0,0
sinónimo,0.0,1,1,0,0,0,1,1,0,0,0
sirena,-0.5,0,1,0,0,0,1,0,0,0,0
sistema,0.0,0,0,0,0,0,0,1,0,0,0
situación,-0.5,0,1,0,1,0,1,0,1,0,1
slickest,0.4,0,0,0,0,0,0,0,0,0,0
smiled,0.4,0,0,0,0,0,0,0,0,0,0
smo,0.5,1,0,1,0,0,0,1,1,1,0
snob,-0.5,0,1,0,0,0,0,0,0,0,0
snubbing,-0.4,0,0,0,0,0,0,0,0,0,0
soberano,0.0,0,0,0,0,0,0,1,0,0,0
soberbia,0.5,1,0,0,0,0,0,0,0,0,0
soberbio,0.5,1,0,0,0,0,0,0,0,0,0
soborna,-0.6,0,0,0,0,0,0,0,0,0,0
soborno,-0.6,0,1,0,0,0,0,0,0,0,1
sobrecarga,-0.2,0,1,0,1,0,0,0,0,0,0
sobrecargar,-0.4,0,1,0,0,0,0,0,0,0,0
sobredosis,-0.5,0,1,0,0,0,0,0,0,0,0
sobreestimar,0.0,0,0,0,0,0,0,0,0,1,0
sobrehumano,0.5,1,0,0,0,0,0,0,0,0,0
sobrepesa,-0.2,0,0,0,0,0,0,0,0,0,0
sobrepeso,-0.2,0,0,0,0,0,0,0,0,0,0
sobrereacciona,-0.4,0,0,0,0,0,0,0,0,0,0
sobrereaccionar,-0.4,0,0,0,0,0,0,0,0,0,0
sobrerreacción,-0.4,0,0,0,0,0,0,0,0,0,0
sobresalir,0.5,1,0,1,0,0,0,1,1,1,0
sobresimplifica,-0.4,0,0,0,0,0,0,0,0,0,0
sobresimplificación,-0.4,0,0,0,0,0,0,0,0,0,0
sobrestimada,-0.5,0,1,0,0,0,0,0,0,0,0
sobrestimado,-0.5,0,1,0,0,0,0,0,0,0,0
sobrevalorada,-0.5,0,1,0,1,1,0,0,0,0,1
sobrevalorado,-0.5,0,1,0,1,1,0,0,0,0,1
sobreviviente,0.4,0,0,0,0,0,0,0,0,0,0
sobrevivir,0.5,1,0,0,0,0,0,0,0,0,0
sobrevivió,0.4,0,0,0,0,0,0,0,0,0,0
sobriedad,0.5,1,0,0,0,0,0,1,0,0,0
socava,-0.4,0,0,0,0,0,0,0,0,0,0
socavada,-0.5,0,1,0,0,0,0,0,0,0,0
socavado,-0.5,0,1,0,0,0,0,0,0,0,0
socavar,-0.4,0,0,0,0,0,0,0,0,0,0
sociable,0.5,1,0,0,0,0,0,0,0,0,0
socialismo,0.0,0,0,0,0,0,1,0,0,0,1
socialista,-0.5,0,1,0,1,1,1,0,0,0,1
sociedad,0.5,1,0,0,0,0,0,1,0,0,0
sofisticada,0.4,0,0,0,0,0,0,0,0,0,0
sofisticado,0.4,0,0,0,0,0,0,0,0,0,0
sofocada,-0.2,0,1,0,1,1,1,0,0,0,0
sofocado,-0.2,0,1,0,1,1,1,0,0,0,0
sofocante,-0.5,0,1,0,1,0,1,0,0,0,1
sofocar,-0.5,0,1,0,0,0,0,0,0,0,0
sofá,0.0,0,0,0,1,0,0,0,0,0,0
sol,0.4,1,0,1,0,0,0,0,0,0,0
sola,-0.4,0,0,0,0,0,0,0,0,0,0
solapa,-0.5,0,1,0,0,0,0,0,0,0,0
soldada,0.5,1,0,0,1,1,0,0,0,0,0
soldado,0.5,1,0,0,1,1,0,0,0,0,0
soleada,0.5,1,0,1,0,0,0,0,1,1,0
soleado,0.5,1,0,1,0,0,0,0,1,1,0
soledad,-0.5,0,1,0,1,0,1,0,0,0,0
solemne,-0.2,0,0,0,0,0,0,0,0,0,0
solicitante,0.0,0,0,0,0,0,0,0,1,0,0
solidaridad,0.4,0,0,0,0,0,0,1,0,0,0
solidez,0.5,1,0,0,0,0,0,1,0,0,0
solitaria,-0.4,0,0,0,0,0,0,0,0,0,0
solitario,-0.4,0,1,0,1,1,1,0,0,0,1
sollozo,-0.5,0,1,0,1,0,0,0,0,0,0
solo,-0.4,0,0,0,0,0,0,0,0,0,0
soltar,-0.2,0,0,0,0,0,0,0,0,0,0
solterona,-0.5,0,1,0,1,0,1,0,0,0,0
soluciones,0.2,0,0,0,0,0,0,0,0,0,0
solución,0.2,1,0,0,0,0,0,0,0,0,0
solvencia,0.5,1,0,1,0,0,0,1,1,0,0
sombreada,-0.5,0,1,0,0,0,1,0,0,0,0
sombreado,-0.5,0,1,0,0,0,1,0,0,0,0
sombría,-0.4,0,0,0,0,0,0,0,0,0,0
sombrío,-0.4,0,1,0,1,0,0,0,0,0,0
sometida,-0.5,0,1,0,1,0,0,0,0,0,0
sometido,-0.5,0,1,0,1,0,0,0,0,0,0
somnolencia,-0.5,0,1,0,0,0,0,0,0,0,0
somorgujo,-0.5,0,1,0,0,0,0,0,0,0,1
somático,-0.5,0,1,0,0,0,0,0,0,1,0
sonar,0.5,1,0,0,0,0,0,0,1,0,0
sonata,0.5,1,0,0,0,0,0,0,0,0,0
sondear,0.5,1,0,0,0,0,0,0,0,0,0
soneto,0.5,1,0,1,1,0,0,0,0,0,0
sonoro,0.5,1,0,1,0,0,0,0,0,0,0
sonreír,0.4,1,0,1,0,0,0,1,0,1,0
sonriente,0.4,1,0,1,0,0,0,0,0,0,0
sonrisa afectada,-0.5,0,1,0,0,0,0,0,0,0,0
sonrisas,0.4,0,0,0,0,0,0,0,0,0,0
sonrojo,-0.5,0,1,0,0,0,0,0,0,0,0
sopa,0.5,1,0,0,0,0,0,0,0,0,0
sopa de pescada,0.5,1,0,0,0,0,0,0,0,0,0
sopa de pescado,0.5,1,0,0,0,0,0,0,0,0,0
soplador,-0.5,0,1,0,0,0,0,0,0,0,0
soportada,0.4,1,0,0,0,0,0,0,0,0,0
soportado,0.4,1,0,0,0,0,0,0,0,0,0
soportar,0.5,1,0,0,0,0,0,0,0,0,0
soportes,0.4,0,0,0,0,0,0,0,0,0,0
sorda,-0.5,0,1,0,0,0,0,0,0,0,0
sordo,-0.5,0,1,0,0,0,0,0,0,0,0
sorprende,0.4,0,0,0,0,0,0,0,0,0,0
sorprendente,0.0,0,0,0,0,0,0,0,0,1,0
sorprendentemente,0.5,1,0,0,0,0,0,0,0,0,0
sorprendentes,0.5,1,0,0,0,0,0,0,0,0,0
sorprendida,-0.4,0,0,0,0,0,0,0,0,1,0
sorprendido,-0.4,0,0,0,0,0,0,0,0,1,0
sorpresa,0.5,1,0,1,0,0,1,0,0,1,0
sosegada,0.4,1,0,0,0,0,0,0,0,0,0
sosegado,0.4,1,0,0,0,0,0,0,0,0,0
sospecha,-0.2,0,1,0,0,0,1,0,0,0,0
sospechanda,-0.2,0,0,0,0,0,0,0,0,0,0
sospechando,-0.2,0,0,0,0,0,0,0,0,0,0
sospechar,-0.2,0,1,0,0,0,1,0,0,0,0
sospechoso,0.0,0,0,0,0,0,0,0,0,1,0
sospechosos,-0.2,0,0,0,0,0,0,0,0,0,0
sostenible,0.5,1,0,0,0,0,0,0,0,0,0
spa,0.5,1,0,1,0,0,0,1,1,1,0
spammer,-0.6,0,0,0,0,0,0,0,0,0,0
spammers,-0.6,0,0,0,0,0,0,0,0,0,0
spamming,-0.4,0,0,0,0,0,0,0,0,0,0
spaniel,0.5,1,0,1,0,0,0,1,0,0,0
squelched,-0.2,0,0,0,0,0,0,0,0,0,0
staccato,0.5,1,0,0,0,0,0,0,0,0,0
suavidad,0.5,1,0,0,0,0,0,0,0,0,0
subasta,0.0,0,0,0,0,0,0,0,1,0,0
subestimaciones,-0.2,0,0,0,0,0,0,0,0,0,0
subestimada,-0.2,0,0,0,0,0,0,0,0,0,0
subestimado,-0.2,0,0,0,0,0,0,0,0,0,0
subestimar,-0.2,0,0,0,0,0,0,0,0,1,0
subito,0.0,0,0,0,0,0,0,0,0,1,0
sublimación,0.5,1,0,1,0,0,0,0,0,0,0
subordinar,-0.5,0,1,0,0,0,1,0,0,0,0
subrayar,0.5,1,0,0,0,0,0,0,0,0,0
subsidios,0.2,0,0,0,0,0,0,0,0,0,0
subsiguiente,0.5,1,0,1,0,0,0,1,1,0,0
subsistir,-0.5,0,1,0,0,0,0,0,0,0,0
subvención,-0.5,0,1,0,0,1,0,0,0,0,1
subversiva,-0.4,0,0,0,0,0,0,0,0,0,0
subversivo,-0.4,0,1,0,0,1,0,0,0,1,0
subversión,-0.5,0,1,0,0,1,1,0,0,0,0
subvertir,-0.5,0,1,0,1,0,1,0,0,0,1
subyugación,-0.5,0,1,0,1,1,1,0,0,0,1
sucia,-0.4,0,0,0,0,0,0,0,0,0,0
suciedad,-0.4,0,1,0,0,0,0,0,0,0,1
sucinto,0.5,1,0,0,0,0,0,0,0,0,0
sucio,-0.4,0,1,0,0,0,0,0,0,0,1
suculento,0.0,1,1,0,0,0,0,0,0,0,0
sucumbir,-0.5,0,1,0,0,0,0,0,0,0,0
sudario,0.0,0,0,0,1,0,0,0,0,0,0
sudor,0.0,0,0,0,0,0,1,0,0,0,0
suelo,-0.5,0,1,0,0,0,0,1,0,0,1
suelta,-0.6,0,0,0,0,0,0,0,0,0,0
suelto,-0.6,0,0,0,0,0,0,0,0,0,0
suero,0.5,1,0,0,0,0,0,0,0,0,0
suerte,0.6,1,0,1,0,0,0,0,1,1,0
sueña,0.2,0,0,0,0,0,0,0,0,0,0
sueño,0.2,0,0,0,0,0,0,0,0,0,0
sueños,0.2,0,0,0,0,0,0,0,0,0,0
suficiencia,0.5,1,0,0,0,0,0,0,0,0,0
suficiente,-0.4,0,0,0,0,0,0,0,0,0,0
sufre,-0.4,0,0,0,0,0,0,0,0,0,0
sufrimienta,-0.4,0,0,0,0,0,0,0,0,0,0
sufrimiento,-0.4,0,1,0,1,0,1,0,0,0,1
sufrir,-0.4,0,1,0,0,0,0,0,0,0,0
sugerir,0.0,0,0,0,0,0,0,1,0,0,0
suicida,-0.4,0,1,0,1,1,1,0,0,0,1
suicidia,-0.4,0,0,0,0,0,0,0,0,0,0
suicidio,-0.4,0,1,0,1,1,1,0,0,0,0
sujeción,-0.5,0,1,0,0,0,0,0,0,0,0
sultán,0.0,0,0,0,0,0,1,0,0,0,0
sumador,-0.5,0,1,0,1,1,1,0,0,0,1
sumergir,0.0,0,0,0,0,0,0,0,1,0,0
sumergirse,0.5,1,0,1,0,0,1,1,1,1,0
sumidero,0.0,0,0,0,0,0,0,0,0,0,1
suministro,0.5,1,0,0,0,0,0,0,0,0,0
suministros,0.5,1,0,0,0,0,0,0,0,0,0
superar a,0.4,0,0,0,0,0,0,0,0,0,0
superestrella,0.5,1,0,1,0,0,0,1,0,0,0
superficial,-0.5,0,1,0,0,0,0,0,0,0,0
superfluo,-0.5,0,1,0,0,0,0,0,0,0,0
superhombre,0.5,1,0,1,0,0,0,1,0,0,0
superior,0.4,1,0,0,0,0,0,0,0,0,0
superioridad,0.5,1,0,0,0,0,0,0,0,0,0
supersticioso,-0.5,0,1,0,0,0,1,0,1,0,0
superstición,0.0,1,1,0,0,0,1,0,0,0,0
supremacía,0.0,1,1,1,0,1,1,1,1,1,0
supremamente,0.5,1,0,0,0,0,0,0,0,0,0
supremo,0.5,1,0,0,0,0,0,0,0,0,0
supresión,-0.5,0,1,0,0,1,1,0,0,0,1
surco,0.0,0,0,0,1,0,0,0,0,0,0
susceptible,-0.5,0,1,0,0,0,0,0,0,0,0
suscribir,0.5,1,0,0,0,0,0,1,1,0,0
suspender,-0.2,0,0,0,0,0,0,0,0,0,0
suspendida,-0.2,0,0,0,0,0,0,0,0,0,0
suspendido,-0.2,0,0,0,0,0,0,0,0,0,0
suspensión,-0.5,0,1,0,0,0,1,0,0,0,0
suspenso,0.0,0,0,0,0,0,1,0,1,1,0
suspicaz,-0.4,0,1,0,0,1,0,0,1,0,0
suspira,-0.4,0,0,0,0,0,0,0,0,0,0
suspiro,-0.4,0,0,0,0,0,0,0,0,0,0
susta,-0.4,0,0,0,0,0,0,0,0,0,0
sustancia,0.5,1,0,0,0,0,0,0,0,0,0
sustancial,0.2,0,0,0,0,0,0,0,0,0,0
sustancialmente,0.2,0,0,0,0,0,0,0,0,0,0
sustantivo,0.5,1,0,0,0,0,0,0,0,0,0
sustituto,0.0,0,0,0,0,0,0,1,0,0,0
susto,-0.4,0,1,0,0,1,1,0,1,1,0
sustraer,-0.5,0,1,0,0,0,0,0,0,0,0
séptico,-0.5,0,1,0,0,0,0,0,0,0,1
sí,0.2,1,0,0,0,0,0,0,0,0,0
síncope,-0.5,0,1,0,1,0,1,0,0,1,0
sínoda,0.5,1,0,0,0,0,0,1,0,0,0
sínodo,0.5,1,0,0,0,0,0,1,0,0,0
síntoma,-0.5,0,1,0,0,0,0,0,0,0,0
síntomas,-0.5,0,1,0,0,0,0,0,0,0,0
sólida,0.4,1,0,0,0,0,0,0,0,0,0
sólido,0.4,1,0,0,0,0,0,0,0,0,0
sórdida,-0.5,0,1,0,1,1,1,0,0,0,1
sórdido,-0.5,0,1,0,1,1,1,0,0,0,1
súper,0.6,0,0,0,0,0,0,0,0,0,0
súplica,0.5,1,0,0,0,0,0,1,0,0,0
tabaco,-0.5,0,1,0,0,0,0,0,0,0,0
tablero,0.0,0,0,0,0,0,0,0,1,0,0
tabular,0.0,0,0,0,0,0,0,0,1,0,0
tabú,-0.5,0,1,0,0,0,1,0,0,0,1
tacaña,-0.4,0,0,0,0,0,0,0,0,0,0
tacaño,-0.4,0,1,0,1,1,1,0,0,0,1
tacto,0.5,1,0,0,0,0,0,0,0,0,0
tacón,-0.5,0,1,0,0,0,0,0,0,0,0
tajo,-0.5,0,1,0,0,0,1,0,0,0,0
tal vez,0.0,0,0,0,0,0,0,0,0,1,0
talento,0.5,1,0,0,0,0,0,0,0,0,0
talismán,0.5,1,0,0,0,0,0,0,0,0,0
tallo,-0.5,0,1,0,0,0,1,0,0,0,0
tambalear,0.0,0,0,0,0,0,0,0,0,1,0
tamborileo,-0.5,0,1,0,0,1,0,0,0,0,0
tapas,0.4,0,0,0,0,0,0,0,0,0,0
tard,-0.4,0,0,0,0,0,0,0,0,0,0
tardanza,-0.5,0,1,0,0,0,0,0,0,0,0
tardío,-0.5,0,1,0,0,0,0,0,0,0,0
tarea,0.5,1,0,0,0,0,0,0,0,0,0
tarta de queso,-0.5,0,1,0,0,0,0,0,0,0,0
taxi,0.5,1,0,0,0,0,0,0,0,0,0
teatro,0.5,1,0,1,0,0,0,0,0,0,0
tecnología,0.5,1,0,0,0,0,0,0,0,0,0
tedia,-0.4,0,0,0,0,0,0,0,0,0,0
tedio,-0.4,0,1,0,0,0,0,0,0,0,0
tedioso,-0.5,0,1,0,0,0,0,0,0,0,0
tejón,-0.5,0,1,0,0,1,0,0,0,0,0
telar,-0.2,0,1,0,0,0,1,0,1,0,0
telares,-0.2,0,0,0,0,0,0,0,0,0,0
tema,-0.5,0,1,0,0,0,0,0,0,0,0
temblante,-0.4,0,0,0,0,0,0,0,0,0,0
temblar,-0.5,0,1,0,1,1,1,0,1,0,0
temblor,-0.4,0,1,0,1,1,1,0,1,0,0
temblorosa,-0.4,0,0,0,0,0,0,0,0,0,0
tembloroso,-0.4,0,1,0,0,1,1,0,1,0,0
temeraria,0.4,0,0,0,0,0,0,0,0,0,0
temerario,0.4,0,1,0,0,1,1,0,0,0,0
temerosa,-0.4,0,0,0,0,0,0,0,0,0,0
temeroso,-0.4,0,1,0,1,0,1,0,0,0,0
temible,-0.4,0,0,0,0,0,0,0,0,0,0
temida,-0.4,0,0,0,0,0,0,0,0,0,0
temido,-0.4,0,0,0,0,0,0,0,0,0,0
temienda,-0.4,0,0,0,0,0,0,0,0,0,0
temiendo,-0.4,0,1,0,0,0,1,0,0,0,0
temor,-0.5,0,1,0,0,1,1,0,0,0,0
temperamental,-0.2,0,1,0,1,1,0,0,0,0,0
tempestad,-0.5,0,1,0,1,1,1,0,1,1,0
templada,0.5,1,0,0,0,0,0,1,0,0,0
templado,0.5,1,0,0,0,0,0,1,0,0,0
templanza,0.5,1,0,0,0,0,0,0,0,0,0
tenacidad,0.5,1,0,0,0,0,0,0,0,0,0
tenaz,0.5,1,0,0,0,0,0,0,0,0,0
tendencia,0.5,1,0,0,0,0,0,0,0,0,0
tendero,0.0,0,0,0,0,0,0,1,0,0,0
tendón de la corva,-0.5,0,1,0,1,1,0,0,0,0,0
tenencia,0.5,1,0,0,0,0,0,0,0,0,0
tener cuidada,-0.5,0,1,0,0,0,1,0,1,0,0
tener cuidado,-0.5,0,1,0,0,0,1,0,1,0,0
tener suerte,0.0,0,0,0,0,0,0,0,1,1,0
tener éxito,0.5,1,0,1,0,0,0,1,1,1,0
teniente,0.0,0,0,0,0,0,0,1,0,0,0
tensa,-0.4,0,0,0,0,0,0,0,0,0,0
tensión,-0.2,0,0,0,0,1,0,0,0,0,0
tenso,-0.4,0,1,0,1,1,1,0,0,0,0
tentación,-0.5,0,1,0,0,0,0,0,0,0,0
tentador,0.0,1,1,1,0,0,0,0,1,1,0
teocrático,-0.5,0,1,0,1,1,1,1,0,0,0
teología,0.0,0,0,0,0,0,0,0,1,0,0
teológico,0.0,0,0,0,0,0,0,1,0,0,0
teorema,0.0,0,0,0,0,0,0,1,0,0,0
teoría,0.0,0,0,0,0,0,0,1,1,0,0
terapéutica,0.5,1,0,0,0,0,0,0,0,0,0
terapéutico,0.5,1,0,1,0,0,0,1,0,0,0
terciopelo,0.5,1,0,0,0,0,0,0,0,0,0
terco,0.0,0,0,0,0,1,0,0,0,0,0
tergiversación,-0.4,0,1,0,1,0,0,0,0,0,0
tergiversada,-0.5,0,1,0,0,1,0,0,0,0,0
tergiversado,-0.5,0,1,0,0,1,0,0,0,0,0
terminación,0.0,1,1,1,1,0,0,0,1,0,0
terminal,-0.5,0,1,0,1,0,1,0,0,0,0
terminar,0.0,0,0,0,1,0,0,0,0,0,0
termita,-0.5,0,1,0,0,0,0,0,0,0,1
termómetro,0.0,0,0,0,0,0,0,1,0,0,0
ternera,0.0,0,0,0,1,0,0,1,0,0,0
terremoto,-0.5,0,1,0,1,1,1,0,0,1,0
terrible,-0.6,0,1,0,1,1,1,0,1,1,1
terriblemente,-0.6,0,1,0,1,0,0,0,0,0,0
terror,-0.6,0,1,0,0,0,1,0,0,0,0
terrorismo,-0.5,0,1,0,1,1,1,0,0,0,1
terrorista,-0.5,0,1,0,1,1,1,0,0,1,1
terrón,-0.5,0,1,0,0,0,0,0,0,0,0
tesora,0.4,0,0,0,0,0,0,0,0,0,0
tesorero,0.0,0,0,0,0,0,0,1,0,0,0
tesoro,0.4,1,0,1,0,0,0,1,1,0,0
tesoros,0.4,0,0,0,0,0,0,0,0,0,0
testamento,0.0,0,0,0,0,0,0,1,1,0,0
testigo,0.0,0,0,0,0,0,0,1,0,0,0
testigo ocular,0.0,0,0,0,0,0,0,1,0,0,0
testimonio,0.0,0,0,0,0,0,0,1,0,0,0
teta,-0.5,0,1,0,0,0,0,0,0,0,0
tetas,-0.4,0,0,0,0,0,0,0,0,0,0
teísmo,-0.5,0,1,0,0,0,0,0,0,0,1
teórico,0.5,1,0,0,0,0,0,0,0,0,0
tiburón,-0.5,0,1,0,0,0,0,0,0,0,0
tiempa,-0.4,0,0,0,0,0,0,0,0,0,0
tiempo,-0.4,0,0,0,0,0,0,0,0,0,0
tierra,0.5,1,0,0,0,0,0,0,0,0,0
tierras bajas,-0.5,0,1,0,0,0,0,0,0,0,0
tifón,-0.5,0,1,0,0,0,1,0,0,0,0
timidez,-0.5,0,1,0,0,0,1,0,1,0,0
timorata,-0.4,0,0,0,0,0,0,0,0,0,0
timorato,-0.4,0,0,0,0,0,0,0,0,0,0
tipa,0.4,0,0,0,0,0,0,0,0,0,0
tipo,0.4,1,0,1,0,0,0,1,0,0,0
tira,-0.5,0,1,0,1,0,0,0,0,0,0
tirador,0.0,0,0,0,0,0,1,0,0,0,0
tirano,-0.5,0,1,0,1,1,1,0,0,0,1
tiranía,-0.5,0,1,0,1,0,1,0,0,0,0
tiránico,-0.5,0,1,0,0,1,1,0,0,0,1
tizón,-0.5,0,1,0,0,0,1,0,0,0,1
tocada,-0.5,0,1,0,0,0,0,0,0,0,0
tocado,-0.5,0,1,0,0,0,0,0,0,0,0
todopoderoso,0.5,1,0,0,0,0,0,0,0,0,0
tolerancia,0.5,1,0,0,0,0,0,0,0,0,0
tolerante,0.4,1,0,0,0,0,0,0,0,0,0
tolerar,-0.5,0,1,0,1,1,0,0,0,0,0
tomar represalias,-0.5,0,1,0,0,1,0,0,0,0,0
tonta,-0.6,0,0,0,0,0,0,0,0,0,0
tontas,-0.4,0,0,0,0,0,0,0,0,0,0
tontería,-0.5,0,1,0,0,0,0,0,0,0,0
tonto,-0.6,0,1,1,0,0,0,0,0,0,1
tontos,-0.4,0,0,0,0,0,0,0,0,0,0
topografía,0.5,1,0,0,0,0,0,0,0,0,0
toque de difuntos,-0.5,0,1,0,1,0,1,0,0,0,0
torbellino,-0.5,0,1,0,0,0,1,0,0,0,0
torcida,-0.5,0,1,0,0,0,0,0,0,0,0
torcido,-0.5,0,1,0,0,0,0,0,0,0,0
tormenta,-0.5,0,1,0,0,1,0,0,0,0,0
tormento,-0.5,0,1,0,1,1,1,0,0,0,0
tormentoso,-0.5,0,1,0,0,0,1,0,0,0,0
tornada,0.0,0,0,0,0,0,1,0,0,0,0
tornado,0.0,0,0,0,0,0,1,0,0,0,0
torpe,-0.4,0,1,0,0,0,0,0,0,0,1
torpeda,-0.5,0,1,0,0,1,0,0,0,0,0
torpedo,-0.5,0,1,0,0,1,0,0,0,0,0
torpeza,-0.5,0,1,0,1,0,0,0,0,0,1
torre,0.0,1,1,0,0,1,0,0,0,0,1
torrente,0.0,0,0,0,0,0,1,0,0,0,0
tortazo,-0.5,0,1,0,0,1,0,0,0,0,0
tortuoso,-0.5,0,1,0,0,1,0,0,0,0,1
tortura,-0.8,0,1,0,1,1,1,0,1,0,1
torturada,-0.8,0,0,0,0,0,0,0,0,0,0
torturado,-0.8,0,0,0,0,0,0,0,0,0,0
torturas,-0.8,0,0,0,0,0,0,0,0,0,0
torunda,-0.5,0,1,0,0,0,0,0,0,0,0
tos,-0.5,0,1,0,0,0,0,0,0,0,1
tos ferina,-0.5,0,1,0,0,0,0,0,0,0,0
totalitaria,-0.4,0,0,0,0,0,0,0,0,0,0
totalitario,-0.4,0,0,0,0,0,0,0,0,0,0
totalitarisma,-0.4,0,0,0,0,0,0,0,0,0,0
totalitarismo,-0.4,0,0,0,0,0,0,0,0,0,0
toxina,-0.5,0,1,0,0,0,1,0,0,0,0
trabajada,-0.5,0,1,0,1,0,0,0,0,0,0
trabajado,-0.5,0,1,0,1,0,0,0,0,0,0
trabajando,0.5,1,0,0,0,0,0,0,0,0,0
trabajo,0.5,1,0,0,0,0,0,0,0,0,0
trabajo penoso,-0.5,0,1,0,0,0,0,0,0,0,0
trabajo preparatorio,0.5,1,0,0,0,0,0,0,0,0,0
trabas,-0.5,0,1,0,0,0,0,0,0,0,0
tracto,0.0,0,0,0,0,0,1,0,0,0,0
tradicional,0.5,1,0,0,0,0,0,0,0,0,0
traducción,0.0,0,0,0,0,0,0,1,0,0,0
tragedia,-0.4,0,1,0,1,0,1,0,0,0,0
trago,-0.5,0,1,0,0,0,1,0,0,1,1
tragona,-1.0,0,0,0,0,0,0,0,0,0,0
traiciona,-0.6,0,0,0,0,0,0,0,0,0,0
traicionada,-0.6,0,0,0,0,0,0,0,0,0,0
traicionado,-0.6,0,0,0,0,0,0,0,0,0,0
traicionar,-0.6,0,1,0,1,1,0,0,0,1,1
traicionera,-0.6,0,0,0,0,0,0,0,0,0,0
traicionero,-0.6,0,1,0,0,1,1,0,0,0,1
traición,-0.6,0,1,0,1,1,1,0,0,1,1
traidor,-0.5,0,1,0,1,1,1,0,0,0,1
tramada,-0.4,0,0,0,0,0,0,0,0,0,0
tramado,-0.4,0,0,0,0,0,0,0,0,0,0
trampa,-0.2,0,1,0,1,1,1,0,0,1,1
trampas,-0.5,0,1,0,0,0,0,0,0,0,0
tramposa,-0.6,0,0,0,0,0,0,0,0,0,0
tramposo,-0.6,0,0,0,0,0,0,0,0,0,0
tramposos,-0.6,0,0,0,0,0,0,0,0,0,0
trance,-0.5,0,1,0,0,0,0,0,0,0,0
tranquila,0.4,1,0,1,0,0,0,0,0,0,0
tranquilidad,0.5,1,0,1,0,0,0,1,0,0,0
tranquiliza,0.2,0,0,0,0,0,0,0,0,0,0
tranquilizada,0.2,0,0,0,0,0,0,0,0,0,0
tranquilizado,0.2,0,0,0,0,0,0,0,0,0,0
tranquilizador,0.4,0,0,0,0,0,0,0,0,0,0
tranquilizar,0.2,1,0,0,0,0,0,1,0,0,0
tranquilo,0.4,1,0,1,0,0,0,0,0,0,0
transacciones,0.0,0,0,0,0,0,0,1,0,0,0
transacción,0.0,0,0,0,0,0,0,1,0,0,0
transcripción,0.0,0,0,0,0,0,0,1,0,0,0
transgresión,-0.5,0,1,0,0,0,0,0,0,0,0
transicional,0.0,0,0,0,0,0,0,0,1,0,0
transmisión,0.0,0,0,0,0,0,0,1,0,0,0
transpiración,0.0,0,0,0,0,0,0,0,0,0,1
trapacera,-0.6,0,0,0,0,0,0,0,0,0,0
trapacero,-0.6,0,0,0,0,0,0,0,0,0,0
trascendencia,0.5,1,0,1,0,0,0,1,1,1,0
trascendental,0.5,1,0,0,0,0,0,0,0,0,0
traste,-0.5,0,1,0,0,0,1,0,0,0,0
trastorna,-0.4,0,0,0,0,0,0,0,0,0,0
trastornada,-0.4,0,1,0,1,1,1,0,0,0,1
trastornado,-0.4,0,1,0,1,1,1,0,0,0,1
trastornador,-0.4,0,0,0,0,0,0,0,0,0,0
trastorno,-0.4,0,1,0,0,0,1,0,0,0,0
trastornos,-0.4,0,0,0,0,0,0,0,0,0,0
tratar,0.0,1,1,1,1,1,1,1,1,1,1
trauma,-0.6,0,0,0,0,0,0,0,0,0,0
traumática,-0.6,0,0,0,0,0,0,0,0,0,0
traumático,-0.6,0,1,0,1,1,1,0,0,0,0
travesura,-0.2,0,1,0,0,0,0,0,0,0,0
travieso,-0.5,0,1,0,0,0,0,0,0,0,0
treasonous,-0.6,0,0,0,0,0,0,0,0,0,0
tregua,0.5,1,0,1,0,0,0,1,0,0,0
tremendamente,0.5,1,0,0,0,0,0,0,0,0,0
tremendo,-0.5,0,1,0,0,1,1,0,0,0,0
trepador,-0.5,0,1,0,0,0,0,0,0,0,0
tribu,0.0,0,0,0,0,0,0,1,0,0,0
tribulación,-0.5,0,1,0,1,0,1,0,0,0,0
tribuna,0.0,0,0,0,0,0,0,1,0,0,0
tribunal,-0.5,0,1,0,0,0,1,1,1,0,1
tributo,0.5,1,0,0,0,0,0,0,0,0,0
trigonometría,0.5,1,0,0,0,0,0,0,0,0,0
trillar,-0.5,0,1,0,1,1,1,0,0,0,0
tripas,0.5,1,0,0,0,0,0,0,0,0,0
triste,-0.4,0,1,0,1,1,1,0,0,0,1
tristemente,-0.4,0,1,0,1,0,0,0,0,0,0
tristeza,-0.5,0,1,0,1,0,0,1,0,0,0
triunfa,0.8,0,0,0,0,0,0,0,0,0,0
triunfante,0.8,1,0,1,0,0,0,1,1,0,0
triunfo,0.8,1,0,1,0,0,0,0,1,1,0
trofeo,0.5,1,0,1,0,0,0,1,1,1,0
troll,-0.5,0,1,0,0,1,1,0,0,0,0
trompeta,-0.5,0,1,0,0,0,0,0,0,0,0
trompeteo,0.5,1,0,1,0,0,0,0,1,1,0
trono,0.5,1,0,0,0,0,0,1,0,0,0
tropezar,-0.5,0,1,0,1,1,0,0,0,0,0
tropezón,-0.5,0,1,0,0,0,0,0,0,0,0
trozo,0.0,0,0,0,0,0,0,0,0,0,1
truco,-0.5,0,1,0,0,0,0,0,0,1,0
trágica,-0.4,0,0,0,0,0,0,0,0,0,0
trágico,-0.4,0,1,0,0,0,0,0,0,0,0
trémula,-0.4,0,0,0,0,0,0,0,0,0,0
trémulo,-0.4,0,0,0,0,0,0,0,0,0,0
tuguria,-0.2,0,0,0,0,0,0,0,0,0,0
tugurio,-0.2,0,0,0,0,0,0,0,0,0,0
tumba,-0.4,0,1,0,1,0,1,0,0,0,0
tumor,-0.4,0,1,0,1,0,1,0,0,0,0
tumulto,-0.5,0,1,0,0,1,1,0,0,1,0
tumultuoso,-0.5,0,1,0,0,1,1,0,0,0,0
turbio,-0.5,0,1,0,1,0,0,0,0,0,1
turbulencia,-0.5,0,1,0,0,1,1,0,0,0,0
turbulento,-0.5,0,1,0,0,0,1,0,0,0,0
tutela,0.5,1,0,0,0,0,0,1,0,0,0
tutor,0.5,1,0,0,0,0,0,0,0,0,0
táctica,0.0,0,0,0,0,0,1,1,0,0,0
tándem,0.0,0,0,0,0,0,0,1,0,0,0
tétanos,-0.5,0,1,0,0,0,0,0,0,0,1
tía,0.5,1,0,0,0,0,0,1,0,0,0
tímida,-0.4,0,1,0,1,0,1,0,0,0,0
tímido,-0.4,0,1,0,1,0,1,0,0,0,0
título,0.5,1,0,0,0,0,0,1,0,0,0
tórrida,-0.5,0,1,0,0,0,0,0,0,0,0
tórrido,-0.5,0,1,0,0,0,0,0,0,0,0
tóxico,-0.5,0,1,0,0,0,0,0,0,0,1
túnica,-0.4,0,0,0,0,0,0,0,0,0,0
ujier,0.5,1,0,0,0,0,0,1,0,0,0
ulterior,-0.5,0,1,0,0,0,0,0,0,0,0
ultimátum,-0.5,0,1,0,0,1,1,0,0,0,0
ulular,-0.5,0,1,0,0,1,0,0,0,0,1
una vez en la vida,0.6,0,0,0,0,0,0,0,0,0,0
unanimidad,0.5,1,0,0,0,0,0,0,0,0,0
ungüento,0.5,1,0,0,0,0,0,0,0,0,0
unida,0.2,1,1,0,0,0,0,1,0,0,0
unidad,0.5,1,0,0,0,0,0,1,0,0,0
unido,0.2,1,1,0,0,0,0,1,0,0,0
unificación,0.5,1,0,1,0,0,0,1,1,0,0
unificada,0.2,0,0,0,0,0,0,0,0,0,0
uniformemente,0.5,1,0,0,0,0,0,0,0,0,0
unir,0.5,1,0,0,0,0,0,0,1,0,0
unirse,0.2,1,0,0,0,0,0,0,0,0,0
unitario,0.5,1,0,0,0,0,0,0,0,0,0
universidad,0.5,1,0,0,0,0,0,0,1,0,0
unresearched,-0.4,0,0,0,0,0,0,0,0,0,0
unánime,0.5,1,0,0,0,0,0,0,0,0,0
unísono,0.5,1,0,0,0,0,0,0,0,0,0
urgencia,0.0,0,0,0,0,0,1,0,1,1,0
urgente,-0.2,0,1,0,0,0,1,0,1,1,0
urna,0.0,0,0,0,1,0,0,0,0,0,0
usual,0.5,1,0,0,0,0,0,1,0,0,0
usura,-0.5,0,1,0,0,0,0,0,0,0,0
usurpada,-0.5,0,1,0,0,1,1,0,0,0,0
usurpado,-0.5,0,1,0,0,1,1,0,0,0,0
usurpar,-0.5,0,1,0,0,1,0,0,0,0,0
utilidad,0.4,1,0,0,0,0,0,0,0,0,0
utilización de tazas,-0.5,0,1,0,1,0,1,0,0,0,1
utópico,0.5,1,0,1,0,0,0,1,1,0,0
vacaciones,0.5,1,0,1,0,0,0,0,1,0,0
vacante,-0.5,0,1,0,0,0,0,0,0,0,0
vacilación,-0.5,0,1,0,0,0,1,0,0,0,0
vacilante,-0.4,0,1,0,1,0,1,0,0,0,0
vacilar,-0.4,0,1,0,0,0,1,0,0,0,0
vacuna,0.5,1,0,0,0,0,0,0,0,0,0
vacía,-0.2,0,0,0,0,0,0,0,0,0,0
vacío,-0.2,0,1,0,1,0,0,0,0,0,1
vaga,-0.4,0,0,0,0,0,0,0,0,0,0
vagabunda,-0.5,0,1,0,1,0,1,0,0,0,1
vagabundo,-0.5,0,1,0,1,0,1,0,0,0,1
vago,-0.4,0,1,0,0,0,0,0,0,0,0
vaguedad,-0.5,0,1,0,0,0,0,0,0,0,0
vale,0.0,0,0,0,0,0,0,1,0,0,0
valentía,0.5,1,0,0,0,0,0,0,0,0,0
valida,0.2,0,0,0,0,0,0,0,0,0,0
validada,0.2,0,0,0,0,0,0,0,0,0,0
validado,0.2,0,0,0,0,0,0,0,0,0,0
validar,0.2,0,0,0,0,0,0,0,0,0,0
validez,0.0,0,0,0,0,0,1,0,0,0,0
valiente,0.4,1,0,0,0,0,1,0,0,0,0
valientemente,0.4,0,0,0,0,0,0,0,0,0,0
valioso,0.5,1,0,0,0,0,0,0,0,0,0
valor,0.4,1,0,0,0,0,0,1,0,0,0
valores,0.0,0,0,0,0,0,0,1,0,0,0
vampiro,-0.5,0,1,0,0,1,1,0,0,0,1
vana,-0.4,0,0,0,0,0,0,0,0,0,0
vanamente,-0.5,0,1,0,1,0,0,0,0,0,1
vanguardia,0.5,1,0,0,0,0,0,0,0,0,0
vanidad,-0.5,0,1,0,0,0,0,0,0,0,0
vano,-0.4,0,1,0,0,1,0,0,0,0,1
varada,-0.5,0,1,0,0,0,0,0,0,0,0
varado,-0.5,0,1,0,0,0,0,0,0,0,0
variable,0.0,0,0,0,0,0,0,0,0,1,0
varicela,-0.5,0,1,0,1,0,1,0,0,0,1
varicoso,-0.5,0,1,0,0,0,0,0,0,0,0
varonil,0.5,1,0,0,0,0,0,0,0,0,0
vda,0.0,0,0,0,1,0,0,0,0,0,0
vdo,0.0,0,0,0,1,0,0,0,0,0,0
vecino,0.5,1,0,0,0,0,0,1,1,0,0
vegetativo,-0.5,0,1,0,1,0,0,0,0,0,1
vehemente,-0.5,0,1,0,0,1,1,0,0,0,0
veintiuna,-0.5,0,1,0,0,0,0,0,0,0,0
vejación,-0.4,0,0,0,0,0,0,0,0,0,0
velloso,0.5,1,0,0,0,0,0,0,0,0,0
vencer a,0.5,1,0,0,0,0,0,0,0,0,0
vencida,-0.4,0,0,0,0,0,0,0,0,0,0
vencido,-0.4,0,0,0,0,0,0,0,0,0,0
venda,0.0,0,0,0,0,0,1,0,1,1,0
vendetta,-0.5,0,1,0,1,1,1,0,0,0,0
vendible,0.5,1,0,0,0,0,0,0,0,0,0
venena,-0.4,0,0,0,0,0,0,0,0,0,0
veneno,-0.4,0,1,0,1,1,1,0,0,0,1
venenos,-0.4,0,0,0,0,0,0,0,0,0,0
venenoso,-0.5,0,1,0,1,1,1,0,0,0,1
venerable,0.5,1,0,1,0,0,0,1,1,0,0
veneración,0.5,1,0,0,0,0,0,0,0,0,0
vengador,-0.5,0,1,0,0,1,0,0,0,0,0
venganza,-0.4,0,1,0,1,1,1,0,1,1,0
vengativa,-0.4,0,0,0,0,0,0,0,0,0,0
vengativo,-0.4,0,1,0,0,1,1,0,0,0,1
ventaja,0.4,1,0,0,0,0,0,0,0,0,0
ventajas,0.4,0,0,0,0,0,0,0,0,0,0
ventajoso,0.5,1,0,0,0,0,0,0,0,0,0
ventilador,0.6,0,0,0,0,0,0,0,0,0,0
ventosa,-0.5,0,1,0,0,1,0,0,0,0,0
veracidad,0.5,1,0,1,0,0,0,1,1,1,0
veraz,0.0,0,0,0,0,0,0,1,0,0,0
verbosidad,-0.5,0,1,0,0,0,0,0,0,0,0
verdad,0.5,1,0,0,0,0,0,1,0,0,0
verdadero,0.5,1,0,0,0,0,0,0,0,0,0
verde,0.5,1,0,1,0,0,0,1,0,0,0
verdugo,-0.5,0,1,0,1,1,1,0,0,0,0
veredicta,-0.2,0,0,0,0,0,0,0,0,0,0
veredicto,-0.2,0,0,0,0,0,1,0,0,0,0
veredictos,-0.2,0,0,0,0,0,0,0,0,0,0
vergonzosa,-0.4,0,0,0,0,0,0,0,0,0,0
vergonzoso,-0.4,0,1,0,1,1,0,0,0,0,1
vergüenza,-0.4,0,1,0,1,0,1,0,0,1,1
verificación,0.5,1,0,0,0,0,0,1,0,0,0
verificada,0.5,1,0,0,0,0,0,1,0,0,0
verificado,0.5,1,0,0,0,0,0,1,0,0,0
vernal,0.5,1,0,1,0,0,0,0,0,0,0
verruga,-0.5,0,1,0,0,0,0,0,0,0,1
versado en,0.5,1,0,0,0,0,0,0,0,0,0
versus,-0.5,0,1,0,0,1,0,0,0,0,0
vertical,0.5,1,0,0,0,0,0,1,0,0,0
vertiginoso,-0.5,0,1,0,0,0,0,0,0,0,0
vesicular,0.0,0,0,0,0,0,0,0,0,0,1
vestir,0.0,1,1,0,0,0,0,1,0,0,0
vestíbula,-0.4,0,0,0,0,0,0,0,0,0,0
vestíbulo,-0.4,0,0,0,0,0,0,0,0,0,0
veterano,0.5,1,0,0,0,0,0,1,0,0,0
veto,-0.5,0,1,0,0,1,0,0,0,0,0
viaje,0.5,1,0,1,0,0,1,0,1,1,0
vibrante,0.6,0,0,0,0,0,0,0,0,0,0
vicario,0.5,1,0,0,0,0,0,1,0,0,0
vicio,-0.5,0,1,0,0,0,0,0,0,0,0
viciosa,-0.4,0,0,0,0,0,0,0,0,0,0
vicioso,-0.4,0,1,0,0,1,0,0,0,0,1
victimiza,-0.6,0,0,0,0,0,0,0,0,0,0
victimizada,-0.5,0,1,0,1,1,1,0,0,1,1
victimizado,-0.5,0,1,0,1,1,1,0,0,1,1
victimizadora,-0.6,0,0,0,0,0,0,0,0,0,0
victimizar,-0.6,0,0,0,0,0,0,0,0,0,0
victoria,0.5,1,0,1,0,0,0,1,1,0,0
victorias,0.8,0,0,0,0,0,0,0,0,0,0
victoriosa,0.8,0,0,0,0,0,0,0,0,0,0
victorioso,0.8,1,0,1,1,0,0,1,1,1,1
viga,0.5,1,0,0,0,0,0,1,0,0,0
vigilancia,0.0,1,1,0,0,0,1,1,1,1,0
vigilante,0.6,1,0,0,0,0,1,1,0,0,0
vigilia,0.0,0,0,0,0,0,0,0,1,0,0
vigor,0.5,1,0,0,0,0,0,0,0,0,0
vigorizar,0.5,1,0,0,0,0,0,0,0,0,0
vigoroso,0.5,1,0,0,0,0,0,1,0,0,0
vil,-0.6,0,1,0,1,0,1,0,0,1,1
villancico,0.5,1,0,1,0,0,0,1,0,0,0
villano,-0.5,0,1,0,0,1,1,0,0,0,1
vindicación,0.5,1,0,1,0,0,0,1,1,0,0
vindicada,0.4,0,0,0,0,0,0,0,0,0,0
vindicado,0.4,0,0,0,0,0,0,0,0,0,0
vindicar,0.4,0,0,0,0,1,0,0,0,0,0
viniendo,0.0,0,0,0,0,0,0,0,1,0,0
viola,-0.4,0,0,0,0,0,0,0,0,0,0
violación,-0.8,0,1,0,1,1,1,0,0,1,1
violada,-0.4,0,0,0,0,0,0,0,0,0,0
violado,-0.4,0,0,0,0,0,0,0,0,0,0
violador,-0.8,0,0,0,0,0,0,0,0,0,0
violar,-0.4,0,0,0,0,0,0,0,0,0,0
violencia,-0.6,0,1,0,1,1,1,0,0,0,0
violenta,-0.6,0,0,0,0,0,0,0,0,0,0
violentamente,-0.5,0,1,0,1,1,1,0,0,0,1
violento,-0.6,0,1,0,0,1,1,0,0,1,1
viraje,0.0,0,0,0,0,0,1,0,0,1,0
virar,0.0,0,0,0,0,0,1,0,0,1,0
virgen,0.5,1,0,0,0,0,0,1,0,0,0
virginidad,0.5,1,0,0,0,0,0,0,1,0,0
virtud,0.5,1,0,0,0,0,0,1,0,0,0
virtuosa,0.4,0,0,0,0,0,0,0,0,0,0
virtuoso,0.4,1,0,1,0,0,0,1,0,0,0
virulencia,-0.5,0,1,0,0,1,1,0,0,0,0
virulenta,-0.4,0,0,0,0,0,0,0,0,0,0
virulento,-0.4,0,0,0,0,0,0,0,0,0,0
virus,-0.5,0,1,0,0,0,0,0,0,0,0
visera,0.0,0,0,0,0,0,0,0,1,1,0
visionaria,0.6,0,0,0,0,0,0,0,0,0,0
visionario,0.6,1,0,1,0,0,0,1,1,0,0
visiones,0.2,0,0,0,0,0,0,0,0,0,0
visitación,-0.5,0,1,0,0,0,0,0,0,0,0
visitante,0.5,1,0,1,0,0,0,0,1,0,0
visitar,0.5,1,0,0,0,0,0,0,0,0,0
visión,0.2,1,0,0,0,0,0,0,1,0,0
vital,0.5,1,0,0,0,0,0,0,0,0,0
vitalidad,0.6,1,0,1,0,0,0,1,0,0,0
vitamina,0.2,0,0,0,0,0,0,0,0,0,0
vitriólica,-0.6,0,0,0,0,0,0,0,0,0,0
vitriólico,-0.6,0,0,0,0,0,0,0,0,0,0
viuda,-0.2,0,0,0,1,0,0,0,0,0,0
viudo,-0.2,0,0,0,1,0,0,0,0,0,0
viva,0.2,1,0,1,0,0,0,1,1,0,0
vivaz,0.6,1,0,1,0,0,0,0,0,0,0
vocabulario,0.5,1,0,0,0,0,0,0,0,0,0
vociferante,-0.2,0,0,0,0,0,0,0,0,0,0
volador,0.5,1,0,0,0,0,1,0,0,0,0
volante fruncida,-0.5,0,1,0,0,0,0,0,0,0,0
volante fruncido,-0.5,0,1,0,0,0,0,0,0,0,0
volatilidad,-0.5,0,1,0,0,1,1,0,1,1,0
volcán,-0.5,0,1,0,0,0,1,0,0,1,0
voluble,-0.5,0,1,0,0,0,0,0,0,0,0
volumen,-0.5,0,1,0,0,1,0,0,0,0,0
voluntario,0.5,1,0,1,0,0,1,1,1,0,0
voluntarios,0.0,0,0,0,0,0,0,1,0,0,0
voluntarioso,-0.5,0,1,0,1,1,0,0,0,0,0
voluptuoso,0.5,1,0,1,0,0,0,0,1,0,0
vomitar,-0.5,0,1,0,0,0,0,0,0,0,1
voraz,-0.5,0,1,0,1,1,1,0,0,0,0
votación,0.5,1,0,0,0,0,0,1,1,0,0
votar,0.0,1,1,1,1,1,0,1,1,1,0
votivo,0.0,0,0,0,0,0,0,1,0,0,0
voto,0.5,1,0,1,0,0,0,1,1,0,0
vudú,-0.5,0,1,0,0,0,0,0,0,0,0
vulgar,-0.5,0,1,0,0,0,0,1,1,0,1
vulgaridad,-0.5,0,1,0,1,1,0,0,0,0,1
vulnerabilidad,-0.4,0,1,0,1,0,1,0,0,0,0
vulnerable,-0.4,0,0,0,0,0,0,0,0,0,0
vástago,0.5,1,0,0,0,0,0,0,0,0,0
vértigo,-0.5,0,1,0,0,0,1,0,0,0,0
víbora,-0.5,0,1,0,0,0,1,0,0,0,0
víctima,-0.6,0,1,0,1,1,1,0,0,0,0
víctimas,-0.6,0,0,0,0,0,0,0,0,0,0
víctimas mortales,-0.6,0,0,0,0,0,0,0,0,0,0
víctor,0.5,1,0,1,0,0,0,0,0,0,0
vívida,0.5,1,0,1,0,0,0,0,0,0,0
vívido,0.5,1,0,1,0,0,0,0,0,0,0
vómito,0.0,0,0,0,0,0,0,0,0,0,1
wen,-0.5,0,1,0,0,0,0,0,0,0,0
whisky,-0.5,0,1,0,0,0,0,0,0,0,0
winwin,0.6,0,0,0,0,0,0,0,0,0,0
wis,0.5,1,0,0,0,0,0,0,0,0,0
wooa,0.8,0,0,0,0,0,0,0,0,0,0
woohoa,0.6,0,0,0,0,0,0,0,0,0,0
woohoo,0.6,0,0,0,0,0,0,0,0,0,0
wooo,0.8,0,0,0,0,0,0,0,0,0,0
woow,0.8,0,0,0,0,0,0,0,0,0,0
wop,0.0,0,0,0,0,1,0,0,0,0,0
wot,0.5,1,0,0,0,0,0,1,0,0,0
wowow,0.8,0,0,0,0,0,0,0,0,0,0
wowww,0.8,0,0,0,0,0,0,0,0,0,0
wtf,-0.8,0,0,0,0,0,0,0,0,0,0
xenofobia,-0.5,0,1,0,0,0,1,0,0,0,0
yeees,0.4,0,0,0,0,0,0,0,0,0,0
zona de las calmas ecuatoriales,-0.5,0,1,0,1,0,0,0,0,0,0
zoquete,-0.5,0,1,0,0,0,0,0,0,0,0
zorra,-0.5,0,1,0,0,0,0,0,0,0,0
zumbada,-0.5,0,1,0,0,0,0,0,0,0,0
zumbado,-0.5,0,1,0,0,0,0,0,0,0,0
zumbida,0.0,1,1,0,0,0,1,0,1,0,0
zumbido,0.0,1,1,0,0,0,1,0,1,0,0
zurcidura,0.5,1,0,0,0,0,0,0,0,0,0
ábaco,0.0,0,0,0,0,0,0,1,0,0,0
ácaro,-0.5,0,1,0,0,0,0,0,0,0,1
ácida,-0.5,0,1,0,0,0,0,0,0,0,0
ácido,-0.5,0,1,0,0,0,0,0,0,0,0
áfida,-0.5,0,1,0,0,0,0,0,0,0,1
áfido,-0.5,0,1,0,0,0,0,0,0,0,1
ágil,0.5,1,0,0,0,0,0,0,0,0,0
águila,0.0,0,0,0,0,0,0,1,0,0,0
ángel,0.5,1,0,1,0,0,0,1,1,1,0
ánima,0.4,0,0,0,0,0,0,0,0,0,0
ánimo,0.4,1,1,1,0,1,0,1,1,0,0
ántrax,-0.5,0,1,0,1,0,1,0,0,0,1
árbitro,0.5,1,0,0,0,0,0,1,0,0,0
árbol,0.5,1,0,1,0,1,0,1,1,1,1
árbol genealógico,0.5,1,0,0,0,0,0,1,0,0,0
árida,-0.5,0,1,0,1,0,0,0,0,0,0
árido,-0.5,0,1,0,1,0,0,0,0,0,0
áspid,0.0,0,0,0,0,0,1,0,0,0,0
átomo,0.5,1,0,0,0,0,0,0,0,0,0
ávida,0.4,0,0,0,0,0,0,0,0,0,0
ávido,0.4,0,0,0,0,0,0,0,0,0,0
élite,0.5,1,0,1,0,0,0,1,1,0,0
épico,0.5,1,0,0,0,0,0,0,0,0,0
ética,0.4,1,0,0,0,0,0,0,0,0,0
ético,0.4,1,0,0,0,0,0,0,0,0,0
éxita,0.4,0,0,0,0,0,0,0,0,0,0
éxito,0.4,1,0,1,0,0,0,0,1,0,0
éxito de taquilla,0.6,0,0,0,0,0,0,0,0,0,0
éxtasis,0.4,1,0,1,0,0,0,0,1,0,0
ídolo,0.5,1,0,0,0,0,0,0,0,0,0
íncubo,-0.5,0,1,0,0,0,1,0,0,0,1
íntimamente,0.0,0,0,1,0,0,1,0,1,0,0
íntimo,0.5,1,0,1,0,0,0,1,1,0,0
ópera,0.5,1,0,1,1,1,1,1,1,1,0
úlcera,-0.5,0,1,0,1,1,1,0,0,0,1
último,0.0,0,0,0,1,0,0,0,1,0,0
único,0.5,1,0,0,0,0,0,0,0,1,0
útil,0.4,0,0,0,0,0,0,0,0,0,0
